CustomerID,frequency,recency,T,monetary_value,expected_purchases_6_months,6_months_clv,segment
12747,15.0,363.0,732.0,250.60533333333333,0.0012916631881567805,0.3170588624002272,low
12748,89.0,370.0,735.0,199.33067415730338,1.5417057157174014e-20,2.979846906428371e-18,low
12749,2.0,122.0,521.0,986.79,0.043960502791683814,45.97817142370998,champions
12820,6.0,337.0,734.0,266.48,0.0401323231563006,10.671929081606262,high
12823,9.0,285.0,679.0,88.0,0.005512534629156979,0.48061474678523075,low
12826,5.0,356.0,721.0,204.566,0.09261284217234722,19.041992685571334,high
12835,36.0,309.0,736.0,159.43055555555554,1.9733415584031694e-10,3.060381933216109e-08,low
12836,9.0,349.0,738.0,362.7211111111111,0.012895891389016173,4.617348845448141,medium
12838,8.0,219.0,592.0,276.45875,0.005118846316204683,1.4013899657260191,low
12839,12.0,365.0,732.0,340.03416666666664,0.005609869894713782,1.8735946015466998,low
12840,2.0,237.0,674.0,548.22,0.08156478624878406,47.45450712838233,champions
12841,16.0,150.0,519.0,196.626875,2.9728742832516623e-06,0.0005725241548059587,low
12843,17.0,344.0,726.0,198.78588235294117,0.0002527697805603195,0.04915706551022977,low
12849,3.0,210.0,591.0,518.06,0.06644805622255011,35.39683975782194,champions
12853,3.0,245.0,672.0,457.06666666666666,0.05891572828585374,27.69485542086602,champions
12854,3.0,167.0,728.0,381.49333333333334,0.00986514849006348,3.872420044713059,medium
12855,2.0,30.0,402.0,114.985,0.01336349986546546,1.652542216048344,low
12857,3.0,247.0,683.0,608.3833333333333,0.05571073771413196,34.833973779748874,champions
12863,4.0,210.0,589.0,227.8,0.041244775321712175,9.53372081135137,high
12867,5.0,326.0,723.0,716.808,0.056256540143767964,40.42462391846494,champions
12868,2.0,19.0,392.0,169.47500000000002,0.010133047559239092,1.8373869760024228,low
12870,2.0,249.0,624.0,686.445,0.12953632044117327,94.30789644155571,champions
12872,10.0,371.0,736.0,268.588,0.014991894061118012,3.968160266692359,medium
12875,2.0,226.0,697.0,132.0,0.061524486391536896,8.711186173177381,high
12877,7.0,289.0,690.0,159.46,0.015215979998540234,2.4137870907690857,medium
12889,3.0,121.0,502.0,95.35000000000001,0.0263903426956961,2.6155114597903864,medium
12891,7.0,201.0,659.0,48.714285714285715,0.002084946703165017,0.10181627125396356,low
12908,2.0,250.0,630.0,66.0,0.12592927643551383,9.04088484663878,high
12909,2.0,229.0,653.0,320.205,0.08482185600865218,28.894930515285843,champions
12910,3.0,242.0,621.0,495.5,0.08489670821253573,43.2576778246995,champions
12913,8.0,370.0,738.0,214.68875,0.03254892040089807,6.921594584095775,medium
12915,2.0,217.0,589.0,302.4,0.11297232832841263,36.36043123034703,champions
12916,2.0,242.0,684.0,577.87,0.0812309364179476,49.80695582115048,champions
12917,3.0,330.0,730.0,391.0333333333333,0.11557595463349313,46.49834144814048,champions
12921,28.0,372.0,738.0,661.9917857142857,2.6526515909663955e-06,0.0017096747419768675,low
12924,6.0,337.0,730.0,127.795,0.04192712545086459,5.360409400713824,medium
12926,3.0,314.0,725.0,386.9166666666667,0.09947121346531117,39.59938166735179,champions
12928,5.0,171.0,549.0,346.68,0.014676846762437155,5.107909358514824,medium
12931,30.0,358.0,738.0,286.3113333333333,3.613973035332104e-07,0.00010072395134192005,low
12932,6.0,128.0,667.0,200.38666666666668,0.00038327401242612167,0.07670796357727684,low
12933,3.0,349.0,729.0,308.0366666666667,0.14302206420924296,45.36650147420755,champions
12935,6.0,232.0,607.0,266.6166666666667,0.01883495278312488,5.012135767721641,medium
12937,4.0,273.0,736.0,344.12,0.032839767917443946,11.448577076955656,high
12939,9.0,317.0,696.0,271.3333333333333,0.010467667435361611,2.804900566080015,medium
12949,10.0,354.0,736.0,954.918,0.009530668162726767,8.959826928728386,high
12951,8.0,312.0,698.0,247.66875000000002,0.014521945961367431,3.5616899978605403,medium
12956,2.0,40.0,724.0,180.41000000000003,0.0013333777168100564,0.2570505066067554,low
12957,3.0,187.0,728.0,1193.8266666666666,0.014516536506395604,17.792169453194614,high
12960,3.0,248.0,661.0,301.2,0.06715316314005913,20.83193365125234,high
12963,4.0,154.0,519.0,257.22,0.02551243363233559,6.656600822108608,medium
12970,2.0,355.0,735.0,408.78,0.17900973479238635,77.742769734008,champions
12971,30.0,358.0,724.0,124.531,6.322055207851611e-07,7.668354771136771e-05,low
12972,3.0,248.0,661.0,230.56333333333336,0.06715316314005913,15.966694415885158,high
12975,4.0,297.0,733.0,404.265,0.04961456682021544,20.311533919468285,high
12976,5.0,287.0,665.0,380.552,0.051011481412414836,19.48003396375156,high
12978,4.0,344.0,729.0,389.31,0.10092749823672438,39.79360455201028,champions
12980,11.0,351.0,737.0,172.14545454545453,0.005368199321615342,0.9097986359620371,low
12982,6.0,212.0,606.0,275.3833333333333,0.011378204719087697,3.127165203484855,medium
12986,6.0,259.0,687.0,329.92833333333334,0.013428405102454917,4.419383725913013,medium
12987,2.0,268.0,688.0,235.58999999999997,0.10605654822181258,26.6359826291247,champions
12989,14.0,305.0,729.0,124.99142857142859,0.0002480194232762551,0.030424073466833238,low
12990,3.0,202.0,619.0,143.0,0.04560267954657389,6.747532377709225,medium
12993,2.0,214.0,659.0,337.65999999999997,0.06742045781344848,24.21155964342038,champions
12997,3.0,218.0,612.0,293.69,0.06321316164002361,19.12417241256683,high
12998,2.0,161.0,653.0,296.14,0.03231241441922304,10.184926199382538,high
13001,19.0,332.0,736.0,644.2947368421053,3.756246464761003e-05,0.02363212063985461,low
13004,17.0,338.0,724.0,334.6117647058823,0.00020408163251564004,0.06677688664952759,low
13012,2.0,163.0,592.0,464.55,0.05156909188599816,25.442448213714247,champions
13013,15.0,354.0,725.0,448.6213333333333,0.0010721296892153077,0.47091356163395737,low
13015,4.0,165.0,603.0,562.875,0.01330222543250431,7.578849274082207,medium
13018,3.0,235.0,648.0,548.32,0.06131075348613181,34.560210544209525,champions
13019,5.0,354.0,733.0,194.99,0.08011931327168527,15.70465215342878,high
13021,7.0,360.0,734.0,291.0214285714286,0.041451682307229946,11.981952306211966,high
13026,3.0,238.0,726.0,137.38,0.035046152411596344,4.982790017311358,medium
13027,12.0,303.0,688.0,302.5,0.0016485249560504731,0.4898938426165455,low
13031,4.0,147.0,554.0,610.4825,0.014380800081940839,8.885995631701602,high
13032,3.0,68.0,460.0,422.1033333333333,0.009627702093842186,4.182130044150828,medium
13037,7.0,337.0,736.0,388.67,0.0251959456477503,9.722325824796874,high
13039,3.0,138.0,722.0,282.6433333333334,0.005573220808937875,1.6226929507879715,low
13041,3.0,139.0,589.0,180.99,0.01727124583769369,3.22869118128066,medium
13042,2.0,134.0,732.0,445.02,0.011949927448359448,5.647786532193336,medium
13044,9.0,208.0,700.0,448.25777777777773,0.00031531726943717544,0.13949994113566724,low
13047,11.0,350.0,723.0,455.35636363636365,0.006627637774739999,2.9676033365588204,medium
13048,4.0,245.0,681.0,454.005,0.032833021143415436,15.092418033064694,high
13050,17.0,358.0,724.0,357.1047058823529,0.000483882522794481,0.1689656831986945,low
13052,4.0,234.0,654.0,563.6475,0.034494969082197124,19.678571395267884,high
13057,2.0,101.0,631.0,151.29999999999998,0.012229380682614477,1.9813386620315248,low
13059,7.0,205.0,618.0,213.38285714285715,0.004174358355774078,0.885485590168853,low
13065,4.0,174.0,547.0,216.87,0.029892827944538236,6.580071564133515,medium
13069,12.0,174.0,543.0,317.325,0.00014518775584433644,0.04527148400467947,low
13070,2.0,273.0,732.0,184.35,0.08585587821773055,16.909016836914525,high
13074,3.0,212.0,723.0,213.4,0.023507554364100996,5.175036319728831,medium
13077,7.0,362.0,728.0,298.0,0.04639060418757697,13.730669877797535,high
13078,30.0,372.0,738.0,459.386,9.545369947798449e-07,0.0004267842058000159,low
13080,2.0,208.0,609.0,76.175,0.08754144253152492,7.227241061123915,medium
13081,16.0,360.0,731.0,1607.493125,0.0007251419654785688,1.1399760896516016,low
13082,8.0,293.0,717.0,237.2425,0.006841441335883186,1.6073988688497973,low
13085,2.0,59.0,738.0,675.55,0.002125263359690466,1.5225722865645206,low
13089,67.0,369.0,737.0,668.2697014925374,1.9134581115877463e-15,1.2404997749889067e-12,low
13090,10.0,129.0,494.0,217.704,0.00018981933093326553,0.040757645997679275,low
13092,6.0,253.0,667.0,202.39999999999998,0.014802158413040532,2.992156932363562,medium
13093,36.0,362.0,735.0,895.6130555555555,2.1730421704032877e-08,1.8921594788408485e-05,low
13097,12.0,350.0,738.0,538.0541666666667,0.0031404685747293192,1.6590892852160768,low
13101,2.0,183.0,681.0,205.3,0.03773886638606445,8.269174381044705,medium
13102,13.0,217.0,582.0,332.7623076923077,0.00025150749964912935,0.082131611684464,low
13104,2.0,238.0,653.0,215.82,0.0945186282225021,21.76292848370373,champions
13107,4.0,260.0,673.0,675.9775,0.0460496214235278,31.496066938162468,champions
13110,4.0,301.0,738.0,274.955,0.050588073360989895,14.1009132295227,high
13113,13.0,255.0,621.0,297.5876923076923,0.0005781255426071415,0.16883807416946364,low
13115,5.0,220.0,599.0,488.004,0.02687823723808951,13.158052214858039,high
13117,11.0,258.0,623.0,136.69818181818184,0.0019829862072351374,0.2670620525099862,low
13118,3.0,63.0,439.0,327.0433333333333,0.010405595249132118,3.5052957216043685,medium
13126,5.0,281.0,647.0,286.752,0.055259676381952595,15.911624668714099,high
13131,2.0,250.0,668.0,794.53,0.09860390935732195,83.0554256189378,champions
13136,4.0,356.0,731.0,779.465,0.1161054675016255,91.54471688820763,champions
13137,7.0,116.0,502.0,464.02,0.0010120845157487878,0.4663443045921541,low
13140,2.0,125.0,491.0,269.83,0.059925975558131,17.225866562151992,high
13141,10.0,345.0,730.0,480.09800000000007,0.008189554487034444,3.8723361379547865,medium
13145,3.0,227.0,599.0,66.0,0.08140026394387795,5.615334474863359,medium
13148,10.0,343.0,732.0,458.071,0.007503595819206733,3.385322989928361,medium
13152,6.0,277.0,694.0,277.6516666666667,0.01859095111087018,5.150741275527912,medium
13154,2.0,336.0,735.0,637.0699999999999,0.15360898315401006,103.7971787171417,champions
13155,2.0,123.0,491.0,272.725,0.05772647114346186,16.77041627620622,high
13156,2.0,291.0,676.0,396.31,0.14391572921573906,60.607971713039774,champions
13157,3.0,232.0,641.0,1234.98,0.061965434209530414,78.57227668402385,champions
13162,11.0,355.0,735.0,531.0818181818181,0.006249183876690048,3.263066966202223,medium
13173,8.0,362.0,729.0,246.98,0.030792901525476864,7.531031411460601,medium
13174,7.0,366.0,735.0,862.4557142857144,0.04612558749324426,39.46471197092255,champions
13178,9.0,326.0,723.0,846.8811111111112,0.00886442628047537,7.4056970884196165,medium
13183,5.0,241.0,635.0,409.53000000000003,0.028306237334291818,11.63150614019995,high
13190,2.0,188.0,732.0,149.05,0.02929383550236058,4.675724308378449,medium
13192,2.0,151.0,686.0,460.86,0.021848616628257364,10.692694021007394,high
13196,2.0,174.0,617.0,535.5450000000001,0.05108562017241462,29.039115976247317,champions
13199,24.0,368.0,734.0,164.01208333333332,1.820780379703634e-05,0.0029125746271972744,low
13201,3.0,140.0,642.0,306.4866666666667,0.011105025663860553,3.5052597099483354,medium
13202,6.0,336.0,730.0,210.01666666666668,0.04114749695370833,8.628930986167209,high
13203,5.0,336.0,722.0,284.298,0.06697899790233873,19.11938646571507,high
13206,11.0,332.0,732.0,645.5718181818182,0.00329094887327752,2.0886201970680833,low
13208,2.0,287.0,736.0,352.355,0.09706549935524597,36.3627189184936,champions
13209,4.0,170.0,684.0,464.67,0.006777492078600087,3.188442506605741,medium
13211,5.0,352.0,733.0,203.96,0.07767856855402068,15.923983197924294,high
13213,5.0,185.0,568.0,400.838,0.016739305561501876,6.733554357364624,medium
13214,6.0,229.0,646.0,269.43333333333334,0.010639696596397337,2.860955763447195,medium
13223,3.0,242.0,665.0,94.44,0.0595207493752547,5.841795260887951,medium
13225,7.0,301.0,722.0,593.657142857143,0.01345542895594416,7.926722976852386,medium
13230,16.0,266.0,631.0,204.555,0.00012945461989181237,0.02592778375988552,low
13239,3.0,65.0,502.0,320.56666666666666,0.005557787514408153,1.8350190576501777,low
13240,3.0,287.0,652.0,306.0433333333333,0.12235725133421071,38.56540607484051,champions
13242,3.0,217.0,668.0,104.0,0.0392041279819341,4.232168074252477,medium
13246,4.0,132.0,525.0,315.5825,0.013431559351908784,4.296724692739049,medium
13249,5.0,283.0,684.0,124.32000000000001,0.0388121587466806,4.86142002951015,medium
13259,5.0,301.0,698.0,198.048,0.04680124133902658,9.317549261613172,high
13263,3.0,20.0,413.0,287.66,0.0027700434466344345,0.8212518646253122,low
13266,6.0,309.0,722.0,334.205,0.026556534168980104,8.852569359482922,high
13267,13.0,366.0,732.0,370.1207692307692,0.003668820601661272,1.3320913467123559,low
13269,8.0,368.0,737.0,402.67875,0.031576308307154105,12.581677141947225,high
13276,2.0,245.0,642.0,476.15,0.11011170062204428,55.67237794980711,champions
13277,2.0,159.0,539.0,129.0,0.07246222194571122,10.032280560490666,high
13278,2.0,211.0,610.0,297.71500000000003,0.09039919331131105,28.64630389978321,champions
13280,2.0,265.0,644.0,514.785,0.13517614101730613,73.86849357514015,champions
13287,2.0,101.0,704.0,258.605,0.007385870095324937,2.034693290888354,low
13288,4.0,223.0,666.0,105.9125,0.02496634556794867,2.695464533372053,medium
13291,9.0,252.0,666.0,309.1622222222222,0.002449326445850464,0.7477175758264621,low
13292,2.0,111.0,526.0,102.56,0.0339764279906463,3.7537668339469854,medium
13293,5.0,276.0,668.0,189.168,0.04016754166064327,7.639994135820683,medium
13295,2.0,200.0,576.0,297.135,0.09959001190975794,31.499328028131195,champions
13296,4.0,154.0,577.0,145.94,0.01336327420517255,1.983512055946198,low
13297,2.0,157.0,542.0,584.05,0.06854174814810819,42.48355205860316,champions
13304,2.0,214.0,669.0,304.86,0.06312171686473567,20.47779940397179,high
13305,6.0,267.0,639.0,223.01166666666666,0.0287783772932461,6.4082433264087655,medium
13313,5.0,258.0,737.0,301.22200000000004,0.01388503148782106,4.198770503696625,medium
13316,5.0,247.0,639.0,493.392,0.030737094772150704,15.211954940680176,high
13317,10.0,341.0,726.0,347.524,0.007810080960427552,2.6739623480266825,medium
13319,23.0,368.0,733.0,452.995652173913,3.1064250013029566e-05,0.01372063069167849,low
13324,5.0,135.0,563.0,452.55,0.00432058573395387,1.9618182719837793,low
13327,11.0,356.0,721.0,475.9945454545455,0.008187337961822303,3.8320187825457372,medium
13329,4.0,369.0,735.0,728.84,0.13228341155033474,97.53391821805586,champions
13330,2.0,199.0,654.0,511.34000000000003,0.05693664821767037,30.905782167053843,champions
13333,2.0,247.0,658.0,426.78000000000003,0.10158018226723994,46.05358277008532,champions
13338,2.0,162.0,703.0,575.75,0.023494787032457113,14.352878553028848,high
13340,3.0,238.0,655.0,870.4066666666668,0.060669665363883116,54.24116074322884,champions
13346,4.0,134.0,596.0,63.375,0.006493904125333792,0.4220433312427997,low
13357,2.0,133.0,627.0,827.6700000000001,0.02385767373239309,20.933028570701488,high
13360,3.0,269.0,700.0,267.0333333333333,0.06704841068841068,18.44884460476103,high
13362,2.0,47.0,425.0,747.435,0.017972992662329445,14.25000097787667,high
13373,2.0,318.0,733.0,1743.5100000000002,0.13285628035857297,245.23296659013286,champions
13381,5.0,359.0,738.0,866.5720000000001,0.08250508390675498,71.65860018647709,champions
13382,3.0,303.0,731.0,303.18333333333334,0.08340585432732248,26.04106712832962,champions
13384,3.0,110.0,500.0,482.63000000000005,0.02055148762350656,10.202633979706697,high
13393,3.0,149.0,732.0,351.6966666666667,0.006581827320994798,2.3824556057498523,medium
13394,10.0,359.0,738.0,376.83500000000004,0.01056940851871511,3.9234900244042055,medium
13397,4.0,251.0,688.0,313.935,0.03430453921056386,10.913748826756114,high
13399,2.0,55.0,519.0,87.75,0.009511597598867865,0.901848009431911,low
13402,2.0,192.0,564.0,311.65,0.09757869994019223,32.36201195499424,champions
13405,2.0,243.0,724.0,219.25,0.06412919685559852,14.997094046548629,high
13407,2.0,83.0,661.0,430.34000000000003,0.006566532854544143,3.0017931606050707,medium
13408,36.0,364.0,735.0,465.91638888888895,2.5630840672815897e-08,1.1611454764321928e-05,low
13410,3.0,338.0,731.0,232.59333333333333,0.12542891671943146,30.08107140858379,champions
13413,3.0,48.0,687.0,116.64666666666666,0.0005725979368024766,0.06923863872926594,low
13414,2.0,140.0,603.0,262.49,0.03226463976326564,9.022200728995974,high
13415,2.0,256.0,728.0,158.625,0.07286315555431343,12.367902910862998,high
13417,2.0,122.0,669.0,212.28,0.014410641617772868,3.264028611792724,medium
13418,12.0,356.0,728.0,415.31749999999994,0.004561379204788484,1.860403024681804,low
13421,3.0,257.0,663.0,468.95,0.07526809552367786,36.299541669008406,champions
13426,10.0,348.0,730.0,366.61400000000003,0.008897442342787205,3.2133803268607,medium
13427,2.0,245.0,722.0,163.965,0.0664822903239389,11.660336304554988,high
13431,4.0,253.0,659.0,410.6625,0.04642685744462375,19.30857187360723,high
13433,3.0,195.0,696.0,151.30666666666667,0.02149730581094349,3.3636140718429965,medium
13434,2.0,270.0,655.0,337.20000000000005,0.13284700200008007,47.64269872393483,champions
13440,2.0,28.0,451.0,25.275,0.007656413362875642,0.21995417575080975,low
13442,2.0,71.0,738.0,110.935,0.002921812051573958,0.3485864449070807,low
13443,5.0,229.0,677.0,205.25799999999998,0.0138038646970936,2.8479368657111963,medium
13446,10.0,233.0,663.0,317.27,0.0006958806667448472,0.21755466535912668,low
13448,6.0,360.0,733.0,728.94,0.061621772730250865,44.75738132567973,champions
13450,6.0,229.0,603.0,289.5133333333333,0.01840359468416708,5.316980027733022,medium
13451,5.0,247.0,628.0,668.866,0.03473484848623398,23.295360949577358,champions
13455,4.0,364.0,730.0,388.06000000000006,0.12944884082732985,50.87542739844308,champions
13461,2.0,190.0,597.0,678.8000000000001,0.07459144032030766,53.704713382481685,champions
13462,3.0,315.0,725.0,276.8433333333333,0.10065844239402578,28.70874105267697,champions
13464,3.0,224.0,618.0,706.54,0.0661373885067611,48.016180966221434,champions
13466,2.0,220.0,628.0,221.57,0.08961806333616616,21.180321637764273,high
13468,35.0,368.0,736.0,210.52342857142858,5.751092088605044e-08,1.1777343081635403e-05,low
13473,4.0,150.0,724.0,309.6875,0.002885788436506103,0.9056650488016091,low
13476,2.0,238.0,644.0,291.1,0.10023941808209379,31.0616694182518,champions
13477,3.0,228.0,683.0,310.9633333333333,0.04160510558565929,13.32276666213872,high
13478,3.0,208.0,677.0,609.8633333333333,0.03137005571395114,19.662374351018414,high
13481,4.0,361.0,735.0,428.77,0.11977832803583434,52.0009679749175,champions
13485,7.0,360.0,736.0,337.14,0.04046168654472341,13.545786007571776,high
13488,7.0,316.0,683.0,848.0628571428571,0.031068648330161232,26.140794736653653,champions
13491,17.0,360.0,732.0,183.52,0.00043288167954780776,0.07772552155359136,low
13495,5.0,364.0,732.0,509.99799999999993,0.09413626831374913,48.14759582509051,champions
13497,4.0,301.0,669.0,188.8325,0.09215142884659533,17.66973319671953,high
13503,2.0,182.0,661.0,338.16,0.04249457581949121,15.282784661957487,high
13506,3.0,91.0,460.0,251.12,0.01907112996081415,4.938408632494193,medium
13510,5.0,343.0,718.0,500.006,0.07789556603499953,39.06231841327834,champions
13512,2.0,196.0,583.0,154.44,0.08968850954465138,14.829793063407262,high
13514,2.0,254.0,682.0,153.9,0.09444703844951878,15.560478690528953,high
13527,4.0,269.0,687.0,544.3575000000001,0.04723559260295025,26.02486687729237,champions
13531,3.0,370.0,736.0,314.34,0.16870139742843926,54.602094138277806,champions
13534,7.0,141.0,520.0,236.84857142857143,0.002080513527421063,0.48984165721183986,low
13538,4.0,279.0,675.0,302.2325,0.06205686436488247,19.00954592145465,high
13539,3.0,170.0,590.0,201.51,0.03266434100607517,6.793823334279322,medium
13542,16.0,353.0,729.0,238.64749999999998,0.0005733449718928594,0.1339248883214811,low
13544,2.0,233.0,644.0,172.865,0.0944668656603271,17.4594121560513,high
13552,5.0,230.0,658.0,404.63800000000003,0.01730695261026505,7.026658612664257,medium
13554,5.0,66.0,446.0,306.446,0.0016741999062837287,0.5153178661615448,low
13555,6.0,311.0,689.0,594.8466666666667,0.04020948958002612,23.838760983031666,champions
13557,9.0,316.0,731.0,241.7444444444444,0.006013112214481549,1.4357484210286553,low
13561,8.0,252.0,649.0,185.92000000000002,0.005818011977321392,1.0719357936409364,low
13562,3.0,293.0,694.0,661.0833333333334,0.0962321275318903,65.37108980044995,champions
13564,23.0,369.0,737.0,664.7965217391304,2.891729261729446e-05,0.018741862543560563,low
13566,2.0,205.0,639.0,274.11,0.06841403548360302,19.970528607292977,high
13567,2.0,113.0,541.0,334.71500000000003,0.031284575581896984,11.139277309181027,high
13569,2.0,61.0,428.0,142.31,0.025818489940357844,3.93899642102563,medium
13571,13.0,349.0,731.0,179.72923076923078,0.002114738343890432,0.3731630572122618,low
13573,2.0,258.0,637.0,254.70999999999998,0.13127354446889553,35.62614269342514,champions
13576,10.0,358.0,731.0,328.96999999999997,0.011496687988881996,3.726208222185562,medium
13577,6.0,343.0,725.0,280.7366666666667,0.04951251407795811,13.869213710276652,high
13579,3.0,290.0,659.0,229.48333333333335,0.12043373214502552,28.501640090488525,champions
13585,2.0,208.0,738.0,335.895,0.03755201783967225,13.414041298606522,high
13589,3.0,284.0,733.0,141.81333333333333,0.06442958328788587,9.453331679102067,high
13590,10.0,363.0,738.0,393.92600000000004,0.011762597377195327,4.564253534507925,medium
13591,3.0,290.0,725.0,307.87,0.07384574668636848,23.411311208015686,champions
13593,7.0,260.0,647.0,425.65142857142865,0.01309761155766526,5.534936587034515,medium
13595,2.0,130.0,646.0,135.265,0.01970876714339396,2.858785792862702,medium
13598,2.0,156.0,651.0,171.34,0.03016376895689259,5.526177180272533,medium
13599,8.0,372.0,738.0,485.83000000000004,0.03399323142304386,16.338346386268817,high
13602,2.0,179.0,560.0,213.45,0.08362100901501901,19.04681808033399,high
13610,6.0,316.0,703.0,116.37666666666667,0.037830336307070896,4.4067590424271685,medium
13611,6.0,362.0,736.0,301.6333333333334,0.061792780409761355,18.59436367467605,high
13613,2.0,208.0,660.0,285.925,0.06185451129910966,18.828191036161265,high
13615,6.0,281.0,680.0,802.9483333333334,0.02390129990842494,19.122597655868077,high
13617,4.0,87.0,495.0,155.5925,0.004889097773702545,0.7735116169549276,low
13623,4.0,357.0,737.0,297.07,0.11203382486184331,33.731525544884306,champions
13629,7.0,253.0,666.0,226.28571428571428,0.00843017486789299,1.8959527915888357,low
13632,2.0,217.0,611.0,580.345,0.09692824994874027,59.69144706969892,champions
13634,8.0,322.0,698.0,395.3125,0.018594934258426107,7.274253329809766,medium
13635,2.0,296.0,738.0,765.08,0.10499054381316163,85.15768728764657,champions
13641,2.0,94.0,734.0,353.885,0.005206026963754911,1.9587120439858288,low
13643,6.0,349.0,731.0,220.12166666666667,0.05174104614578385,11.370982455412669,high
13647,2.0,109.0,603.0,447.53,0.017795137044925146,8.459009982526762,medium
13648,6.0,338.0,738.0,249.33,0.03914817192714089,9.741765004482628,high
13649,4.0,161.0,527.0,251.3175,0.02759982298967598,7.036464914707178,medium
13650,3.0,308.0,682.0,310.51,0.12621153386179368,40.35676710690749,champions
13652,2.0,284.0,652.0,540.905,0.15562606493104694,89.34201437026776,champions
13654,4.0,357.0,737.0,842.1725000000001,0.11203382486184331,95.43156575837301,champions
13655,3.0,217.0,591.0,274.82,0.07447860252361452,21.091490864130552,high
13658,3.0,289.0,672.0,790.2566666666667,0.10780410902437232,87.51682219288628,champions
13659,8.0,244.0,660.0,360.59375,0.0038911473602515575,1.3887550847814865,low
13662,3.0,273.0,658.0,350.6266666666667,0.09750347565544108,35.190193087255906,champions
13663,3.0,266.0,646.0,426.07666666666665,0.0974629582821755,42.71868480649089,champions
13665,2.0,118.0,504.0,539.425,0.04694503787651321,26.883315310958626,champions
13668,13.0,345.0,728.0,398.0730769230769,0.001954925458219528,0.7633717054053484,low
13679,2.0,242.0,735.0,77.23,0.059269042428514336,4.95846566446313,medium
13680,7.0,264.0,735.0,757.1271428571429,0.004632651609760754,3.479895677560698,medium
13684,2.0,231.0,621.0,126.44,0.10750076758592358,14.590249429264485,high
13693,8.0,358.0,732.0,229.78375,0.02705581196194666,6.157177646519944,medium
13694,48.0,362.0,735.0,1181.9277083333334,3.121254226588832e-11,3.582327606311052e-08,low
13696,2.0,245.0,666.0,380.0,0.0943189843913113,38.094527753358975,champions
13700,2.0,253.0,670.0,147.17,0.10070769519672121,15.875366981145017,high
13705,4.0,251.0,624.0,240.20499999999998,0.06257368224239801,15.247389959145707,high
13709,3.0,251.0,697.0,318.9866666666667,0.0530760387858753,17.43242740570035,high
13711,6.0,318.0,724.0,235.61666666666667,0.031085570188686434,7.3111901279946165,medium
13713,2.0,175.0,583.0,246.74,0.0663742401928468,17.455101319899338,high
13715,12.0,266.0,638.0,523.8733333333333,0.001125448631279036,0.5790059985914141,low
13719,5.0,178.0,571.0,274.27200000000005,0.013447004287744164,3.7043928125077272,medium
13722,3.0,226.0,646.0,815.3533333333334,0.054159551698909396,45.36321499082789,champions
13723,3.0,219.0,611.0,229.70666666666668,0.0647869378050746,15.3483140518233,high
13727,3.0,119.0,730.0,205.42333333333332,0.0033522571611072876,0.7105477458193425,low
13728,9.0,343.0,730.0,189.33666666666667,0.012451820312875577,2.3296880418386396,low
13729,2.0,249.0,684.0,183.425,0.08812533844499802,17.27074457517323,high
13734,2.0,94.0,602.0,164.51999999999998,0.012981522215333231,2.284810959534857,low
13735,7.0,350.0,726.0,902.1685714285715,0.03732628934999518,33.40614685834961,champions
13736,3.0,308.0,733.0,439.27666666666664,0.08744825717269818,39.50861018539114,champions
13740,3.0,322.0,737.0,311.1766666666667,0.10046582078914658,32.19091520498122,champions
13748,4.0,365.0,738.0,208.75,0.12293787776467302,26.044617068228014,champions
13750,5.0,237.0,617.0,214.34,0.031811755960004184,6.8532314413250965,medium
13753,2.0,138.0,736.0,355.555,0.012541913091580573,4.7409009513494444,medium
13756,9.0,357.0,724.0,335.50111111111113,0.019343020374995946,6.406727141174512,medium
13758,8.0,372.0,738.0,546.19625,0.03399323142304386,18.366489884237936,high
13760,2.0,189.0,593.0,280.815,0.07569236084277711,22.633445521929293,champions
13761,2.0,154.0,656.0,258.11,0.02817774344641513,7.748248859742612,medium
13762,3.0,105.0,698.0,411.92,0.003013610516721661,1.277036249012874,low
13767,30.0,369.0,738.0,479.3713333333334,7.770724615984364e-07,0.0003625487943838098,low
13769,9.0,356.0,723.0,280.62888888888887,0.019151896271083706,5.3072338522552895,medium
13770,3.0,308.0,730.0,158.87666666666667,0.08932499352824125,14.669286757291077,high
13771,3.0,119.0,652.0,692.1633333333333,0.006250246053347585,4.44532245574508,medium
13772,3.0,254.0,654.0,478.3500000000001,0.07741321628902664,38.08091645468708,champions
13777,23.0,371.0,737.0,372.5695652173913,3.220485988957988e-05,0.011699809127138257,low
13778,2.0,74.0,565.0,246.72,0.010767908032482997,2.8316009994723492,medium
13782,6.0,280.0,733.0,125.45333333333333,0.012754959995730319,1.600987810689721,low
13783,3.0,186.0,673.0,140.12,0.021892298476126844,3.17433801768258,medium
13784,2.0,16.0,450.0,29.125000000000004,0.00504366773316613,0.16544058940822787,low
13785,2.0,32.0,460.0,231.13,0.008033305641393707,1.980423133195932,low
13786,5.0,369.0,736.0,443.2900000000001,0.097650495506087,43.421550084625316,champions
13787,3.0,236.0,694.0,249.70666666666668,0.04330775488225012,11.146920996042159,high
13795,3.0,249.0,637.0,181.4,0.08252610051690662,15.46097782211609,high
13797,2.0,211.0,647.0,412.48,0.07021250094917537,30.770888794543144,champions
13798,46.0,359.0,731.0,469.5039130434783,8.674114173089889e-11,3.95571382046504e-08,low
13799,6.0,200.0,644.0,240.97166666666666,0.005047068741803731,1.2141044838169717,low
13802,14.0,287.0,661.0,956.6578571428571,0.0005167316231003483,0.4843010563367029,low
13807,2.0,368.0,735.0,157.125,0.1974228080535672,33.197407980418994,champions
13819,2.0,69.0,738.0,439.95000000000005,0.0027752126823642562,1.296734944628457,low
13820,2.0,262.0,680.0,213.26500000000001,0.10446163483924388,23.769186444008117,champions
13821,3.0,311.0,704.0,238.8166666666667,0.11149071897387147,27.450838406353853,champions
13823,4.0,344.0,724.0,495.0725,0.10516527984849512,52.70222899116798,champions
13824,6.0,258.0,637.0,226.55999999999997,0.024023906727306765,5.434435396802241,medium
13831,12.0,360.0,729.0,194.85416666666666,0.005075994205206619,0.9721436902780705,low
13835,2.0,126.0,645.0,68.125,0.018398685763818007,1.3622278769752842,low
13838,3.0,210.0,579.0,346.53999999999996,0.0738296916175376,26.339841704351993,champions
13842,7.0,295.0,661.0,268.59285714285716,0.025689502111608597,6.855288858507053,medium
13848,5.0,364.0,730.0,66.0,0.09592641993144682,6.412188990257697,medium
13849,2.0,227.0,624.0,710.85,0.10039650634982195,75.6844502546288,champions
13851,3.0,300.0,679.0,528.8333333333334,0.11724299323138716,63.74247671888866,champions
13854,13.0,335.0,700.0,195.23923076923077,0.002412609233341439,0.4624279191428571,low
13855,3.0,231.0,731.0,322.75,0.030249664660438692,10.05160686382018,high
13856,7.0,156.0,619.0,88.33571428571429,0.00079927142156098,0.07043696265415812,low
13857,4.0,178.0,571.0,197.65,0.025203878444821737,5.058130511211063,medium
13863,2.0,128.0,593.0,314.625,0.027907820304869088,9.34302403936281,high
13869,5.0,310.0,691.0,749.9280000000001,0.05888367479616505,44.267392505874916,champions
13870,5.0,282.0,669.0,372.32,0.04454751105056405,16.64423418726104,high
13871,3.0,291.0,719.0,309.53333333333336,0.07812665907282992,24.901946244584348,champions
13872,2.0,198.0,725.0,333.725,0.0353954964801429,12.562658217800614,high
13873,4.0,263.0,646.0,124.94250000000001,0.06229818419006973,7.9240771918673145,medium
13874,5.0,169.0,673.0,252.95,0.003275139984372961,0.8321434457328479,low
13875,7.0,335.0,722.0,372.4271428571428,0.02867109151052667,10.601779665119103,high
13878,2.0,57.0,604.0,264.175,0.005087847489241625,1.4317868666763425,low
13880,4.0,195.0,562.0,236.58,0.04026722209859831,9.66551699536954,high
13881,15.0,270.0,645.0,922.0026666666668,0.00019867171342766537,0.17931651804638654,low
13883,7.0,246.0,649.0,473.46285714285716,0.008799888953421611,4.135927066659939,medium
13884,3.0,94.0,470.0,282.79333333333335,0.01855805629652487,5.408528478903202,medium
13888,2.0,171.0,575.0,638.3,0.06629598462355699,44.893640832408,champions
13889,4.0,304.0,686.0,312.5375,0.08287461315965437,26.249031206282485,champions
13890,3.0,359.0,733.0,276.64,0.15431408682275252,43.97923625750446,champions
13891,2.0,204.0,582.0,233.28,0.10055608253641034,25.012606563550854,champions
13900,2.0,235.0,624.0,299.40999999999997,0.11046449593180074,35.20205554660298,champions
13901,6.0,329.0,703.0,412.72166666666664,0.048672993998381694,20.030311819322538,high
13911,9.0,269.0,648.0,158.76,0.005600668120513841,0.8791302101692381,low
13916,3.0,212.0,675.0,284.1033333333333,0.03411063049268818,9.983295205259074,high
13920,3.0,131.0,562.0,394.91,0.018490099512227465,7.5142877521369975,medium
13921,3.0,319.0,721.0,209.3166666666667,0.10851834012008764,23.43521484663799,champions
13929,6.0,278.0,694.0,265.465,0.019004561031124217,5.034748486571177,medium
13931,5.0,344.0,736.0,552.67,0.06656998770796832,36.892827707021816,champions
13935,2.0,56.0,652.0,1275.22,0.0034840361336719587,4.706027550602781,medium
13939,3.0,181.0,612.0,263.6766666666667,0.03320453046263001,9.023285774009716,high
13941,9.0,351.0,723.0,278.15555555555557,0.01690888734677065,4.644431558642953,medium
13946,2.0,359.0,735.0,290.33000000000004,0.18459085877721962,57.04334309747928,champions
13948,2.0,324.0,735.0,145.555,0.13857891334483413,21.606936198517158,champions
13952,8.0,343.0,723.0,954.6225,0.021702073002897424,20.486502166725366,high
13953,4.0,319.0,728.0,66.0,0.07195826488772068,4.866536170443493,medium
13957,2.0,241.0,658.0,177.705,0.09478531185683343,18.003148919145467,high
13958,4.0,355.0,734.0,944.935,0.11187732327010773,106.91407555034074,champions
13959,2.0,112.0,511.0,218.0,0.03930262756684022,9.142162518745115,high
13963,13.0,230.0,597.0,157.07692307692307,0.0003270468526691452,0.050460799468808215,low
13965,2.0,227.0,703.0,149.55,0.059992694158474975,9.607753798279681,high
13969,16.0,259.0,624.0,246.371875,0.00010936547707687798,0.026377339265377667,low
13971,5.0,259.0,682.0,328.418,0.024783703383169292,8.170064775486079,medium
13975,5.0,282.0,675.0,456.404,0.04182882164936219,19.15067441366668,high
13976,2.0,162.0,668.0,279.485,0.02964506762980429,8.821791181686692,high
13979,4.0,343.0,736.0,586.6800000000001,0.09403469280355188,55.82673802228652,champions
13980,3.0,217.0,656.0,127.62666666666667,0.04318065427554144,5.7079320460321545,medium
13982,5.0,323.0,688.0,315.746,0.07571266546613016,23.997978726744567,champions
13983,9.0,364.0,730.0,445.9211111111111,0.021020219858377112,9.250725722982356,high
13984,6.0,366.0,732.0,145.13833333333335,0.0691576348405294,10.035919287561113,high
13985,6.0,294.0,668.0,452.31333333333333,0.03634178343576684,16.389043432087895,high
13989,2.0,99.0,563.0,199.15,0.019579370264604542,4.163508417038872,medium
13993,8.0,357.0,736.0,342.7625,0.02507644524057315,8.506809866489402,medium
13995,8.0,342.0,721.0,295.5775,0.021788540825837446,6.375455964474073,medium
13998,2.0,130.0,576.0,151.32500000000002,0.03296448901627917,5.342047934305861,medium
13999,16.0,360.0,734.0,314.29125,0.0006765370754718368,0.20806837154938512,low
14000,3.0,323.0,737.0,331.02666666666664,0.10163942353384132,34.6360864705847,champions
14001,5.0,120.0,493.0,357.688,0.0066885855813844835,2.401853197171838,medium
14006,3.0,124.0,652.0,235.51333333333332,0.007054709123987117,1.713204471424521,low
14021,3.0,218.0,592.0,261.19666666666666,0.07502954879760212,20.198974614682733,high
14025,7.0,119.0,583.0,469.6842857142857,0.0003150711108099727,0.14692028198678475,low
14030,9.0,363.0,729.0,527.9022222222222,0.02081823472824675,10.844649475835348,high
14031,23.0,371.0,736.0,712.0439130434783,3.3230509538617664e-05,0.023067674768890507,low
14032,5.0,359.0,725.0,313.076,0.09330041699752886,29.321618968276884,champions
14035,3.0,206.0,612.0,379.10999999999996,0.05183418253862486,20.223303339175676,high
14037,3.0,254.0,732.0,140.89000000000001,0.04268136932483477,6.221948814509983,medium
14040,20.0,352.0,738.0,413.48999999999995,5.5036325844366733e-05,0.022215083616677837,low
14044,4.0,266.0,684.0,564.9775,0.04614295793577567,26.384329908206233,champions
14045,11.0,327.0,700.0,177.0909090909091,0.004928140077661905,0.8592149222028294,low
14047,7.0,304.0,676.0,340.8257142857143,0.025956872809008935,8.78549502561631,high
14049,5.0,230.0,617.0,1309.308,0.0273116332388406,35.83639609455258,champions
14051,13.0,370.0,736.0,357.19615384615383,0.003869421224277124,1.3558960078022062,low
14057,4.0,355.0,736.0,508.03499999999997,0.1100820545707694,56.60703198359627,champions
14060,10.0,272.0,638.0,257.711,0.004251363638806253,1.0799514626541884,low
14061,2.0,231.0,738.0,122.5,0.05082148865932454,6.6848297528841005,medium
14062,10.0,355.0,729.0,829.019,0.010945505859299418,8.933898463683416,high
14063,6.0,45.0,731.0,302.69,4.1938259307488155e-06,0.001266404797975998,low
14064,8.0,257.0,687.0,184.125,0.0038555047654830975,0.7034690788360358,low
14065,2.0,42.0,431.0,290.075,0.014581947378290997,4.5045579109066205,medium
14068,2.0,74.0,677.0,387.375,0.004716696023524656,1.9417915401495165,low
14078,3.0,248.0,621.0,89.35333333333334,0.09264095937860996,8.6096823574955,high
14080,3.0,324.0,737.0,274.5566666666667,0.10282245637877228,29.084384824597077,champions
14081,6.0,360.0,729.0,610.5216666666666,0.06434536940569442,39.14999383655311,champions
14083,2.0,350.0,721.0,163.03,0.18556486140672213,32.36278628151871,champions
14085,13.0,363.0,731.0,402.1023076923077,0.003388152003127016,1.3364025058905293,low
14092,9.0,349.0,723.0,332.5266666666667,0.016080294830492673,5.278906147370724,medium
14099,8.0,354.0,729.0,282.45375,0.025744461745237344,7.198960163964662,medium
14101,6.0,233.0,621.0,368.28999999999996,0.01611993772028563,5.9215097282013405,medium
14104,2.0,171.0,560.0,199.28,0.07423278818920838,15.795721750191236,high
14105,3.0,313.0,721.0,1338.6466666666668,0.10111903044584483,138.95621242115925,champions
14107,3.0,282.0,730.0,670.27,0.06411308653974233,44.15451459233962,champions
14110,19.0,303.0,738.0,330.968947368421,8.09996034765774e-06,0.002618537326378141,low
14112,4.0,203.0,654.0,471.47249999999997,0.018701484359022358,8.926964092335236,high
14113,10.0,356.0,731.0,264.539,0.01089291678438965,2.8398312223190283,medium
14114,4.0,211.0,606.0,165.95250000000001,0.03536102583600974,5.963470902380272,medium
14122,2.0,331.0,737.0,136.36,0.1456359738704766,21.29101200413638,high
14127,2.0,45.0,425.0,353.625,0.0169405682094591,6.372383173676479,medium
14129,3.0,180.0,579.0,347.40000000000003,0.043637794334670424,15.60692962474317,high
14130,2.0,353.0,728.0,495.525,0.18294985429784172,96.23811136995582,champions
14134,10.0,347.0,729.0,795.229,0.00879477057582954,6.885980161218319,medium
14135,10.0,370.0,737.0,317.447,0.014375886585315948,4.496328174943763,medium
14136,4.0,331.0,731.0,317.0075,0.08318642085931702,26.72189436706904,champions
14139,2.0,52.0,542.0,163.32999999999998,0.007204081683987648,1.2590105157345457,low
14145,2.0,151.0,610.0,270.375,0.03710060086946929,10.68380275658924,high
14146,4.0,312.0,695.0,1025.0525,0.08617702328987983,89.33405446691529,champions
14147,4.0,252.0,640.0,205.975,0.05458973623412516,11.413450245765025,high
14152,3.0,272.0,659.0,355.24666666666667,0.09546989600878422,34.90859491117036,champions
14154,4.0,314.0,695.0,1004.26,0.08871187027543889,90.09808759559263,champions
14157,2.0,257.0,646.0,208.525,0.1225874467739179,27.280193928596656,champions
14159,7.0,357.0,736.0,375.8142857142857,0.03809817443890789,14.215312447026815,high
14160,6.0,88.0,698.0,439.055,5.300071208042434e-05,0.0232010036536697,low
14161,4.0,357.0,726.0,425.8075,0.1224553313424075,52.79725492893968,champions
14167,3.0,217.0,681.0,189.9,0.03535734644954142,6.931906539867864,medium
14170,2.0,20.0,395.0,220.565,0.010176392097434244,2.3954007078572523,medium
14172,2.0,37.0,642.0,136.20999999999998,0.002122605032316189,0.31001023871351324,low
14175,4.0,209.0,627.0,880.53,0.027523238731532184,24.515028227189884,champions
14177,5.0,270.0,651.0,239.37800000000001,0.04289062172526637,10.314969001116188,high
14180,8.0,176.0,548.0,172.1975,0.002396399016454658,0.40909964925288406,low
14182,3.0,153.0,596.0,161.92333333333332,0.021948423786464867,3.673727534748169,medium
14186,4.0,217.0,644.0,336.5725,0.02736802544344079,9.333526831077883,high
14194,9.0,310.0,702.0,730.1588888888889,0.007880696266275128,5.677055094015951,medium
14195,2.0,195.0,634.0,132.0,0.06169570137692501,8.736143628523143,high
14198,4.0,303.0,703.0,183.26999999999998,0.07036892034011227,13.096881842156147,high
14199,2.0,107.0,530.0,261.525,0.030287340172060227,8.439407123216878,medium
14201,2.0,179.0,588.0,114.075,0.06791243850374856,8.329448750322076,medium
14202,2.0,243.0,624.0,283.955,0.12113724937351268,36.62296299274947,champions
14204,2.0,315.0,737.0,268.15999999999997,0.12642438684122106,36.10416855335379,champions
14205,5.0,248.0,642.0,316.39,0.030364995874560496,9.644794286079193,high
14209,8.0,301.0,686.0,329.92375,0.013019071736166975,4.251646355639438,medium
14210,9.0,331.0,702.0,369.7522222222222,0.01387999456278319,5.066206191686876,medium
14211,6.0,319.0,730.0,326.29833333333335,0.02966673381508699,9.655714947922386,high
14215,3.0,363.0,731.0,395.70666666666665,0.1627680599174239,66.26464336640622,champions
14217,6.0,161.0,527.0,151.135,0.007691170419990584,1.162455582897545,low
14221,6.0,163.0,612.0,430.38166666666666,0.0025249996401766057,1.0836649144487283,low
14224,4.0,154.0,544.0,106.0625,0.019181505982667033,2.0742544857733494,low
14225,3.0,262.0,696.0,463.3066666666667,0.06266712703633553,29.858416091312915,champions
14227,3.0,255.0,669.0,859.0566666666667,0.06980221692862074,61.59222392995838,champions
14228,2.0,109.0,546.0,324.725,0.027700357434291126,9.570250140159068,high
14229,2.0,68.0,471.0,268.9,0.020610109662005622,5.904402531090459,medium
14233,2.0,179.0,644.0,477.475,0.04561793237569853,23.128252685019156,champions
14235,2.0,121.0,619.0,599.475,0.020127747062426538,12.80241584473086,high
14236,3.0,133.0,505.0,210.2166666666667,0.03383425165024218,7.340518988494756,medium
14239,9.0,303.0,734.0,191.45222222222225,0.004011387128639065,0.7588781823036043,low
14243,7.0,111.0,476.0,325.98285714285714,0.001278746872995542,0.4141663112970114,low
14247,3.0,147.0,551.0,150.51333333333332,0.029266638818616256,4.55647451131021,medium
14249,7.0,269.0,679.0,732.0942857142857,0.010734415728242755,7.797583663252869,medium
14257,3.0,268.0,648.0,518.73,0.09857533926478482,52.574081157826846,champions
14258,13.0,340.0,735.0,807.4399999999999,0.001433258401712975,1.1347844121837753,low
14264,3.0,232.0,611.0,233.60333333333335,0.07941553499647078,19.131317189650638,high
14275,4.0,212.0,607.0,177.385,0.03571402577658234,6.435584111142965,medium
14276,2.0,253.0,660.0,337.525,0.1072982804913371,38.51683113718626,champions
14282,10.0,295.0,662.0,233.23200000000003,0.0058354586512520314,1.3416938481614669,low
14283,3.0,106.0,569.0,131.79666666666665,0.009394548093864785,1.2821987864811115,low
14285,3.0,218.0,731.0,348.83666666666664,0.024483825306752704,8.790723572486534,high
14286,2.0,331.0,735.0,1120.245,0.14724727475749705,174.73963286938192,champions
14290,2.0,318.0,731.0,462.54,0.13435541943035115,65.98866517505071,champions
14291,6.0,350.0,730.0,601.7566666666667,0.053262875257786335,31.94219190084184,champions
14292,4.0,220.0,630.0,530.5350000000001,0.033271870330479486,17.868282198470524,high
14293,4.0,361.0,729.0,370.9175,0.12570261413772618,47.22605126213559,champions
14295,2.0,292.0,730.0,652.53,0.10568618157191209,73.1429801817229,champions
14298,19.0,353.0,728.0,1818.4468421052632,0.0001279850853320691,0.22721856776308919,low
14299,16.0,372.0,737.0,352.440625,0.001012584424202837,0.3491903283084134,low
14301,2.0,250.0,666.0,486.155,0.09986429851558208,51.54642041867868,champions
14302,2.0,307.0,737.0,264.35,0.11738636270414027,33.050114135002524,champions
14306,3.0,299.0,677.0,66.0,0.11755441927094439,8.108455352206661,medium
14307,4.0,359.0,732.0,454.40250000000003,0.11964776997196659,55.04301806637356,champions
14312,4.0,126.0,504.0,173.3425,0.014571070506607445,2.566671165512261,medium
14316,3.0,208.0,630.0,299.0,0.04604137338743902,14.179487588182115,high
14320,2.0,141.0,687.0,326.37,0.0182092493120356,6.321516428385937,medium
14322,3.0,230.0,659.0,101.43333333333334,0.0519327739072444,5.469606714556392,medium
14327,4.0,318.0,700.0,313.665,0.08999228548170786,28.605392432609484,champions
14329,7.0,348.0,723.0,652.49,0.03716860328306951,24.06437385158099,champions
14334,3.0,143.0,568.0,429.79333333333335,0.02287652506127575,10.115424333208894,high
14341,6.0,318.0,738.0,333.87,0.02663821434559625,8.870717904753747,high
14343,3.0,269.0,690.0,280.53000000000003,0.07229642080774502,20.893898855940062,high
14344,13.0,259.0,626.0,159.88846153846154,0.000613608045747213,0.09636059311425767,low
14355,2.0,262.0,627.0,269.455,0.14602904122088484,41.90861515869162,champions
14370,4.0,226.0,676.0,188.73250000000002,0.02410096043285528,4.618797825066389,medium
14388,8.0,316.0,688.0,395.73375,0.01847911767285322,7.2367549904920585,medium
14389,2.0,166.0,590.0,307.075,0.054882418367285135,17.93541314304786,high
14390,3.0,53.0,425.0,356.1933333333334,0.008750937678063024,3.2097692800336604,medium
14395,10.0,228.0,600.0,410.53099999999995,0.0018101908146480156,0.7321678876126779,low
14396,4.0,366.0,737.0,280.8175,0.12547100667614286,35.71697973331255,champions
14399,7.0,280.0,674.0,225.52857142857144,0.015080371328802258,3.3802217781448585,medium
14401,8.0,301.0,725.0,252.04375,0.007552355192363942,1.8848916663342004,low
14404,6.0,350.0,719.0,196.45666666666668,0.06007384865847174,11.787120410347153,high
14408,3.0,261.0,732.0,308.0,0.04724846545609014,14.985350504962625,high
14409,3.0,199.0,567.0,299.93,0.06832324126354464,21.10906948504136,high
14415,9.0,344.0,723.0,630.71,0.014167097556415245,8.816104727876557,high
14420,2.0,295.0,691.0,424.425,0.13674884264867307,61.65486304883456,champions
14421,3.0,179.0,691.0,188.50333333333333,0.016621719208089105,3.2348812868357935,medium
14422,12.0,348.0,722.0,465.6225,0.0039534356292704196,1.807623831836657,low
14425,2.0,303.0,737.0,219.145,0.11301283740994596,26.415967976795706,champions
14426,6.0,242.0,645.0,1088.1883333333333,0.014878112157318279,16.12966933457927,high
14431,2.0,308.0,687.0,638.505,0.15791306876719555,106.95118508817777,champions
14437,4.0,218.0,583.0,132.59,0.05140647965055898,6.936666365228584,medium
14440,7.0,372.0,737.0,413.21999999999997,0.05062302872450329,20.76594907728252,high
14441,6.0,316.0,690.0,372.0933333333333,0.04389038297429026,16.28710102436225,high
14449,3.0,64.0,436.0,435.93,0.011131741559625674,4.9936958223290615,medium
14450,3.0,231.0,610.0,149.70333333333335,0.0788708752989819,12.21248844630805,high
14451,9.0,302.0,691.0,282.3233333333333,0.007463656589371137,2.0808481143001525,low
14454,4.0,357.0,733.0,206.5025,0.11570949063637805,24.25068165271722,champions
14455,3.0,63.0,495.0,137.32333333333332,0.005603554793865797,0.7966774660289884,low
14460,5.0,328.0,724.0,100.14,0.05760059211251787,5.819605188007969,medium
14461,8.0,308.0,690.0,538.11375,0.014703011057410273,7.827127551353384,medium
14465,7.0,273.0,701.0,293.6742857142857,0.008923461465789942,2.602995435447068,medium
14466,6.0,354.0,726.0,352.2,0.05977883517043163,20.997999072062353,high
14467,7.0,348.0,737.0,216.37714285714284,0.031331468186502315,6.73792639072575,medium
14469,3.0,263.0,679.0,540.0600000000001,0.07234890361456628,40.167598536970125,champions
14477,2.0,268.0,704.0,99.0,0.09620475549485931,10.263807068914995,high
14478,3.0,356.0,738.0,330.1266666666666,0.14476545136088778,49.198642938035604,champions
14479,2.0,368.0,733.0,314.48,0.19948521650199538,66.7410877704284,champions
14480,2.0,316.0,718.0,358.31000000000006,0.14200678668612143,54.09406042284925,champions
14481,2.0,270.0,677.0,591.5,0.1158949793088716,72.73260856160333,champions
14482,3.0,91.0,470.0,391.22,0.01708196112802364,6.878688473125503,medium
14484,2.0,321.0,722.0,156.805,0.1451368929841674,24.35656691978279,champions
14489,2.0,175.0,612.0,330.35,0.0537558775115738,18.8900628808062,high
14492,6.0,189.0,619.0,279.43333333333334,0.005070977930223546,1.4141152481989332,low
14493,4.0,251.0,641.0,542.19,0.053131806521963885,29.159063373226306,champions
14496,5.0,260.0,633.0,241.62399999999997,0.04285718578131304,10.403637203035961,high
14498,4.0,149.0,550.0,381.1075,0.01582058563788921,6.108356340519878,medium
14499,3.0,95.0,469.0,322.93333333333334,0.019281650854985007,6.413538555505935,medium
14505,7.0,326.0,730.0,739.2885714285715,0.02140165284742211,15.69782750601098,high
14506,2.0,230.0,599.0,445.15000000000003,0.1233569502538892,58.32817676754931,champions
14507,4.0,351.0,729.0,431.0875,0.11064937519427051,48.29713565534534,champions
14512,4.0,349.0,732.0,197.5275,0.10519631785615349,21.093448065292414,high
14513,2.0,132.0,568.0,30.479999999999997,0.03638076585112443,1.2452130720256949,low
14514,5.0,290.0,726.0,537.614,0.028922885638752192,15.593083684930265,high
14515,4.0,163.0,550.0,362.5925,0.02234705761019159,8.210090671444702,medium
14522,3.0,89.0,684.0,189.86333333333332,0.0021780998162650813,0.4269389281200735,low
14525,7.0,298.0,726.0,416.88,0.011936499786895677,4.939832067771704,medium
14527,67.0,372.0,737.0,257.6061194029851,2.9713108264356417e-15,7.426569696287378e-13,low
14530,9.0,291.0,687.0,336.8588888888889,0.0057969137021157465,1.9279062005168246,low
14532,6.0,287.0,698.0,416.5133333333333,0.022058306813259546,9.160953287184928,high
14533,3.0,203.0,610.0,241.65,0.050103307581423465,12.48352396269247,high
14534,7.0,237.0,634.0,206.31285714285715,0.00846403418804694,1.7360436934283545,low
14535,5.0,258.0,653.0,530.986,0.03307454322939777,17.613695897466048,high
14538,2.0,153.0,683.0,237.495,0.023065716610011486,5.83943669009636,medium
14540,7.0,353.0,732.0,362.8542857142857,0.03688136851752911,13.28748498882927,high
14541,5.0,285.0,701.0,167.12,0.033847487215807236,5.690236558548368,medium
14543,20.0,358.0,738.0,311.127,7.387018714079606e-05,0.02243908992627069,low
14546,5.0,357.0,733.0,415.31800000000004,0.08389481738701188,34.955055029087504,champions
14548,3.0,249.0,733.0,225.60333333333335,0.03934121791221971,9.152982760184226,high
14549,2.0,317.0,737.0,155.54500000000002,0.12874385828424817,21.43360661387531,champions
14551,2.0,270.0,681.0,274.115,0.1130778093988132,33.00696542298793,champions
14553,2.0,98.0,509.0,249.51,0.029859414664926413,7.940966215131807,medium
14555,3.0,340.0,721.0,566.9466666666667,0.13728195642692734,79.99936064642107,champions
14556,2.0,92.0,688.0,245.37,0.006728515707313993,1.759455408627824,low
14558,2.0,77.0,731.0,137.925,0.003553216783560692,0.5253410149556296,low
14560,17.0,358.0,737.0,196.05058823529413,0.000352436686462864,0.06759637210203592,low
14562,6.0,280.0,670.0,251.72833333333332,0.026328525982743333,6.615200885740352,medium
14569,2.0,151.0,603.0,94.07000000000001,0.0390488459025889,3.962946921279969,medium
14572,2.0,204.0,621.0,1201.1200000000001,0.07637260373104829,97.17820058764204,champions
14573,3.0,328.0,700.0,246.6,0.13938821865922307,35.43253033279751,champions
14577,2.0,334.0,728.0,148.75,0.1569637956917692,25.004027969956756,champions
14583,2.0,238.0,621.0,238.18,0.11670621079476022,29.632969278476146,champions
14584,3.0,239.0,660.0,170.90666666666667,0.05918761615098994,10.45120422002581,high
14585,3.0,34.0,416.0,163.3166666666667,0.0048078924772933344,0.8119357277330439,low
14590,18.0,308.0,732.0,150.97222222222223,2.2988773514075472e-05,0.0033943831672620965,low
14593,5.0,333.0,730.0,533.876,0.05902593589128537,31.601305730183775,champions
14597,2.0,58.0,437.0,524.8,0.021802182947260267,12.149626283728825,high
14605,2.0,357.0,731.0,361.445,0.1856815019861656,71.34546999449954,champions
14606,91.0,370.0,736.0,201.24153846153845,4.579868358279926e-21,8.936502442768817e-19,low
14607,6.0,257.0,724.0,661.6883333333333,0.008377083417986998,5.523676814299059,medium
14608,5.0,354.0,733.0,150.524,0.08011931327168527,12.137062011627815,high
14609,5.0,278.0,668.0,76.99199999999999,0.041733735211609245,3.249356446472249,medium
14615,4.0,154.0,548.0,162.0275,0.018342908617928807,3.0210169012502317,medium
14618,2.0,170.0,546.0,266.415,0.08139564461840239,23.100851550911642,champions
14621,3.0,172.0,683.0,231.28666666666666,0.015469297463559592,3.6894280172511853,medium
14623,4.0,222.0,602.0,227.5375,0.045721228600652836,10.55608235702428,high
14624,3.0,189.0,604.0,112.56333333333333,0.04124428244067087,4.815120971657322,medium
14625,7.0,349.0,723.0,424.7642857142857,0.037939694068790435,15.997696762006125,high
14626,6.0,334.0,729.0,315.02500000000003,0.04006268244259513,12.589695659238604,high
14628,2.0,241.0,683.0,473.455,0.08078513372623612,40.61243999252583,champions
14631,2.0,101.0,487.0,332.38,0.0385303838032094,13.625505275390568,high
14634,3.0,104.0,541.0,148.27333333333334,0.011657500688735877,1.788183154375775,low
14639,2.0,253.0,661.0,624.5,0.106617985179655,70.63322669290669,champions
14640,3.0,277.0,686.0,418.6000000000001,0.08302958937795461,35.753714278355616,champions
14643,2.0,111.0,728.0,266.5,0.007809113108398528,2.2164327733982883,low
14644,3.0,322.0,736.0,240.78666666666666,0.10116714501341566,25.11242329358205,champions
14648,12.0,313.0,729.0,346.2066666666667,0.001080502391587581,0.36741455458931604,low
14649,4.0,306.0,688.0,456.35,0.08388427643458436,38.75761801909313,champions
14651,5.0,237.0,631.0,178.328,0.0271637137838812,4.872017950177202,medium
14653,3.0,224.0,737.0,386.40333333333336,0.02584625235012266,10.275610195830472,high
14655,2.0,208.0,596.0,380.07,0.0959034384218488,38.74541587296051,champions
14656,2.0,188.0,603.0,192.975,0.06944906409541682,14.313628267286123,high
14662,2.0,309.0,736.0,268.43,0.12028867063462918,34.386320991406315,champions
14667,28.0,372.0,737.0,434.2642857142857,2.753350253754794e-06,0.0011642416243297672,low
14669,2.0,104.0,737.0,575.37,0.006362648854413925,3.8842107811377478,medium
14673,2.0,42.0,409.0,555.575,0.018199593968227762,10.735432218655841,high
14676,5.0,245.0,639.0,827.8,0.0294734824923493,24.457965367583693,champions
14679,2.0,350.0,731.0,409.75,0.17587051498295656,76.56017976022123,champions
14680,35.0,364.0,735.0,663.548,4.373451701454718e-08,2.8219089634265947e-05,low
14681,2.0,266.0,653.0,128.47500000000002,0.12905115322630922,17.79209859332873,high
14682,3.0,244.0,672.0,358.59666666666664,0.058043267817686955,21.422586239976106,champions
14685,4.0,150.0,726.0,707.0675,0.0028350564850350506,2.027976061503097,low
14688,7.0,83.0,456.0,246.35142857142858,0.0004871309704042384,0.11930304642337199,low
14692,7.0,237.0,617.0,139.75,0.010760118414926332,1.4968394337594395,low
14693,5.0,100.0,525.0,154.41000000000003,0.002151287223754322,0.3343836684294338,low
14699,2.0,90.0,525.0,175.505,0.021843058905374944,4.098820240421781,medium
14701,3.0,242.0,684.0,493.75333333333333,0.05129144274063937,26.040426545713615,champions
14702,12.0,364.0,729.0,239.0275,0.005747257424723186,1.3498312979478226,low
14708,2.0,87.0,455.0,261.97,0.03784227508249719,10.564018757091537,high
14709,10.0,355.0,734.0,370.909,0.010108296156949581,3.693392537076823,medium
14710,8.0,357.0,736.0,161.69125,0.02507644524057315,4.019058933678476,medium
14713,10.0,371.0,736.0,251.98199999999997,0.014991894061118012,3.723163120364764,medium
14714,2.0,280.0,687.0,298.825,0.12086119195979471,38.43719284550883,champions
14715,3.0,247.0,689.0,189.98000000000002,0.05318913666387549,10.43213205295449,high
14723,5.0,364.0,735.0,160.1,0.09151773903583064,14.74134554554484,high
14732,9.0,338.0,730.0,282.9477777777778,0.010949377575029832,3.0592146477555353,medium
14733,3.0,35.0,402.0,961.5933333333332,0.005941386644520797,5.870611118105979,medium
14734,3.0,126.0,551.0,286.02000000000004,0.018270366768927446,5.384246180841047,medium
14735,19.0,347.0,735.0,273.0826315789474,7.986626637813974e-05,0.021306060848985866,low
14739,18.0,370.0,737.0,353.15833333333336,0.00035894395078493117,0.12387891416590194,low
14740,7.0,243.0,652.0,366.7357142857143,0.007786313946060653,2.8355390793622455,medium
14744,6.0,204.0,570.0,354.74333333333334,0.014856268908497328,5.257430107199449,medium
14745,5.0,136.0,637.0,187.25,0.0018549771794692488,0.34927659732923233,low
14746,2.0,17.0,423.0,98.1,0.006827492620722395,0.7222635719348169,low
14748,5.0,277.0,645.0,274.602,0.052358882708633,14.439274822297204,high
14754,3.0,265.0,690.0,184.46,0.06840340221762095,13.028866218062024,high
14755,10.0,355.0,736.0,450.15200000000004,0.009792850377956344,4.341800166833992,medium
14758,2.0,214.0,610.0,469.20500000000004,0.09395446213181965,46.81528873869358,champions
14766,5.0,185.0,551.0,545.926,0.020685234724963357,11.327429866761447,high
14769,8.0,333.0,723.0,515.93375,0.017155960651686918,8.756394228446672,high
14770,5.0,185.0,652.0,362.88800000000003,0.006297869260022328,2.2936359130187602,low
14776,3.0,59.0,446.0,294.09999999999997,0.008407821269787308,2.5480524094176324,medium
14790,5.0,354.0,728.0,294.55,0.0840195251309403,24.846054939590804,champions
14794,2.0,85.0,487.0,177.27499999999998,0.027019419199370114,5.121138606013423,medium
14796,10.0,359.0,725.0,259.571,0.012997466362807254,3.324981649536622,medium
14798,4.0,267.0,648.0,90.8,0.06537625590199439,6.060151999021089,medium
14800,4.0,66.0,435.0,712.8825,0.0049690101380578415,3.5856175809357604,medium
14805,2.0,217.0,621.0,176.405,0.09049632726688414,17.064962149206803,high
14810,2.0,60.0,429.0,159.595,0.024889563264338395,4.252477304411054,medium
14813,2.0,241.0,610.0,238.10000000000002,0.12999517869760985,32.9967162154361,champions
14817,4.0,232.0,627.0,520.3725,0.04310402116643312,22.706006262747813,champions
14818,2.0,189.0,647.0,202.055,0.05180641481415951,11.174289572381646,high
14820,4.0,297.0,677.0,158.8,0.0807888656523686,13.039296935101392,high
14821,4.0,310.0,676.0,281.425,0.09884182036923465,28.19959886541739,champions
14824,5.0,258.0,637.0,412.73999999999995,0.03939056446894874,16.31282713694567,high
14825,12.0,244.0,612.0,203.08916666666667,0.0007993591665942829,0.1595848474955692,low
14828,9.0,344.0,732.0,510.59777777777776,0.012403388543140563,6.249526059302433,medium
14829,2.0,64.0,436.0,324.695,0.025845752784440255,8.930748146772405,high
14837,4.0,242.0,684.0,380.885,0.03024402469978278,11.667852172419664,high
14839,2.0,286.0,704.0,245.11,0.11595210761348507,30.28812017498639,champions
14841,7.0,363.0,737.0,464.92571428571426,0.04243693257404441,19.583362742383734,high
14844,3.0,176.0,606.0,654.0466666666667,0.0318307104733574,21.39581411646989,champions
14849,10.0,325.0,698.0,719.051,0.007815371989109258,5.533517307668033,medium
14850,2.0,151.0,568.0,486.86,0.05076503135071273,26.24475115667714,champions
14852,6.0,220.0,644.0,472.9166666666667,0.008653745238288654,4.080257752491511,medium
14853,2.0,182.0,605.0,154.35000000000002,0.06275747467441387,10.370477385558143,high
14854,3.0,296.0,686.0,408.3233333333333,0.10599297761646358,44.52489654038334,champions
14855,2.0,136.0,610.0,1575.675,0.02851799906147604,47.58570058420378,champions
14857,2.0,192.0,634.0,817.6300000000001,0.05913455677697187,51.25694102305552,champions
14861,7.0,351.0,731.0,148.56285714285715,0.03584134388315424,5.298124860952845,medium
14865,2.0,366.0,738.0,23.16,0.19152175390567328,5.071125986471976,medium
14866,5.0,78.0,444.0,321.504,0.0028784271138587846,0.9294120830205119,low
14867,11.0,339.0,734.0,180.43272727272728,0.003941681476535232,0.7001328284302918,low
14868,2.0,40.0,420.0,312.08500000000004,0.01530545755542368,5.084648768020046,medium
14869,3.0,335.0,723.0,569.4866666666667,0.12824130712048062,75.06491897439166,champions
14870,3.0,270.0,683.0,385.51666666666665,0.07729119776482034,30.66020471857748,champions
14871,4.0,245.0,738.0,148.105,0.019774041607663096,2.9775987235223598,medium
14872,2.0,150.0,633.0,229.90999999999997,0.03091859991272891,7.579983886212256,medium
14878,11.0,280.0,656.0,197.97545454545454,0.0023269134533790603,0.4534810337238264,low
14882,9.0,229.0,619.0,203.30555555555554,0.002472233404676622,0.496689597929518,low
14895,12.0,346.0,729.0,925.6325,0.0032576174980931544,2.9599772324523657,medium
14896,6.0,368.0,733.0,220.94333333333336,0.07081731158514862,15.621206115035626,high
14897,3.0,315.0,724.0,486.5,0.10137187308237099,50.70931104490246,champions
14898,8.0,365.0,736.0,232.91500000000002,0.029960677019821004,6.910929747627476,medium
14901,4.0,132.0,498.0,173.75,0.018480872144639966,3.2630331914533124,medium
14905,5.0,362.0,736.0,210.06799999999998,0.08797998139947492,18.573820010379055,high
14907,6.0,235.0,602.0,394.99500000000006,0.021664464783155007,8.5346161912251,medium
14909,2.0,226.0,663.0,526.0899999999999,0.07655345817071092,42.747747788586125,champions
14913,3.0,97.0,485.0,723.0133333333333,0.01712923982866612,12.728583986454987,high
14915,7.0,361.0,736.0,183.47285714285712,0.04127733671904704,7.53027370756894,medium
14916,3.0,186.0,617.0,228.23333333333335,0.03489168669247161,8.21318716033491,medium
14918,5.0,206.0,610.0,642.262,0.017059070119958497,10.9866725366542,high
14942,3.0,328.0,729.0,169.60333333333332,0.1137824975791995,19.937538806506566,high
14944,4.0,271.0,660.0,638.455,0.06247542581403201,40.36279400799484,champions
14947,3.0,236.0,624.0,145.45666666666668,0.075731669664022,11.396269940067643,high
14949,3.0,252.0,721.0,142.84666666666666,0.04495715246909122,6.644009190840813,medium
14952,14.0,340.0,736.0,495.38000000000005,0.0008316231939746424,0.40366021554321296,low
14958,2.0,141.0,736.0,135.95,0.013243746083388729,1.930407372457074,low
14961,10.0,356.0,735.0,754.942,0.010222276830735963,7.598314654194399,medium
14962,2.0,45.0,584.0,59.25000000000001,0.004192271109244565,0.2710654497117109,low
14963,5.0,146.0,525.0,298.446,0.00984484361121722,2.9507361180213016,medium
14966,3.0,337.0,724.0,259.48333333333335,0.13017851735551256,34.810472139604755,champions
14967,2.0,295.0,736.0,424.73,0.10516368512336575,47.44576150081756,champions
14970,5.0,254.0,663.0,441.27799999999996,0.027370073973508147,12.11656884087239,high
14978,4.0,160.0,590.0,240.17000000000002,0.013498264540876569,3.2888487057910396,medium
14984,2.0,309.0,697.0,254.45,0.1503675879498423,40.76353047193659,champions
14987,5.0,372.0,737.0,108.14000000000001,0.10109549980625183,11.023779977203004,high
14988,5.0,222.0,602.0,271.5,0.02715705326744944,7.405412519699611,medium
14994,4.0,241.0,623.0,200.78,0.05289795430787922,10.78235351207011,high
15002,5.0,329.0,696.0,497.0,0.07715972050698798,38.46222272192549,champions
15003,5.0,209.0,682.0,141.3,0.008259014512207527,1.1749316466848887,low
15005,28.0,372.0,738.0,266.9171428571429,2.6526515909663955e-06,0.0006895527742734385,low
15013,9.0,190.0,677.0,159.35555555555555,0.0002277809614874767,0.03588647173039839,low
15015,10.0,224.0,725.0,222.592,0.00017579240598161118,0.038573427242035024,low
15016,2.0,150.0,543.0,160.825,0.06063217344689796,10.435602689067364,high
15021,3.0,132.0,498.0,208.79,0.03553699187229584,7.65803888072773,medium
15023,8.0,305.0,674.0,574.22375,0.0171392189051763,9.736025343882648,high
15024,5.0,57.0,424.0,325.906,0.001562554736460701,0.5114538055810973,low
15027,4.0,229.0,624.0,281.305,0.04195674227745097,11.966135983781207,high
15028,2.0,26.0,394.0,184.83499999999998,0.012700762422152649,2.5094055732525367,medium
15030,5.0,265.0,645.0,142.296,0.04149745945250224,5.945182868865299,medium
15031,7.0,337.0,731.0,321.06714285714287,0.026781175355724902,8.539118186172946,medium
15032,5.0,363.0,729.0,526.03,0.0953999721727947,50.325741487074225,champions
15034,5.0,191.0,577.0,590.9739999999999,0.017465009062661817,10.351571327145875,high
15038,3.0,56.0,425.0,196.75666666666666,0.009705433881956323,1.9720056209320243,low
15039,41.0,361.0,729.0,410.5695121951219,1.8092944482096116e-09,7.218897971551378e-07,low
15043,4.0,70.0,533.0,187.585,0.0017013359457457799,0.3241580623515409,low
15044,12.0,344.0,723.0,594.9350000000001,0.003412097888133287,1.9930874434419517,low
15046,9.0,269.0,694.0,223.58555555555554,0.002693977471978686,0.5950395637363194,low
15051,5.0,359.0,738.0,382.69,0.08250508390675498,31.680052988812424,champions
15055,2.0,249.0,723.0,152.85,0.06926685542424538,11.33448198330385,high
15057,2.0,291.0,734.0,657.3199999999999,0.10224080126956202,71.27611902235216,champions
15058,4.0,277.0,653.0,239.0625,0.07349878685191034,17.82385434220193,high
15059,8.0,357.0,733.0,239.2,0.02610354392880986,6.183394783223557,medium
15061,40.0,371.0,738.0,721.5755,4.814544866574207e-09,3.3760484916483302e-06,low
15062,3.0,187.0,610.0,337.34333333333336,0.03775043857414513,13.111216575706997,high
15064,3.0,307.0,717.0,293.14000000000004,0.0968056100467573,29.228133040500893,champions
15070,2.0,352.0,724.0,186.025,0.18546076482601082,36.854711596325416,champions
15073,4.0,281.0,681.0,316.4275,0.060708789561261634,19.46715575359551,high
15078,15.0,367.0,735.0,505.8846666666667,0.0014041809247715951,0.6954310747755894,low
15079,5.0,366.0,731.0,314.802,0.09789683967066336,30.935103516168866,champions
15081,7.0,168.0,535.0,169.31714285714287,0.004391961017997303,0.7398600102970225,low
15093,14.0,359.0,731.0,484.84214285714285,0.0018411753911668502,0.874691627339701,low
15095,4.0,267.0,687.0,352.4375,0.045673748014397414,16.307618980074423,high
15100,5.0,335.0,701.0,75.9,0.08094573397625039,6.213545522658357,medium
15101,3.0,75.0,590.0,306.3866666666667,0.003228143049401746,1.0187037898350815,low
15107,3.0,79.0,451.0,182.66666666666666,0.014937784028606205,2.81897245343418,medium
15111,2.0,220.0,592.0,438.29,0.11480004558309129,53.449700712266235,champions
15122,6.0,197.0,619.0,361.6616666666667,0.006370499924572442,2.2981067936632384,low
15123,2.0,212.0,633.0,902.45,0.07819405445011281,74.79257864050842,champions
15125,4.0,139.0,618.0,522.095,0.0059219302332088825,3.1298626311700897,medium
15129,10.0,225.0,610.0,276.588,0.0013391012000084287,0.3650651087513419,low
15141,5.0,164.0,621.0,220.766,0.0050806396859071346,1.1272181748911734,low
15142,3.0,90.0,500.0,561.7199999999999,0.012060737407264812,6.966109714809513,medium
15144,9.0,347.0,726.0,533.2233333333334,0.014623990278233922,7.694699933480919,medium
15159,3.0,36.0,431.0,600.2666666666667,0.0043484442835852195,2.684019991527125,medium
15160,2.0,47.0,421.0,164.9,0.018706650050515864,3.301176062688107,medium
15164,5.0,301.0,690.0,204.83200000000002,0.05076707051769122,10.452121371539068,high
15167,2.0,266.0,673.0,402.2,0.11388857908478223,48.67213193438068,champions
15173,6.0,237.0,617.0,183.09,0.01873829275942749,3.4278463429810992,medium
15179,7.0,344.0,736.0,630.0228571428571,0.0291904882590738,18.2484860496485,high
15180,2.0,222.0,589.0,182.04500000000002,0.12012898745526705,23.370574700674567,champions
15182,4.0,271.0,656.0,418.71500000000003,0.06483171691508395,27.490635060093794,champions
15183,2.0,37.0,584.0,173.95,0.0032736190621657658,0.6088426385549534,low
15186,2.0,222.0,696.0,414.19500000000005,0.058836337140143906,25.890342303936443,champions
15189,4.0,128.0,509.0,190.0175,0.014514736833761893,2.8013430135894657,medium
15192,2.0,314.0,679.0,312.91499999999996,0.1744218543536132,58.0707422701522,champions
15194,12.0,368.0,736.0,358.66,0.005718149635065839,2.0142590174006147,low
15197,2.0,334.0,728.0,293.95,0.1569637956917692,49.10716307799632,champions
15198,2.0,281.0,689.0,135.555,0.12062390750155448,17.53270000615884,high
15199,5.0,201.0,575.0,233.10999999999999,0.02290404344764727,5.365238089102987,medium
15203,7.0,341.0,731.0,330.95714285714286,0.02913800584411664,9.576293980805541,high
15207,2.0,131.0,547.0,137.96,0.04212252669675858,6.230959958401821,medium
15215,3.0,219.0,612.0,372.19,0.06423994720624643,24.607474438244072,champions
15218,10.0,293.0,682.0,450.15299999999996,0.0038880829103982405,1.7239889370004433,low
15221,3.0,271.0,637.0,429.5833333333333,0.11187486483454055,49.43856738658221,champions
15222,9.0,251.0,723.0,265.4611111111111,0.0009823005630993286,0.257517172789005,low
15223,2.0,125.0,734.0,180.0,0.009946455793399303,1.9131580740469825,low
15224,2.0,181.0,693.0,218.69,0.03384187248654057,7.894420341639761,medium
15227,3.0,237.0,633.0,308.07,0.07140195742589006,22.654022935904504,champions
15235,3.0,19.0,388.0,98.20666666666666,0.0036221436012201756,0.3697120880809363,low
15240,6.0,360.0,734.0,361.31333333333333,0.06096044580122543,21.96590157622432,champions
15241,2.0,224.0,654.0,499.04,0.07920383093708241,41.9622502063595,champions
15245,4.0,193.0,595.0,266.385,0.027238800942037275,7.358252858132022,medium
15248,2.0,123.0,534.0,317.51,0.0402709968115155,13.606239556698036,high
15249,4.0,193.0,623.0,449.15500000000003,0.02049327494415869,9.320581744710468,high
15251,8.0,265.0,679.0,818.90875,0.0054422332506938184,4.407706202494935,medium
15252,2.0,190.0,611.0,377.495,0.06750384312738118,27.087375541103277,champions
15253,2.0,183.0,586.0,362.71500000000003,0.07307457636451525,28.181448141726584,champions
15255,6.0,340.0,736.0,406.82166666666666,0.04153164528971796,16.846704128375652,high
15259,2.0,170.0,682.0,325.415,0.0306895260365612,10.623233496393908,high
15260,14.0,361.0,733.0,463.42214285714283,0.00189649882093933,0.8611890793995811,low
15261,2.0,53.0,434.0,190.025,0.01954311417804024,3.968215345594345,medium
15266,3.0,322.0,701.0,173.63666666666666,0.12940605124408922,23.211270800792633,champions
15270,8.0,322.0,722.0,513.43125,0.01333708148951245,6.774262089297785,medium
15271,9.0,126.0,491.0,176.98777777777775,0.00038648439369456304,0.06763668077317886,low
15272,3.0,213.0,663.0,280.6566666666667,0.03818679640081235,11.041473053489508,high
15279,3.0,295.0,675.0,312.6333333333333,0.11360488258456554,36.57347932001866,champions
15281,5.0,49.0,427.0,488.76000000000005,0.0010166412896605269,0.49866110966266297,low
15283,2.0,128.0,518.0,24.375,0.05044136816892031,1.4008513338963928,low
15287,2.0,358.0,737.0,153.57,0.18126357285416264,29.798622842552827,champions
15288,4.0,300.0,665.0,276.14750000000004,0.09410010912728753,26.345430735633194,champions
15290,6.0,260.0,653.0,366.3733333333333,0.020651555366625614,7.546330701199068,medium
15291,24.0,363.0,736.0,242.09583333333333,1.2860980019947012e-05,0.0030357783749092797,low
15296,3.0,267.0,687.0,1722.6666666666667,0.07194998254668004,127.21532102947567,champions
15298,11.0,365.0,731.0,395.8654545454546,0.008942860788985702,3.4814746706606954,medium
15299,3.0,324.0,696.0,110.0,0.1371437302000063,15.648343770982745,high
15301,4.0,82.0,450.0,499.9325,0.007284835365305927,3.6883522668799253,medium
15306,5.0,159.0,659.0,297.118,0.0028831079461265566,0.8600857548529747,low
15309,3.0,125.0,735.0,174.73666666666668,0.003732115275887191,0.6736033355495077,low
15311,109.0,373.0,738.0,377.26192660550464,3.320181805545451e-25,1.2140061250680843e-22,low
15312,7.0,340.0,723.0,240.52714285714288,0.03147609383438696,7.522805751256904,medium
15321,4.0,237.0,674.0,887.44,0.030239880961634193,27.14394484622227,champions
15323,2.0,99.0,661.0,163.2,0.009464509570096605,1.652447270991985,low
15325,5.0,266.0,661.0,245.44400000000002,0.03561369580000996,8.781130084503092,high
15326,3.0,129.0,738.0,360.33666666666664,0.004011002576179974,1.4874126360294317,low
15329,7.0,351.0,725.0,229.3957142857143,0.03856636259857381,8.791733989656162,high
15339,3.0,248.0,669.0,366.97666666666663,0.063055984612959,23.814741112984112,champions
15347,3.0,71.0,437.0,166.38333333333335,0.013747526189995864,2.364746955483867,low
15351,3.0,63.0,432.0,361.42333333333335,0.011290450998372734,4.2017534382958726,medium
15353,5.0,370.0,737.0,422.03599999999994,0.09817695116659847,41.566015031463515,champions
15356,3.0,54.0,422.0,170.70000000000002,0.009390414949297658,1.656931083212435,low
15358,15.0,367.0,732.0,550.2139999999999,0.0014995365036603694,0.8077053850629021,low
15359,3.0,31.0,693.0,58.083333333333336,0.0002841150587464102,0.017289874172047734,low
15361,2.0,17.0,543.0,66.0,0.0022878527852298715,0.1642753955836601,low
15365,2.0,270.0,673.0,957.9449999999999,0.11879021916631172,120.58891782727966,champions
15366,4.0,242.0,651.0,351.895,0.04113247883684848,14.664403338650592,high
15367,5.0,311.0,729.0,483.62399999999997,0.04103597079975422,19.90481987270622,high
15369,7.0,239.0,731.0,409.78285714285715,0.002499027022327182,1.016612500702268,low
15372,4.0,213.0,663.0,421.06,0.021068600809885603,8.983559686374289,high
15373,5.0,215.0,586.0,173.096,0.027944245660462653,4.865969540588152,medium
15377,2.0,33.0,415.0,302.1,0.012898028812393115,4.148655809100823,medium
15380,6.0,373.0,738.0,111.14,0.0731140494947372,8.135279603287252,medium
15381,2.0,160.0,583.0,349.22999999999996,0.05254383332852424,19.514309584668535,high
15382,4.0,361.0,735.0,1552.31,0.11977832803583434,187.96560939332147,champions
15389,3.0,281.0,681.0,66.0,0.0908941435552036,6.269497410948659,medium
15392,2.0,57.0,431.0,425.98,0.022495339914629247,10.183952313329588,high
15393,2.0,157.0,724.0,226.37,0.01888410962049926,4.558386293264298,medium
15394,5.0,329.0,724.0,559.072,0.05856514480075931,32.8325564253326,champions
15400,2.0,140.0,560.0,139.2,0.044703445478605705,6.671228842650877,medium
15402,3.0,204.0,591.0,206.57000000000002,0.06009752267597635,12.811535125678294,high
15413,4.0,47.0,738.0,332.9375,8.697531039748395e-05,0.029338561083326456,low
15420,5.0,300.0,734.0,129.178,0.03212310002748668,4.179574653311788,medium
15421,5.0,347.0,732.0,523.52,0.07252559940771054,38.076521718733616,champions
15422,4.0,291.0,670.0,305.82,0.07847105521031578,24.322236211124977,champions
15425,3.0,263.0,663.0,391.96000000000004,0.0818764117064274,33.02107407095723,champions
15426,3.0,217.0,586.0,240.76666666666665,0.07778766224374949,19.311523128905986,high
15428,2.0,335.0,722.0,242.265,0.1635883930650334,42.238208960504295,champions
15434,5.0,310.0,684.0,248.046,0.06323037112287463,15.754690828701497,high
15439,2.0,249.0,653.0,252.3,0.1072978879942904,28.845288095302084,champions
15441,2.0,334.0,730.0,476.32000000000005,0.15524842234208197,78.51281890140612,champions
15443,6.0,168.0,642.0,255.95833333333334,0.0020147572747520287,0.5147288050695294,low
15446,2.0,350.0,726.0,141.335,0.18064909227228174,27.36048797277371,champions
15447,2.0,98.0,625.0,118.205,0.011965267384145788,1.5197242245020515,low
15452,2.0,121.0,511.0,192.465,0.04688081066595059,9.638497744819169,high
15456,6.0,328.0,731.0,242.93999999999997,0.03495727800512232,8.476586362229302,medium
15465,14.0,360.0,729.0,265.8442857142857,0.001988870523301958,0.5183133500869527,low
15466,2.0,347.0,736.0,246.785,0.1671842490615195,43.96514273600121,champions
15476,2.0,62.0,442.0,589.015,0.023134646856729224,14.463859803544945,high
15482,6.0,351.0,737.0,309.59166666666664,0.05026743089802514,15.524460014138668,high
15483,3.0,299.0,684.0,154.4,0.11162042711139965,17.81929479257983,high
15485,3.0,365.0,738.0,605.6899999999999,0.15853079351119204,98.67902244036709,champions
15488,3.0,127.0,583.0,73.3,0.013861075067024723,1.0600172186729284,low
15489,4.0,293.0,693.0,266.4825,0.0659257025259244,17.81285463870788,high
15493,3.0,265.0,654.0,622.7233333333334,0.09029086879360494,57.78600578313922,champions
15494,2.0,251.0,729.0,765.54,0.06837187008977555,55.490145026263555,champions
15497,6.0,339.0,721.0,935.8849999999999,0.048051253655192604,44.80131404494845,champions
15498,14.0,357.0,723.0,619.1899999999999,0.0020257306433825112,1.228905795447061,low
15502,3.0,186.0,554.0,584.3100000000001,0.061227133616064855,36.77893865126449,champions
15504,2.0,145.0,665.0,106.03,0.022685800770790427,2.58907423785983,medium
15506,2.0,96.0,477.0,435.195,0.03782266471123226,17.4897336092848,high
15513,13.0,330.0,695.0,666.9592307692308,0.0022370669178846695,1.463248345652518,low
15514,6.0,356.0,735.0,305.84,0.05618448152167593,17.142064968623885,high
15518,6.0,340.0,719.0,338.94,0.05004506235313605,16.91841021793114,high
15521,5.0,303.0,703.0,657.414,0.046114769595108504,30.394999092498193,champions
15523,13.0,349.0,737.0,632.9423076923077,0.0018812561198443638,1.1677022148631915,low
15527,10.0,330.0,724.0,278.37800000000004,0.005904309087198616,1.6197077689740598,low
15532,5.0,173.0,549.0,356.892,0.015488779217662296,5.548924045246589,medium
15538,5.0,126.0,663.0,145.2,0.0010112088064715519,0.14780887223503936,low
15544,11.0,308.0,680.0,377.5,0.0038504815146450377,1.4296359133537266,low
15547,10.0,357.0,733.0,442.101,0.010840762274021422,4.720536829527637,medium
15549,4.0,276.0,697.0,95.375,0.04851028655139005,4.720651978036366,medium
15550,5.0,358.0,736.0,266.46999999999997,0.08280390768859557,22.157926037160472,champions
15551,3.0,156.0,550.0,330.52333333333337,0.03567826753752515,12.143199742495517,high
15555,17.0,368.0,733.0,363.6370588235294,0.0005896777554663598,0.20966917657711454,low
15561,3.0,280.0,663.0,261.4433333333333,0.10286595386904678,27.715920696308952,champions
15563,2.0,166.0,680.0,519.0799999999999,0.029178629132062248,16.076776138481318,high
15569,4.0,259.0,649.0,223.97,0.056583040337166476,12.858881877318067,high
15570,11.0,252.0,621.0,399.4690909090909,0.0016462749286808795,0.6468520771569894,low
15571,8.0,347.0,733.0,390.3675,0.020795433050092047,8.033014174063362,medium
15572,2.0,224.0,604.0,578.3499999999999,0.11092935717278125,68.0804035731192,champions
15573,2.0,111.0,729.0,162.675,0.007759203625271003,1.3502912888411753,low
15574,2.0,92.0,464.0,340.57000000000005,0.038969312202609005,14.119093318109607,high
15579,2.0,49.0,432.0,145.035,0.017776908052972794,2.7633615248580385,medium
15580,7.0,294.0,670.0,184.68571428571428,0.022262187295275113,4.088493681040987,medium
15581,17.0,371.0,737.0,208.86117647058822,0.0006055582935469985,0.12372510559787724,low
15586,2.0,108.0,700.0,201.96,0.008805876675687333,1.8983543966593661,low
15587,2.0,99.0,491.0,99.0,0.03564819825620958,3.8044781825128293,medium
15590,3.0,224.0,606.0,371.8666666666666,0.07318742148539886,28.010851778188062,champions
15591,2.0,91.0,673.0,88.30000000000001,0.007283720703636747,0.6946810159668604,low
15596,4.0,134.0,499.0,283.725,0.019276122724657674,5.546067324851867,medium
15600,3.0,165.0,593.0,288.6766666666667,0.028814575166919498,8.569497662622778,high
15601,13.0,366.0,738.0,624.4453846153846,0.003264394197363432,1.9990291527747663,low
15602,7.0,369.0,737.0,230.7057142857143,0.047754718723000265,10.948183864993274,high
15605,4.0,321.0,694.0,152.7175,0.09887829685566521,15.350877255976627,high
15606,7.0,257.0,647.0,253.46428571428572,0.012114046861573701,3.051009613295447,medium
15607,7.0,157.0,700.0,177.21,0.0002763009893152165,0.048692876918500806,low
15611,11.0,300.0,683.0,104.85272727272728,0.0027985066749917297,0.28927848138126444,low
15614,2.0,189.0,626.0,827.5899999999999,0.05988665322543326,52.540324510317014,champions
15615,20.0,347.0,737.0,492.4905,4.414578024751511e-05,0.021222164227908288,low
15617,2.0,111.0,507.0,311.70000000000005,0.03984847480706722,13.21925087691749,high
15622,4.0,218.0,645.0,673.3275000000001,0.027646373739331733,18.8357587784019,high
15623,6.0,336.0,729.0,304.80333333333334,0.04160131376631981,12.649862749881507,high
15625,4.0,166.0,542.0,298.5025,0.02623822089424772,7.940334672142154,medium
15628,8.0,360.0,726.0,311.9675,0.030668858350671617,9.47063987418236,high
15629,2.0,82.0,532.0,527.55,0.017109914691598095,9.582613835309694,high
15633,12.0,222.0,731.0,326.48083333333335,2.9297896866300306e-05,0.009395321911373036,low
15637,3.0,311.0,724.0,95.11666666666667,0.09665105417398376,9.552375976050465,high
15638,4.0,232.0,610.0,325.4625,0.05098757860858122,16.81721953842393,high
15640,10.0,353.0,725.0,786.213,0.011052007805089841,8.555303994635535,medium
15641,7.0,337.0,733.0,468.21000000000004,0.026134465810207178,12.145431624486193,high
15646,2.0,38.0,410.0,217.78000000000003,0.01592294179451993,3.700987511615612,medium
15649,2.0,20.0,387.0,66.0,0.01108514036807582,0.7962361837723586,low
15652,3.0,98.0,485.0,310.2366666666667,0.01759695345634972,5.623718218344948,medium
15658,3.0,364.0,736.0,355.74,0.15904809232284767,58.23065561923944,champions
15660,6.0,307.0,672.0,183.855,0.045243359658982206,8.310184259671068,medium
15661,5.0,199.0,578.0,107.8,0.021037383447436612,2.2873978621312583,low
15664,2.0,200.0,649.0,228.56,0.059711678165985264,14.55329382468529,high
15665,2.0,224.0,635.0,591.04,0.0898665290050219,56.357270170366,champions
15673,4.0,204.0,655.0,657.2775,0.0189126055316997,12.57844166098454,high
15674,7.0,314.0,731.0,577.0242857142857,0.01620585410293183,9.279662253642854,high
15680,7.0,371.0,737.0,394.7714285714286,0.04965084826035786,19.459022417011347,high
15681,5.0,185.0,564.0,204.548,0.017586239837046325,3.616498023692647,medium
15684,2.0,188.0,735.0,32.275,0.028750297257928596,1.0383972856533705,low
15691,2.0,339.0,733.0,118.35,0.15921631052820057,20.243931603280235,high
15694,11.0,367.0,732.0,256.75454545454545,0.00930878113534995,2.351538525773928,low
15696,4.0,261.0,684.0,251.715,0.0423721340961284,10.816689419330336,high
15708,2.0,56.0,425.0,329.47,0.02322138791850205,8.141474825033077,medium
15712,6.0,359.0,738.0,357.175,0.057369336900445114,20.43544676480679,high
15713,2.0,357.0,723.0,205.115,0.19372772707336408,42.40874167794555,champions
15714,2.0,102.0,555.0,92.76500000000001,0.022256777485495663,2.22822310967713,low
15715,2.0,64.0,619.0,149.03500000000003,0.005502249038561035,0.878278384413222,low
15716,7.0,363.0,732.0,243.46142857142857,0.04507823854179785,10.904727394932111,high
15717,3.0,171.0,592.0,127.73333333333335,0.032716384396469185,4.328697131504163,medium
15719,17.0,357.0,738.0,283.1594117647059,0.0003297787334318473,0.09132227528781374,low
15722,4.0,195.0,640.0,574.005,0.018085414058942723,10.506805626215996,high
15723,2.0,163.0,574.0,253.03500000000003,0.05897714596768555,15.902754808776569,high
15727,6.0,297.0,684.0,476.63166666666666,0.03204175399904604,15.225295323548554,high
15732,7.0,301.0,673.0,165.22142857142856,0.025197140362201664,4.141196394680556,medium
15738,22.0,357.0,729.0,357.33272727272725,3.23999538044061e-05,0.011293659311357703,low
15747,5.0,315.0,690.0,271.058,0.06483408816661751,17.648283351677872,high
15750,10.0,372.0,738.0,411.104,0.014910272316391061,6.037704895056412,medium
15751,6.0,273.0,733.0,183.58333333333334,0.0109230772526763,2.0031892924473627,low
15752,2.0,85.0,457.0,477.22,0.035479257542681567,17.984387430898447,high
15754,5.0,162.0,655.0,216.498,0.0032790463549806984,0.7134499734878965,low
15755,10.0,356.0,735.0,332.012,0.010222276830735963,3.343738831384661,medium
15757,3.0,161.0,547.0,565.6233333333333,0.04063049443978595,23.62804302805917,champions
15759,3.0,226.0,737.0,94.32000000000001,0.02670023043106333,2.6170249399460386,medium
15768,29.0,260.0,736.0,491.20103448275864,3.638167661249552e-10,1.7396466507122728e-07,low
15769,18.0,357.0,728.0,317.03333333333336,0.00025532014255251527,0.07910919562698639,low
15771,2.0,89.0,693.0,252.145,0.0060736171038322856,1.6317140218152004,low
15774,4.0,238.0,656.0,207.715,0.03645888412733216,7.686621357789223,medium
15777,2.0,172.0,568.0,319.5,0.07094174485474034,24.1167775375511,champions
15785,7.0,345.0,724.0,445.08,0.03450972776548185,15.246481527588097,high
15789,3.0,192.0,623.0,408.9866666666667,0.03696230733613583,15.553456889597639,high
15791,2.0,112.0,641.0,843.8599999999999,0.014347186240000176,12.83383666192524,high
15793,4.0,360.0,738.0,186.075,0.1154598030054827,21.81531217619692,champions
15795,5.0,260.0,690.0,251.382,0.023266878035559765,5.874934264172069,medium
15796,8.0,244.0,618.0,287.3525,0.007379039943906789,2.0995264102311464,low
15798,2.0,189.0,681.0,584.5450000000001,0.04124272164718145,25.57933344159865,champions
15803,2.0,231.0,676.0,437.02,0.0748686973011439,34.75339939471206,champions
15805,8.0,344.0,729.0,499.68125,0.020477401062151113,10.122626899754861,high
15808,17.0,369.0,738.0,752.4635294117647,0.0005443943144754886,0.4004155924623779,low
15810,3.0,287.0,673.0,406.63000000000005,0.1043179026744369,43.64083242966909,champions
15812,6.0,289.0,724.0,250.15833333333333,0.01713519285060631,4.2781926325344175,medium
15817,2.0,123.0,543.0,930.075,0.037443690000818694,36.91420480712974,champions
15819,3.0,200.0,631.0,501.34,0.039797849668492924,20.516403582523033,high
15822,3.0,240.0,733.0,160.09,0.03431521430263882,5.6780540823421415,medium
15827,11.0,328.0,700.0,156.73454545454544,0.005084435212248033,0.784762834567941,low
15838,14.0,357.0,724.0,193.28571428571428,0.0019837284539900766,0.3760177037644367,low
15841,4.0,343.0,729.0,274.85,0.09959218383378118,27.750061886095658,champions
15845,2.0,146.0,682.0,249.235,0.020575786166956236,5.464558670168948,medium
15847,2.0,213.0,641.0,176.34,0.07504610588609242,14.145942399804593,high
15850,3.0,350.0,726.0,242.35666666666665,0.1474826950846336,36.84710565431905,champions
15854,8.0,353.0,729.0,205.2775,0.02516828380094341,5.118047325613044,medium
15856,23.0,371.0,736.0,593.6947826086956,3.3230509538617664e-05,0.019234465149515625,low
15858,8.0,362.0,729.0,284.72625,0.030792901525476864,8.679825240604313,high
15860,9.0,365.0,733.0,147.22,0.02061081854809549,3.0002908312141936,medium
15861,3.0,224.0,680.0,272.03,0.03995379292452891,11.198612899495814,high
15862,6.0,349.0,722.0,254.08166666666668,0.057087891187577115,14.476320024697479,high
15863,2.0,105.0,722.0,74.63,0.0071561195648483095,0.5790146909744786,low
15867,15.0,356.0,725.0,298.53866666666664,0.0011570747464561865,0.3382966324500828,low
15874,9.0,314.0,701.0,564.8322222222222,0.008933488302674892,4.979146925427395,medium
15879,3.0,318.0,722.0,330.98333333333335,0.10650621038404816,36.29048167907265,champions
15882,4.0,361.0,729.0,197.395,0.12570261413772618,25.188537821058826,champions
15885,11.0,304.0,687.0,112.23818181818181,0.002972175342054945,0.3287981839819332,low
15887,2.0,149.0,555.0,262.5,0.054271030799918074,15.17763084801911,high
15889,6.0,360.0,729.0,179.6833333333333,0.06434536940569442,11.550564962078242,high
15890,2.0,210.0,604.0,89.275,0.09304706160364462,8.971124368554758,high
15898,20.0,361.0,728.0,190.378,0.00011295580370992402,0.021003756674203407,low
15900,2.0,149.0,562.0,207.005,0.051403983376112274,11.35807828362684,high
15901,2.0,92.0,543.0,59.25,0.01969535574142769,1.2735581358916854,low
15903,4.0,316.0,694.0,631.8,0.09209578347544357,58.87712843343603,champions
15906,2.0,76.0,450.0,434.4,0.03060501482598229,14.12731923571199,high
15910,6.0,287.0,687.0,226.885,0.025059562027720497,5.67636242024944,medium
15911,6.0,107.0,730.0,236.73333333333335,8.202789059541917e-05,0.019383632076889125,low
15912,3.0,293.0,729.0,120.23,0.0745765847304243,9.291403775139523,high
15916,5.0,363.0,729.0,296.972,0.0953999721727947,28.442800816297666,champions
15917,2.0,131.0,737.0,170.925,0.010944560567302615,2.0000938923062406,low
15920,3.0,301.0,725.0,94.31666666666668,0.0849169591569809,8.322970833543748,medium
15921,2.0,244.0,640.0,180.175,0.1102935839810206,21.237377849580742,high
15938,3.0,100.0,556.0,72.66333333333334,0.009071439316453827,0.6878414690473348,low
15944,2.0,333.0,726.0,405.15,0.15737403719385967,67.7430573278513,champions
15945,3.0,373.0,738.0,140.01333333333332,0.17140969532972464,24.833249307880475,champions
15950,5.0,307.0,682.0,911.318,0.06125522923344598,55.95145374515447,champions
15953,10.0,367.0,736.0,150.577,0.013497442331969664,2.005076913537748,low
15955,8.0,282.0,654.0,477.6275,0.012576836000368838,5.943697119459988,medium
15958,2.0,147.0,550.0,154.425,0.054558009984471405,9.02067797798903,high
15960,3.0,61.0,435.0,83.35000000000001,0.01020666215909318,0.8860529847673633,low
15965,8.0,369.0,736.0,246.49625,0.032705762656011654,7.983142440524428,medium
15967,8.0,359.0,738.0,307.95375,0.025535516720319965,7.784011455665275,medium
15971,5.0,346.0,731.0,77.88,0.0720762610375784,5.675392996696874,medium
15972,3.0,144.0,600.0,306.5466666666667,0.01746865219985519,5.515350599452506,medium
15976,3.0,141.0,551.0,371.10999999999996,0.025697878781792662,9.816285642158403,high
15981,12.0,219.0,620.0,443.9575,0.00022858239580587805,0.0996729775608492,low
15983,5.0,368.0,733.0,429.10599999999994,0.09896086679203885,42.59876393946861,champions
15984,15.0,370.0,738.0,339.8726666666667,0.0014697195843883686,0.489139834161909,low
15985,3.0,125.0,561.0,360.0466666666667,0.016224984135286172,6.013497369615065,medium
15990,4.0,155.0,649.0,254.9375,0.006572196666629798,1.6992260319282504,low
15998,9.0,345.0,738.0,502.7155555555556,0.011652953963853935,5.780799379126429,medium
16003,3.0,355.0,736.0,679.23,0.14521162561850837,101.34051694776146,champions
16004,3.0,209.0,683.0,563.8833333333333,0.03042782004543647,17.636696727255575,high
16005,5.0,75.0,450.0,311.408,0.002321285613685698,0.7260230992510439,low
16007,2.0,160.0,543.0,508.115,0.07134881290153598,38.49208870134923,champions
16008,11.0,248.0,630.0,416.1945454545455,0.0011843391000816853,0.4848074409322447,low
16010,6.0,35.0,411.0,201.54333333333332,0.00021114186761446048,0.04252584417761948,low
16011,13.0,372.0,738.0,177.76153846153846,0.0039726902684483105,0.6933439619112092,low
16013,21.0,360.0,731.0,206.41190476190474,5.956320119294301e-05,0.012002060268046502,low
16016,3.0,36.0,402.0,250.70666666666668,0.006179682323453631,1.5978412849594896,low
16017,3.0,286.0,703.0,252.03333333333333,0.08233154045601523,21.387415735325163,champions
16019,13.0,344.0,725.0,693.5953846153845,0.0020033762465067185,1.3626354522840582,low
16027,8.0,243.0,700.0,108.55,0.0021172234482324023,0.22814271099510314,low
16029,33.0,359.0,731.0,272.6545454545455,1.0301098009267781e-07,2.7326387141952582e-05,low
16032,5.0,67.0,523.0,311.592,0.0005879183360119123,0.18395646478792138,low
16033,7.0,116.0,485.0,233.94714285714286,0.0013574088627628536,0.3157139260158435,low
16034,2.0,15.0,409.0,110.675,0.007309807637127047,0.8705821708419098,low
16040,3.0,179.0,609.0,242.80000000000004,0.03282418502867491,8.217065269501088,medium
16043,3.0,102.0,481.0,186.05000000000004,0.02042454219589762,3.92502104418444,medium
16045,2.0,82.0,498.0,421.645,0.022859213446399934,10.24226624004519,high
16048,2.0,176.0,549.0,308.895,0.08699577526124466,28.599393432811667,champions
16049,2.0,141.0,516.0,283.845,0.06468692789810228,19.5525533047904,high
16053,2.0,197.0,610.0,668.315,0.07498079727774487,53.1524217658096,champions
16054,2.0,199.0,617.0,323.25,0.07337749692096109,25.233950815589356,champions
16057,2.0,182.0,701.0,576.225,0.032615609700707864,19.941187585173456,high
16059,6.0,202.0,569.0,256.90166666666664,0.014257261267375946,3.656322996283852,medium
16060,2.0,94.0,494.0,92.925,0.0311449643989742,3.1236905486764828,medium
16062,2.0,157.0,536.0,583.255,0.07186156835950203,44.48129241358105,champions
16065,5.0,98.0,463.0,317.61199999999997,0.004736185975177489,1.5107123398456128,low
16067,2.0,113.0,675.0,458.91499999999996,0.011554431786322551,5.631038185922998,medium
16071,2.0,128.0,655.0,243.13,0.01781971864826667,4.617699195271944,medium
16081,3.0,308.0,674.0,516.0,0.13383234357332252,71.00066966290997,champions
16085,6.0,308.0,688.0,181.93499999999997,0.03830230017855013,6.9618762591917545,medium
16086,5.0,370.0,737.0,291.81,0.09817695116659847,28.76292973277002,champions
16087,4.0,300.0,689.0,88.95,0.07601531162592641,6.903844468226929,medium
16094,6.0,227.0,602.0,375.305,0.017725219454365036,6.6352369694703075,medium
16096,2.0,229.0,645.0,343.725,0.08941261566085426,32.683395110069476,champions
16098,7.0,351.0,724.0,260.53714285714284,0.03904189078594871,10.105564417728615,high
16099,3.0,229.0,646.0,234.9333333333333,0.056780908578258175,13.755330028575717,high
16101,2.0,127.0,561.0,557.475,0.03501305357798965,20.716810048722486,high
16103,14.0,311.0,700.0,298.27714285714285,0.0005831820144228572,0.17051239947908825,low
16104,6.0,315.0,733.0,293.84999999999997,0.026514978328107487,7.773324656434069,medium
16105,3.0,166.0,604.0,438.76,0.02666058029093871,12.033127799497231,high
16108,2.0,197.0,631.0,533.115,0.06476987002783599,36.65057915687477,champions
16115,3.0,177.0,574.0,238.81333333333336,0.04316155862108161,10.629003430479074,high
16119,5.0,329.0,723.0,144.57,0.0591381003201917,8.60618545328185,high
16122,2.0,59.0,425.0,101.31,0.02520454613739998,2.7519210327959986,medium
16124,2.0,314.0,732.0,530.245,0.12885146533275169,72.51137319307107,champions
16125,13.0,358.0,725.0,275.2146153846154,0.0032265187207431334,0.871347388201296,low
16126,10.0,358.0,737.0,711.379,0.010452830554642866,7.321548098699098,medium
16128,4.0,131.0,511.0,399.08750000000003,0.01539653998658873,6.224911471895485,medium
16129,2.0,100.0,507.0,425.055,0.031710200154943774,14.322162670178944,high
16130,3.0,195.0,617.0,247.84333333333333,0.04104428403329636,10.487046362334908,high
16131,3.0,362.0,737.0,1370.7699999999998,0.15487788629799404,217.9291166717054,champions
16133,20.0,242.0,618.0,268.617,3.973113416792103e-06,0.0010423261764006967,low
16134,2.0,117.0,540.0,310.29,0.03414991562714926,11.277176461638527,high
16138,2.0,212.0,590.0,197.07000000000002,0.10534117395262987,22.167807672601338,champions
16143,6.0,360.0,729.0,338.70666666666665,0.06434536940569442,21.737572101759966,champions
16145,7.0,196.0,584.0,306.8285714285715,0.0051892928827886485,1.5817326128299098,low
16147,3.0,272.0,672.0,449.75666666666666,0.08637307449310112,39.954303358966065,champions
16150,5.0,350.0,722.0,392.634,0.08364627716505946,32.951885323013016,champions
16153,5.0,142.0,562.0,382.65600000000006,0.005428825491412724,2.0849528246039712,low
16155,3.0,158.0,539.0,189.4333333333333,0.041279344461832755,8.075025850324181,medium
16156,8.0,355.0,737.0,329.63,0.023653904002024835,7.717205149592516,medium
16158,7.0,212.0,734.0,68.81428571428572,0.001106234941305126,0.07606036648258774,low
16159,2.0,266.0,736.0,283.52,0.07770771598562227,23.454017027586318,champions
16161,23.0,301.0,669.0,306.0886956521739,5.074682867306313e-06,0.0015149607944085072,low
16163,4.0,372.0,737.0,173.625,0.13504640809275786,23.817418517683734,champions
16167,3.0,324.0,738.0,300.10999999999996,0.10211160212373269,31.55928449035615,champions
16168,31.0,367.0,736.0,182.36032258064517,4.3490626530938077e-07,7.720709772006726e-05,low
16170,13.0,264.0,659.0,358.77461538461534,0.00036841374132456163,0.1296840910236594,low
16172,2.0,40.0,513.0,366.695,0.006433292622775182,2.5084267647402543,medium
16174,3.0,112.0,603.0,344.4666666666667,0.00802445823753602,2.845663239475873,medium
16175,2.0,92.0,563.0,254.6,0.01677014340298369,4.549791552887121,medium
16176,3.0,199.0,620.0,428.8333333333333,0.042922689841297046,18.935417406482568,high
16177,5.0,211.0,647.0,314.726,0.012641945912378248,3.9943439652540644,medium
16180,3.0,56.0,534.0,876.5566666666667,0.0029727630503840435,2.677067641674311,medium
16182,4.0,202.0,640.0,294.0,0.020971086218844286,6.24984857260876,medium
16183,2.0,13.0,407.0,142.5,0.006917101507690043,1.0567568913773804,low
16186,13.0,358.0,730.0,355.5253846153846,0.002924688211464085,1.0200689707959376,low
16190,6.0,331.0,725.0,379.2583333333334,0.0395513054320025,14.95831651005369,high
16191,6.0,353.0,728.0,866.2066666666666,0.057454242552688654,49.58225534770138,champions
16197,8.0,254.0,723.0,234.46375,0.00213280223788799,0.49524048515551716,low
16199,6.0,239.0,631.0,89.375,0.016470647442464452,1.4760152329159488,low
16200,6.0,355.0,737.0,584.3383333333333,0.05401248237398791,31.454806126422596,champions
16202,5.0,320.0,737.0,363.854,0.04436454264865214,16.198165256763424,high
16203,2.0,132.0,504.0,120.255,0.06098525313084839,7.879669835322451,medium
16205,2.0,146.0,542.0,392.6,0.057132212406635574,23.841023220912106,champions
16206,7.0,297.0,684.0,245.18285714285713,0.019879697708486934,4.8433064718511485,medium
16208,7.0,259.0,653.0,348.7871428571429,0.011758945832493036,4.072970591866705,medium
16209,3.0,164.0,546.0,178.4333333333333,0.04354607345987624,8.026931016517123,medium
16210,15.0,369.0,737.0,402.5493333333333,0.001447616739030109,0.5705660826741702,low
16218,6.0,188.0,561.0,207.01500000000001,0.010729025381438691,2.2185284114251385,low
16221,6.0,119.0,486.0,179.36333333333334,0.00332633621414241,0.5963213506777738,low
16225,8.0,268.0,670.0,198.77375,0.006751595131096262,1.329680015728031,low
16229,3.0,183.0,564.0,469.8,0.05287254496180956,25.548967469612464,champions
16231,3.0,218.0,597.0,262.84999999999997,0.07185940771539151,19.467237351173555,high
16232,2.0,130.0,550.0,521.67,0.04037993384211357,22.36336982702174,champions
16233,6.0,371.0,737.0,173.87166666666667,0.0714249651431503,12.408023686417124,high
16234,2.0,85.0,561.0,120.91,0.014506039155385805,1.8841225844059015,low
16235,3.0,95.0,470.0,170.3133333333333,0.019072202264446954,3.357289111744752,medium
16239,3.0,81.0,463.0,210.86666666666665,0.013856173023141795,3.01570049285865,medium
16241,3.0,41.0,410.0,448.3433333333333,0.006786002496017535,3.130863558149164,medium
16242,5.0,253.0,634.0,669.072,0.03678263469195111,24.676075240243556,champions
16253,4.0,311.0,731.0,806.865,0.0624091770689592,50.934915696572844,champions
16254,2.0,254.0,632.0,403.85,0.12986023334022193,55.727559529803074,champions
16255,7.0,319.0,684.0,284.51142857142855,0.03277479527560741,9.262980033486588,high
16258,7.0,252.0,639.0,694.5357142857143,0.011857366133771417,8.172288157497595,medium
16265,2.0,21.0,407.0,600.2850000000001,0.0093008324104372,5.926358339721659,medium
16266,5.0,250.0,673.0,146.018,0.022646859888429006,3.328804344516259,medium
16271,3.0,172.0,642.0,446.71333333333337,0.021642343381548634,9.944146814174902,high
16279,5.0,211.0,596.0,721.586,0.02261570302195884,16.362587891273158,high
16283,2.0,231.0,649.0,985.1,0.08923025255668694,93.14699459004909,champions
16287,3.0,313.0,689.0,212.62000000000003,0.12718240394690758,27.897846174203266,champions
16290,3.0,101.0,565.0,370.6233333333334,0.008553180614908064,3.2628594341947728,medium
16292,3.0,224.0,604.0,213.08333333333334,0.07444220879647495,16.366536921836925,high
16293,4.0,361.0,728.0,516.48,0.12671992139021174,66.24451396537171,champions
16296,3.0,95.0,721.0,312.5566666666667,0.0019243873252858396,0.6193410806388642,low
16298,3.0,45.0,442.0,99.43333333333334,0.0053831060940787035,0.5561435512093713,low
16300,2.0,245.0,675.0,488.985,0.08906616037399097,46.238856705391974,champions
16303,3.0,239.0,631.0,649.7600000000001,0.0747969632009563,49.94581857810334,champions
16307,2.0,148.0,577.0,379.53499999999997,0.04505799498926555,18.17868098123838,high
16308,2.0,318.0,724.0,66.0,0.13974937045145264,10.031881522310828,high
16314,2.0,83.0,472.0,533.7,0.029506063407894637,16.719221193400177,high
16316,4.0,113.0,493.0,422.6625,0.011438896593852287,4.897572083672368,medium
16325,8.0,311.0,735.0,346.95375,0.008508884270369447,2.921763810587726,medium
16326,9.0,297.0,680.0,149.2288888888889,0.0076874316045681445,1.1343708498094474,low
16327,10.0,356.0,725.0,610.823,0.011988705954520968,7.211095465720454,medium
16329,3.0,311.0,738.0,411.5366666666667,0.08755490785830919,37.065688152931514,champions
16330,2.0,238.0,662.0,166.465,0.08916268752246151,15.875155482872593,high
16331,3.0,210.0,642.0,277.2,0.043097699356873145,12.309003764014271,high
16332,3.0,158.0,589.0,102.58,0.02592574687427658,2.7613137842411364,medium
16335,6.0,184.0,735.0,414.4116666666667,0.0010915270244473202,0.45101042271317276,low
16336,2.0,211.0,631.0,666.175,0.07823648617913065,55.28153846506319,champions
16341,2.0,172.0,609.0,511.07000000000005,0.05246132324267168,28.463359838325417,champions
16344,2.0,159.0,668.0,266.11,0.028219215688177625,7.998297572668443,medium
16347,7.0,249.0,637.0,342.02571428571434,0.011254962512359638,3.8230539702737696,medium
16350,3.0,54.0,428.0,275.14000000000004,0.00874336463551312,2.479761035664496,medium
16351,11.0,324.0,735.0,260.21181818181816,0.0024354383032250174,0.6234988201792493,low
16353,12.0,363.0,732.0,183.15416666666667,0.005273502494634596,0.949419265910232,low
16354,2.0,212.0,591.0,263.95500000000004,0.10459991363026516,29.412033676378257,champions
16359,6.0,285.0,661.0,124.06666666666666,0.03266531907461304,4.055451782225166,medium
16365,6.0,361.0,728.0,204.56166666666664,0.06619640577752023,13.52240912871325,high
16366,2.0,141.0,723.0,488.59000000000003,0.01438660827221552,7.462393674279373,medium
16369,3.0,175.0,611.0,296.3,0.029893948356759986,9.124002000737612,high
16372,2.0,198.0,607.0,428.365,0.07764315338242801,35.33391123122882,champions
16374,2.0,186.0,588.0,416.185,0.0752009153943068,33.25464346852866,champions
16383,4.0,277.0,673.0,459.59749999999997,0.06118044316606043,28.46896616515168,champions
16385,2.0,265.0,631.0,185.47500000000002,0.14682958301152463,29.095950417606524,champions
16387,3.0,243.0,638.0,224.67666666666665,0.0749875883163129,17.37727032508279,high
16390,2.0,143.0,679.0,136.85000000000002,0.019911938364838812,2.921510592201912,medium
16391,3.0,161.0,561.0,316.19,0.035616587252147676,11.598266243134269,high
16393,10.0,369.0,738.0,215.663,0.013784539989071287,2.930633124462759,medium
16395,6.0,340.0,733.0,306.08,0.04291182168478052,13.102822760320251,high
16400,7.0,336.0,731.0,324.23999999999995,0.026218782239361853,8.44227603800833,medium
16401,8.0,176.0,555.0,294.445,0.002123520233655451,0.6191651584074378,low
16407,2.0,43.0,432.0,198.47500000000002,0.014883700808896198,3.1552135586989847,medium
16409,6.0,346.0,726.0,526.5433333333334,0.05174115095176099,27.1554016762011,champions
16411,2.0,59.0,428.0,175.665,0.024467368288425096,4.596390985059548,medium
16412,3.0,280.0,673.0,133.85333333333332,0.09531391356227478,13.20769756345132,high
16414,2.0,263.0,694.0,153.99,0.09686430859813326,15.9677168775309,high
16416,4.0,264.0,654.0,321.01,0.05877914344978119,19.121298632502157,high
16421,2.0,93.0,469.0,107.83500000000001,0.0380659274823807,4.418517299990377,medium
16422,42.0,327.0,696.0,370.96476190476193,2.2372551694690248e-10,8.065216787541788e-08,low
16430,4.0,300.0,681.0,156.285,0.08158296221902606,12.960075084674795,high
16434,4.0,245.0,691.0,182.7025,0.029970521969118983,5.560942897230424,medium
16436,2.0,65.0,733.0,81.195,0.0025802419648158995,0.22668382127834527,low
16441,2.0,210.0,627.0,211.185,0.07935666715897449,17.883499819052485,high
16444,11.0,235.0,625.0,241.12,0.0007859165854374174,0.18649580519404335,low
16455,4.0,248.0,619.0,409.5825,0.06233008962081605,25.856212214527105,champions
16456,7.0,247.0,620.0,533.0371428571428,0.013543859008251197,7.16600498515975,medium
16458,11.0,187.0,562.0,192.4181818181818,0.0003649857686486179,0.06915051683500997,low
16466,7.0,259.0,642.0,231.4042857142857,0.013669650922195496,3.143819071918021,medium
16467,6.0,229.0,737.0,236.58333333333334,0.0036581927172831745,0.8638960896501195,low
16470,5.0,332.0,728.0,302.044,0.059197262557420756,17.94992468650954,high
16471,2.0,259.0,652.0,311.125,0.12056431396323716,39.912957146745825,champions
16477,4.0,113.0,484.0,327.63250000000005,0.01277761266317808,4.243537193540497,medium
16485,3.0,301.0,733.0,437.2633333333333,0.08020449920356121,36.070314731482895,champions
16493,2.0,179.0,623.0,152.315,0.052810699983197464,8.612900245429081,high
16497,11.0,323.0,736.0,304.34000000000003,0.0023198441240619523,0.6944902861903386,low
16499,5.0,172.0,546.0,389.51599999999996,0.01566366454997251,6.1235012518007315,medium
16500,2.0,169.0,543.0,136.5,0.08205404391307382,12.011173657339171,high
16503,5.0,141.0,536.0,381.946,0.007332288335515838,2.8109198357861476,medium
16510,5.0,319.0,691.0,229.15,0.06869444945643587,15.816014575342269,high
16511,2.0,251.0,648.0,285.175,0.11331228542783296,34.40233670706701,champions
16515,4.0,161.0,540.0,219.635,0.023813776906814438,5.308558027234907,medium
16519,2.0,283.0,648.0,81.775,0.15796579281153617,13.976230055002517,high
16520,3.0,282.0,647.0,386.3833333333334,0.11936461793551802,47.45855678712706,champions
16523,5.0,269.0,684.0,390.566,0.029639423054242903,11.615491266315127,high
16525,22.0,371.0,737.0,351.52000000000004,5.295097718743517e-05,0.018156789316252777,low
16529,2.0,53.0,530.0,563.875,0.008190600229998856,4.902002079150444,medium
16531,3.0,60.0,441.0,221.31000000000003,0.009208553539784024,2.1029685472721384,low
16539,6.0,159.0,532.0,342.51666666666665,0.006702584498359699,2.290531678186497,low
16546,2.0,70.0,442.0,827.83,0.02846146128443512,24.985908786470134,champions
16549,22.0,224.0,621.0,409.40909090909093,2.5874444952146704e-07,0.00010335006180531842,low
16550,13.0,369.0,737.0,497.6207692307692,0.0036729097699185692,1.792597001492373,low
16551,3.0,303.0,726.0,322.8733333333333,0.08643140281482176,28.73124129025652,champions
16553,9.0,270.0,666.0,890.1188888888888,0.004315334158463414,3.7895256604321874,medium
16554,4.0,338.0,724.0,397.2825,0.09704626212916498,39.04525592008444,champions
16556,9.0,357.0,732.0,474.1111111111111,0.017192565792873437,8.044071534210477,medium
16558,16.0,370.0,736.0,322.905,0.000958510441175292,0.30286127527687307,low
16560,5.0,334.0,731.0,343.976,0.059425607941474175,20.51443408924507,high
16563,4.0,338.0,738.0,462.885,0.08645975948606471,40.51579621476465,champions
16565,2.0,149.0,555.0,71.675,0.054271030799918074,4.222553327351564,medium
16569,3.0,92.0,723.0,236.24,0.0017434672613161305,0.42465272420001254,low
16570,7.0,240.0,619.0,378.2771428571428,0.011359498769121663,4.267031323460843,medium
16571,6.0,236.0,631.0,401.59,0.01529666261818047,6.126183663544348,medium
16584,2.0,229.0,661.0,514.5250000000001,0.08049606560785029,43.96482553319605,champions
16588,3.0,188.0,574.0,381.49333333333334,0.0528633067960275,20.755376791901686,high
16592,8.0,346.0,721.0,422.70375,0.023902470561484996,9.99731875788994,high
16593,4.0,344.0,734.0,159.49,0.09687313701051933,15.70162989028428,high
16595,3.0,315.0,691.0,315.72666666666663,0.1283000722124649,41.710549702448155,champions
16596,2.0,363.0,729.0,116.965,0.19632803294378726,24.675132875278212,champions
16600,6.0,347.0,721.0,171.64666666666668,0.05566350402945924,9.546835378223173,high
16607,9.0,190.0,589.0,226.20666666666668,0.0009956633368389627,0.22253608380277545,low
16611,4.0,236.0,639.0,338.6625,0.04132599097643154,14.181103058006407,high
16612,4.0,357.0,736.0,385.975,0.1129408816033992,44.14929310038344,champions
16619,2.0,272.0,655.0,358.45500000000004,0.13560001471091357,51.67837236727998,champions
16620,3.0,349.0,738.0,252.53333333333333,0.13459496252625605,35.03149960853601,champions
16623,2.0,191.0,592.0,328.77,0.07842126717344323,27.4273725681494,champions
16625,3.0,121.0,543.0,350.31666666666666,0.01751968015261456,6.318695896641258,medium
16631,5.0,170.0,651.0,305.438,0.004276589581942756,1.3114393083046656,low
16634,4.0,315.0,687.0,323.2275,0.09646895174086427,31.596711133177557,champions
16636,3.0,208.0,646.0,568.2966666666666,0.040313971288647346,23.55064650201528,champions
16638,4.0,110.0,478.0,155.59,0.012586395674070402,1.9913623439858812,low
16650,4.0,99.0,519.0,190.0725,0.00544350592909437,1.0508755786541746,low
16652,6.0,228.0,632.0,1219.78,0.012358523777332167,15.01773310900325,high
16654,4.0,244.0,612.0,210.125,0.062199222441072906,13.26584684115045,high
16655,6.0,266.0,677.0,397.42333333333335,0.01774488017696643,7.032522476716846,medium
16656,12.0,315.0,735.0,282.35583333333335,0.0010373310423639449,0.28773582487701344,low
16658,4.0,251.0,619.0,137.035,0.06569294357520715,9.158962085242083,high
16660,2.0,272.0,694.0,110.35,0.10666321768049336,12.660095605500787,high
16661,3.0,182.0,722.0,207.61,0.013832858671754943,2.963076615299021,medium
16668,5.0,244.0,631.0,83.432,0.03154043058197982,2.659295695186139,medium
16670,7.0,336.0,729.0,462.8342857142857,0.026869128164523047,12.34371727030747,high
16679,2.0,181.0,547.0,220.08,0.09499739501907345,22.304829025511566,champions
16684,18.0,353.0,732.0,1328.4894444444444,0.00019275014954047372,0.25013212372895305,low
16686,6.0,344.0,733.0,310.5466666666667,0.046207907725854966,14.314737718392529,high
16693,2.0,245.0,656.0,249.04500000000002,0.1005682084944227,26.689791231502003,champions
16699,6.0,355.0,735.0,102.91666666666667,0.05519178177404351,5.689280784548616,medium
16700,9.0,371.0,737.0,403.49555555555554,0.02246780397193707,8.947837509398513,high
16701,12.0,315.0,738.0,321.3525,0.000982039794135584,0.30997754013803325,low
16702,3.0,317.0,732.0,295.40333333333336,0.09811382766902528,29.850322219988065,champions
16705,13.0,330.0,730.0,1344.8592307692306,0.0011103277530343351,1.4640233289228752,low
16707,3.0,240.0,640.0,121.80666666666666,0.07055916552154022,8.906030840857987,high
16709,7.0,351.0,730.0,620.9985714285714,0.03628067988832507,22.356521309437003,champions
16710,12.0,367.0,735.0,291.37666666666667,0.005647492449346994,1.6164986531889687,low
16711,3.0,358.0,737.0,142.8166666666667,0.14874402999090938,21.977191699922095,champions
16713,16.0,358.0,724.0,387.37875,0.0007878413980844728,0.2986089049361342,low
16717,6.0,366.0,732.0,443.91,0.0691576348405294,30.606483920971954,champions
16718,4.0,364.0,733.0,583.7950000000001,0.12637194652472683,74.65673075612612,champions
16719,7.0,358.0,726.0,261.09142857142854,0.04389098487509926,11.384786443520447,high
16722,10.0,370.0,736.0,366.257,0.014604752780661513,5.269441145508096,medium
16725,6.0,355.0,726.0,148.77166666666668,0.06085355773963156,9.051054028175729,high
16727,2.0,296.0,688.0,309.85,0.1405263257674252,46.32975946732873,champions
16732,2.0,328.0,731.0,1381.025,0.146708660116904,214.56216932451866,champions
16735,7.0,338.0,731.0,518.8085714285714,0.027354127708136416,14.084499380695728,high
16736,4.0,231.0,736.0,392.29499999999996,0.015485013911895856,6.15206344342893,medium
16742,12.0,231.0,723.0,165.11666666666667,5.042303004534878e-05,0.008185570818724251,low
16743,6.0,140.0,596.0,284.50166666666667,0.00145106582156765,0.4119912133674868,low
16746,23.0,352.0,735.0,367.2460869565217,1.2098203730024035e-05,0.004332437294457236,low
16748,8.0,341.0,729.0,252.99125,0.019097132176143086,4.78405478591174,medium
16754,18.0,269.0,641.0,467.46333333333337,3.496181277933632e-05,0.015971893611249177,low
16755,3.0,263.0,730.0,397.14000000000004,0.04933704521824947,20.158195709051643,high
16756,5.0,236.0,640.0,159.88600000000002,0.024048262617898445,3.8689920567844713,medium
16767,3.0,172.0,590.0,428.4666666666667,0.03395808398148936,14.968623797476365,high
16768,5.0,349.0,732.0,190.47,0.07483931453885839,14.330958895012056,high
16770,4.0,102.0,474.0,247.29250000000002,0.01034967144225799,2.5968229164743692,medium
16771,4.0,273.0,730.0,365.1875,0.03457705249043876,12.79029381593131,high
16772,2.0,298.0,721.0,911.5999999999999,0.11808198802822063,114.07544539643784,champions
16774,3.0,238.0,661.0,192.91666666666666,0.05783316194482095,11.517606677166896,high
16775,5.0,75.0,442.0,247.496,0.0026195359890870836,0.6515747195744186,low
16777,2.0,219.0,632.0,435.765,0.08613307280885156,39.870241351451554,champions
16779,30.0,370.0,736.0,598.9259999999999,9.010524493511813e-07,0.0005252124477855624,low
16782,23.0,365.0,730.0,346.4495652173913,2.901900842738139e-05,0.009803746898601608,low
16784,3.0,245.0,621.0,193.19333333333336,0.08870778281937901,17.692578928577543,high
16787,3.0,301.0,698.0,264.73,0.10321780562137213,28.157346953813935,champions
16788,2.0,266.0,670.0,474.865,0.11603150252912248,58.50554744211121,champions
16791,6.0,353.0,736.0,334.9433333333333,0.05267777375638135,17.598416228206673,high
16792,2.0,321.0,704.0,152.145,0.1606391159938909,26.166987482193715,champions
16794,4.0,244.0,624.0,157.0025,0.055290092930185185,8.824101124857,high
16795,2.0,318.0,683.0,731.0600000000001,0.1764378580524122,136.76941181198444,champions
16797,4.0,344.0,737.0,414.985,0.09452515521871535,39.720893588323584,champions
16798,2.0,175.0,729.0,322.07,0.024491133823871566,8.390539790912396,medium
16807,2.0,153.0,623.0,364.12,0.03493613564923908,13.524397039928456,high
16809,3.0,173.0,605.0,185.6933333333333,0.030313340227136207,5.812879331044672,medium
16812,2.0,4.0,382.0,401.45,0.006303870123462118,2.6905973415785045,medium
16814,15.0,238.0,607.0,342.36800000000005,0.00010773736120161665,0.036128109680879636,low
16817,4.0,63.0,431.0,233.705,0.004674443233053915,1.1087871669030118,low
16823,5.0,350.0,737.0,342.64,0.0724886713183316,24.92678295243377,champions
16825,2.0,156.0,534.0,328.875,0.07184356278328566,25.137311953786714,champions
16827,4.0,196.0,589.0,56.6625,0.030901779227701064,1.7987381805266724,low
16830,2.0,284.0,726.0,290.585,0.09979630746295295,30.866859087490404,champions
16835,4.0,196.0,569.0,261.3575,0.03815266787222248,10.113157086495436,high
16839,10.0,297.0,666.0,349.826,0.005794731935639116,1.9972847667015363,low
16841,5.0,268.0,696.0,359.188,0.02566528965598438,9.251381939451353,high
16843,14.0,307.0,729.0,560.855,0.0002688145712279289,0.14771741627161838,low
16858,9.0,356.0,724.0,386.52777777777777,0.018870406264405087,7.199606116605745,medium
16859,3.0,229.0,645.0,280.54333333333335,0.057244462350421035,16.54565055209907,high
16860,2.0,210.0,662.0,437.55,0.06269393649794272,29.137648832713943,champions
16861,2.0,118.0,508.0,317.71500000000003,0.04538020892850929,15.343077023034239,high
16862,3.0,154.0,701.0,165.57666666666668,0.00930124714484378,1.591455340780781,low
16868,2.0,199.0,593.0,106.86,0.08693727263782385,9.999278347631948,high
16872,2.0,36.0,463.0,148.23,0.00889027360624562,1.4119128638226286,low
16873,5.0,239.0,668.0,1101.6979999999999,0.018918154451179534,20.887523435500036,high
16875,4.0,266.0,703.0,365.95500000000004,0.038914899072225395,14.425578375561665,high
16883,16.0,364.0,735.0,125.806875,0.0007749013241040739,0.09550307840891786,low
16888,2.0,301.0,701.0,119.08000000000001,0.1364790655531161,17.458957990851577,high
16889,2.0,168.0,565.0,297.615,0.06826230396461253,21.62574016244607,champions
16890,2.0,106.0,582.0,53.4,0.019602185771436628,1.1461518026206268,low
16891,6.0,364.0,735.0,156.11333333333332,0.06467958937834828,10.092744834354793,high
16895,3.0,227.0,665.0,252.14000000000001,0.047210897712075296,12.26984849854858,high
16898,2.0,208.0,576.0,165.555,0.1105873391015087,19.58577908873316,high
16904,4.0,44.0,411.0,295.5575,0.002817839600071399,0.844638152143605,low
16905,9.0,358.0,729.0,179.96666666666667,0.018416467366407178,3.2755101441793912,medium
16907,4.0,161.0,526.0,155.625,0.027917973478673676,4.4175564061508386,medium
16912,3.0,309.0,730.0,506.5433333333333,0.09041772841735232,47.08801180478335,champions
16915,4.0,183.0,569.0,96.6,0.02880272829489055,2.839095396822111,medium
16916,2.0,43.0,415.0,213.265,0.017643945165644485,4.016652738363649,medium
16918,8.0,314.0,736.0,240.905,0.009051034637683532,2.1592477422144367,low
16919,11.0,109.0,477.0,216.11818181818182,3.7953596253152586e-05,0.008076637772104739,low
16923,11.0,302.0,677.0,507.9045454545454,0.003337909273358429,1.667061443256254,low
16926,4.0,155.0,526.0,188.7875,0.024119405985719922,4.624887048877219,medium
16928,9.0,301.0,674.0,118.25111111111111,0.009466804280732627,1.107773322339977,low
16931,2.0,28.0,397.0,206.22500000000002,0.013170637906757788,2.9003347727164064,medium
16933,5.0,341.0,730.0,404.32599999999996,0.06720603399383993,27.26195938161738,champions
16934,3.0,238.0,621.0,259.2866666666667,0.08000232790414728,21.379967988285625,champions
16935,2.0,40.0,421.0,133.425,0.015152111718046021,2.169271629985745,low
16938,4.0,279.0,660.0,861.845,0.07115530520427345,62.0315866096221,champions
16939,2.0,161.0,649.0,139.325,0.033217735376161746,4.960903424592999,medium
16940,4.0,281.0,731.0,680.4075,0.03912369917962807,26.93202635481272,champions
16945,9.0,337.0,730.0,414.59000000000003,0.010669405466271981,4.365864278469567,medium
16946,4.0,264.0,647.0,140.675,0.06276285738360074,8.980898811641252,high
16947,2.0,184.0,646.0,15.95,0.04848361621162644,0.9141693237943048,low
16948,3.0,227.0,656.0,107.61666666666666,0.05074364593942784,5.666210878952129,medium
16950,7.0,317.0,684.0,309.7557142857143,0.03135733482283255,9.647235861818485,high
16952,2.0,287.0,728.0,189.565,0.10169276035548484,20.588981665348967,high
16954,10.0,311.0,690.0,317.294,0.005906761096760479,1.8466974966377272,low
16955,3.0,309.0,677.0,160.11666666666667,0.1324623747851232,21.92340578439133,champions
16960,4.0,257.0,647.0,275.77250000000004,0.05571286846010163,15.577376706225305,high
16975,2.0,82.0,505.0,287.56,0.021509807623462125,6.5863265472495325,medium
16977,2.0,236.0,631.0,177.89999999999998,0.10667839818518098,20.284825296566716,high
16979,2.0,67.0,450.0,335.745,0.024428507369553466,8.726348229419756,high
16983,4.0,77.0,446.0,399.8325,0.006437804943923413,2.6081081196583003,medium
16984,6.0,238.0,642.0,741.6766666666667,0.014001914520573942,10.348904686678514,high
16985,9.0,353.0,729.0,441.75,0.01626788487004721,7.092390572025806,medium
16986,3.0,228.0,673.0,124.23333333333333,0.045011943958975335,5.793205141648497,medium
16987,3.0,361.0,737.0,245.43666666666664,0.15333008786937966,38.79184778547622,champions
16992,7.0,279.0,666.0,533.3371428571429,0.016362991684556284,8.661772067102977,high
16996,2.0,35.0,417.0,132.97500000000002,0.013481238011529046,1.9236600483654034,low
17001,6.0,248.0,624.0,345.665,0.02237094785642945,7.71373738627646,medium
17002,2.0,198.0,641.0,382.58,0.061321728145939704,24.935417746508094,champions
17003,2.0,176.0,578.0,343.5,0.06991749901539601,25.543167640851372,champions
17006,3.0,252.0,644.0,221.95000000000002,0.08145574040182542,18.64819220701317,high
17017,8.0,371.0,736.0,585.77875,0.034160097227029465,19.79309736175454,high
17018,3.0,347.0,734.0,335.6666666666667,0.13538623810515207,46.7805486648206,champions
17019,6.0,369.0,737.0,422.98499999999996,0.06902130662614338,29.108096568281976,champions
17021,5.0,147.0,589.0,167.434,0.004533301683718446,0.7636761311135768,low
17023,2.0,280.0,697.0,328.915,0.11379362408299648,39.810359462903705,champions
17025,2.0,268.0,641.0,146.925,0.14211192280424303,22.36628823925994,champions
17027,2.0,283.0,729.0,148.485,0.09705621237945067,15.433648468412855,high
17028,2.0,140.0,721.0,642.96,0.014311903512912564,9.760189822810453,high
17029,4.0,281.0,663.0,147.325,0.07147535641936044,10.707609136958837,high
17031,3.0,203.0,581.0,124.83333333333333,0.06453209458898522,8.34641543084289,medium
17032,3.0,126.0,729.0,690.84,0.004000438109585861,2.839488422740889,medium
17043,3.0,355.0,730.0,167.48666666666665,0.1511623487517804,26.15924749329435,champions
17044,9.0,358.0,732.0,782.5911111111111,0.017622525262316804,13.60528488689571,high
17046,2.0,176.0,620.0,447.145,0.051555795431134324,24.48569879348498,champions
17047,2.0,300.0,731.0,432.84000000000003,0.11363760083844453,52.24379672517177,champions
17048,3.0,253.0,690.0,296.1333333333333,0.05765411102252413,17.584876360655564,high
17049,7.0,270.0,645.0,520.6371428571429,0.01737670658765072,8.979886451589643,high
17050,3.0,307.0,682.0,243.49333333333334,0.12472826520618488,31.30928952181095,champions
17051,2.0,182.0,628.0,151.675,0.05332017571437138,8.65983442452639,high
17059,4.0,313.0,682.0,522.135,0.09791852077954082,51.75084636199345,champions
17062,3.0,74.0,439.0,157.21333333333334,0.014735890982962548,2.3960883269806477,medium
17063,5.0,331.0,738.0,379.75600000000003,0.05287630844692868,20.14792924071446,high
17068,26.0,253.0,621.0,167.62769230769229,1.6062149077310507e-07,2.6249182909546015e-05,low
17069,4.0,363.0,736.0,622.9075,0.12184142578846271,76.79466457194677,champions
17071,3.0,303.0,684.0,354.82,0.11717615085241188,42.79274462789779,champions
17075,5.0,296.0,725.0,244.042,0.03263046420924132,7.999009953639899,medium
17076,2.0,343.0,735.0,166.995,0.1627463534981022,29.06518987699919,champions
17080,4.0,147.0,526.0,96.715,0.019729252764484524,1.9471804882008459,low
17081,3.0,260.0,655.0,188.71333333333334,0.08359942656302341,16.28873952750531,high
17082,2.0,330.0,724.0,886.74,0.155139690587234,145.79645365113518,champions
17083,5.0,259.0,668.0,347.62199999999996,0.028731935221253627,10.02441180656017,high
17085,19.0,357.0,733.0,322.87421052631584,0.00013502827107163685,0.04258501271465129,low
17090,4.0,134.0,508.0,112.01249999999999,0.017309581951711086,1.9760663030619192,low
17091,10.0,356.0,723.0,370.915,0.012379722689974906,4.523480324879423,medium
17092,5.0,238.0,675.0,704.3340000000001,0.017182391978744445,12.133053771542738,high
17095,3.0,294.0,724.0,306.19666666666666,0.07830495374548259,24.69066068297022,champions
17096,6.0,172.0,555.0,344.19166666666666,0.007246732969956544,2.488451175714395,medium
17098,2.0,159.0,540.0,139.95,0.07189460548424563,10.786464181152398,high
17101,2.0,156.0,550.0,317.21,0.0633507584975939,21.38340885772728,champions
17107,3.0,280.0,677.0,1092.73,0.09246558682989711,103.7499721165848,champions
17113,4.0,123.0,697.0,452.0675,0.0017771697669658304,0.8134178664256076,low
17115,3.0,186.0,734.0,484.6133333333334,0.013617967901118517,6.785692549756341,medium
17122,2.0,111.0,499.0,165.08,0.042669204980825576,7.536630529211779,medium
17126,3.0,84.0,465.0,261.66,0.014793375853249833,3.9906334878552836,medium
17127,4.0,307.0,735.0,224.12,0.056838624129789704,12.924038712924087,high
17133,4.0,154.0,628.0,327.1575,0.007885103959145682,2.614169558461885,medium
17135,3.0,208.0,579.0,214.85999999999999,0.0714306085534566,15.835263125761784,high
17137,4.0,261.0,677.0,183.8875,0.04516174530165404,8.433868593931749,medium
17138,5.0,284.0,673.0,461.63800000000003,0.0443501919878994,20.53758049180558,high
17139,8.0,308.0,697.0,1014.88625,0.013317039259681892,13.364862095035289,high
17142,2.0,280.0,684.0,239.625,0.1230751100218014,31.43555101958197,champions
17145,2.0,146.0,658.0,1091.84,0.024224454927241207,28.022278253721876,champions
17146,9.0,240.0,675.0,432.4622222222222,0.0014311152956465367,0.6108769838653032,low
17147,4.0,245.0,697.0,270.015,0.02838757605900314,7.771483665998447,medium
17150,5.0,357.0,733.0,247.28000000000003,0.08389481738701188,20.83773336263896,high
17155,4.0,209.0,736.0,111.125,0.01001070756556663,1.133411891892299,low
17157,15.0,255.0,735.0,203.63333333333333,1.2100759224656549e-05,0.0024141243534072923,low
17160,10.0,361.0,735.0,586.519,0.011693225251221651,6.7535859404698035,medium
17165,4.0,347.0,728.0,314.995,0.10587687783949676,33.79557942723922,champions
17167,2.0,66.0,445.0,304.71000000000004,0.02496611005414397,8.098688897116375,medium
17179,2.0,180.0,562.0,301.15,0.08358061251058609,26.791306333890848,champions
17180,6.0,265.0,687.0,219.0,0.01541560077984648,3.3708422298807523,medium
17188,5.0,285.0,731.0,348.356,0.025064045379683233,8.762344735920186,high
17189,2.0,176.0,737.0,171.385,0.02365775642755445,4.334910834403201,medium
17190,2.0,241.0,644.0,450.645,0.10380789225695909,49.684709858417385,champions
17191,7.0,370.0,738.0,354.6857142857143,0.04811382360753501,16.944477471917295,high
17201,2.0,144.0,667.0,205.05,0.02198684411354169,4.811932756317925,medium
17204,3.0,173.0,547.0,1045.9199999999998,0.051373097047377296,55.187671533317534,champions
17209,2.0,87.0,736.0,145.6,0.004376774717796498,0.6826251576130372,low
17211,5.0,357.0,726.0,268.54,0.08965650396660332,24.177816389393104,champions
17213,6.0,358.0,724.0,349.39500000000004,0.0655871398036632,22.855139711753978,champions
17218,8.0,315.0,683.0,231.19375000000002,0.01935854965376794,4.432797397038985,medium
17220,3.0,271.0,688.0,311.7266666666667,0.07543519779298578,24.214720009291497,champions
17222,4.0,221.0,698.0,258.97749999999996,0.017865756706414913,4.691748269397774,medium
17227,6.0,325.0,693.0,118.61833333333334,0.05051232230405346,5.996873250084651,medium
17228,6.0,270.0,637.0,190.515,0.03155274551510146,6.005098427090967,medium
17230,9.0,168.0,731.0,538.0555555555555,4.076103775658572e-05,0.02164126878209631,low
17231,11.0,343.0,732.0,341.55454545454546,0.004604191119183749,1.5467188978212085,low
17235,6.0,181.0,553.0,199.79833333333332,0.009779833773555855,1.9520046611416073,low
17236,5.0,232.0,642.0,125.90799999999999,0.021554267742951917,2.734238117792525,medium
17238,14.0,367.0,738.0,271.44214285714287,0.0021131233969529286,0.5622706916431663,low
17239,2.0,139.0,526.0,198.85000000000002,0.057571598976980234,12.22500686995911,high
17241,10.0,277.0,662.0,217.564,0.0032804621370070754,0.7036596032708748,low
17242,2.0,228.0,684.0,605.49,0.06853102991760136,44.02186895141439,champions
17243,40.0,369.0,738.0,279.42,4.023249063092741e-09,1.0926861334182324e-06,low
17259,3.0,287.0,655.0,326.03333333333336,0.11958411456741025,40.14305775706608,champions
17262,5.0,358.0,724.0,101.7,0.0927771378030983,9.518561735657988,high
17268,6.0,286.0,731.0,102.89166666666667,0.014859427989700727,1.531378498441635,low
17281,5.0,299.0,673.0,66.0,0.05835556705875586,3.90108501801548,medium
17287,12.0,369.0,736.0,233.585,0.005895929136796915,1.3532457762245105,low
17289,5.0,265.0,641.0,219.212,0.04334879686759463,9.549808027234427,high
17290,4.0,345.0,726.0,198.435,0.10482719250295282,21.115706662897995,high
17293,7.0,342.0,736.0,240.99714285714285,0.027996181053035373,6.704026439852928,medium
17298,2.0,267.0,641.0,161.125,0.14065693109458988,24.249829183681378,champions
17307,10.0,294.0,689.0,252.24699999999999,0.003564908597222884,0.8863228684673654,low
17311,3.0,282.0,674.0,527.19,0.09708980858236303,52.62234124633857,champions
17314,8.0,343.0,736.0,277.78875,0.01820942831726394,5.007918769146172,medium
17315,4.0,63.0,438.0,600.0,0.0042509420565222346,2.5823571653257384,medium
17320,3.0,319.0,687.0,456.96333333333337,0.1382373531667244,64.96606375603695,champions
17321,2.0,183.0,577.0,316.75,0.0780687040469223,26.312112399899146,champions
17322,4.0,360.0,736.0,202.1125,0.11733004212282129,24.069834132842622,champions
17323,4.0,291.0,698.0,124.555,0.06115033137629232,7.753546405953128,medium
17324,7.0,355.0,721.0,123.32714285714285,0.043929471568848764,5.394709406270358,medium
17332,4.0,128.0,656.0,140.45749999999998,0.0030115498648413445,0.43026266590517204,low
17338,8.0,264.0,639.0,654.415,0.009572616445147298,6.196924371080166,medium
17340,7.0,297.0,663.0,1225.2228571428573,0.026211865156398603,31.857444861146217,champions
17342,3.0,290.0,669.0,271.25,0.11166358642427536,31.20922399399839,champions
17343,4.0,360.0,736.0,216.875,0.11733004212282129,25.819792795193276,champions
17345,3.0,363.0,738.0,246.42,0.15540522104320448,39.47352344133481,champions
17346,11.0,227.0,600.0,227.81454545454545,0.0009386914607368314,0.21048525550008523,low
17348,3.0,202.0,639.0,299.0466666666667,0.03854007534644843,11.870976348951578,high
17349,3.0,251.0,631.0,183.9466666666667,0.08914975181332481,16.93491966617149,high
17350,2.0,282.0,676.0,139.20999999999998,0.13180929124533114,19.668334849093522,high
17351,7.0,302.0,729.0,167.56857142857143,0.012626470738313527,2.104389948073593,low
17356,3.0,134.0,688.0,150.11666666666667,0.006641944131182216,1.031147937200295,low
17358,2.0,277.0,653.0,192.23999999999998,0.14440081736508503,29.64699789071764,champions
17362,4.0,302.0,702.0,140.585,0.06992098950119427,9.998022188929257,high
17364,14.0,356.0,732.0,466.42214285714283,0.0016200125444387373,0.7403989088199586,low
17365,6.0,290.0,676.0,496.23,0.03039116334588132,15.034180574799297,high
17368,4.0,349.0,724.0,162.875,0.11230614301837523,18.587396649820512,high
17372,18.0,355.0,736.0,158.05388888888888,0.0001903867090088514,0.029427957483997545,low
17373,2.0,231.0,649.0,178.44,0.08923025255668694,17.01761309252232,high
17377,50.0,372.0,737.0,249.7566,2.7860785159045214e-11,6.757649935896702e-09,low
17380,2.0,100.0,534.0,117.89999999999999,0.025281832996572214,3.203396296881312,medium
17381,9.0,180.0,548.0,330.0777777777778,0.001418151951452286,0.46228450200579085,low
17382,5.0,134.0,569.0,99.72,0.0038863983811359406,0.3911215666405996,low
17388,6.0,309.0,729.0,139.96666666666667,0.02456741216576499,3.438662817697912,medium
17389,20.0,361.0,735.0,482.85249999999996,9.288616207142921e-05,0.04377970871698629,low
17396,6.0,70.0,441.0,128.54999999999998,0.0008444665727971884,0.10866409372404678,low
17400,2.0,141.0,722.0,874.095,0.014479222040534059,13.413615707520691,high
17402,9.0,354.0,723.0,166.57222222222222,0.01822430173832143,3.0006730789075355,medium
17406,9.0,367.0,733.0,234.71888888888893,0.021633387592167735,5.015522859710379,medium
17409,5.0,307.0,728.0,771.948,0.03861962184401499,29.883455917419763,champions
17412,9.0,365.0,737.0,250.68444444444444,0.01944180346861576,4.81344433032382,medium
17414,3.0,313.0,736.0,163.33333333333334,0.09096051927631957,15.353518679224068,high
17416,7.0,332.0,725.0,1228.5828571428572,0.02591374645407092,31.578434413370548,champions
17419,6.0,316.0,683.0,342.77500000000003,0.04758429541807808,16.269053373909692,high
17420,2.0,28.0,401.0,137.425,0.012628447199187105,1.8615191767731363,low
17421,2.0,349.0,735.0,464.305,0.17078594380920153,84.1999327426263,champions
17422,4.0,153.0,534.0,327.0375,0.02094591647654498,6.942913312978784,medium
17426,2.0,208.0,660.0,1233.595,0.06185451129910966,80.82535171162016,champions
17428,12.0,370.0,738.0,867.4074999999999,0.005861356752247384,4.990853261882664,medium
17430,2.0,114.0,479.0,129.305,0.05391071314831544,7.482137844537119,medium
17432,4.0,351.0,736.0,303.04499999999996,0.10452407620473432,32.101480244875816,champions
17436,2.0,324.0,732.0,102.75,0.14091037851899507,15.591667851558183,high
17438,3.0,197.0,641.0,256.86333333333334,0.03472649770847202,9.19377418098364,high
17442,7.0,281.0,662.0,264.88142857142856,0.018128426144453577,4.770881494779385,medium
17448,12.0,116.0,645.0,1170.865,5.142765415472495e-07,0.0005911334530644441,low
17449,5.0,343.0,730.0,427.434,0.0693884543381109,29.75294000737904,champions
17450,4.0,71.0,438.0,533.96,0.0057585012261138655,3.1137371096232083,medium
17454,5.0,231.0,693.0,174.302,0.012197451361685496,2.138315808728519,low
17457,8.0,353.0,732.0,264.1425,0.024172899722741042,6.321988263289105,medium
17460,11.0,314.0,686.0,124.17545454545456,0.004194884191221461,0.5132680719274941,low
17465,5.0,311.0,736.0,423.284,0.038328933483921065,16.275570919892242,high
17469,8.0,323.0,723.0,355.24625000000003,0.013481658033438825,4.739882896140626,medium
17470,6.0,141.0,508.0,214.80666666666664,0.005256843841695673,1.1279248605333048,low
17491,6.0,223.0,590.0,272.6433333333334,0.01875538487222733,5.103678791969373,medium
17496,2.0,131.0,694.0,393.59000000000003,0.01446402335021372,6.049564236860367,medium
17504,8.0,289.0,669.0,691.335,0.01216067596354334,8.315709608641848,medium
17511,24.0,370.0,737.0,1921.9066666666668,1.8471942738934193e-05,0.03459454655391988,low
17512,6.0,277.0,729.0,224.8166666666667,0.012483109088838054,2.801733012475206,medium
17515,4.0,156.0,550.0,203.755,0.01885016830031727,3.899469024597705,medium
17519,9.0,370.0,738.0,312.94,0.02161900424516661,6.679509966464471,medium
17526,7.0,357.0,722.0,225.00285714285715,0.04517573879869164,10.101724159372408,high
17530,2.0,368.0,733.0,248.49,0.19948521650199538,52.81933712917968,champions
17534,3.0,201.0,652.0,314.42333333333335,0.034018400813145555,11.014550941772796,high
17539,2.0,98.0,726.0,425.01,0.005991580614005177,2.704972288590361,medium
17540,3.0,216.0,599.0,218.18333333333337,0.06839226230985977,15.39433338975728,high
17548,2.0,18.0,396.0,222.03000000000003,0.009362973533379679,2.2184404022120683,low
17550,4.0,273.0,670.0,496.2575,0.05889888949254107,29.58912445805427,champions
17552,6.0,255.0,627.0,289.82666666666665,0.025400957142958702,7.346193085835202,medium
17553,2.0,138.0,610.0,99.0,0.029567846273211292,3.154902237069985,medium
17555,2.0,161.0,586.0,213.39499999999998,0.05221511168721638,11.889776417764534,high
17560,3.0,265.0,660.0,241.5,0.08615775197103338,21.451823765190426,champions
17561,2.0,343.0,733.0,184.015,0.16451702581711844,32.34273500725388,champions
17572,6.0,351.0,724.0,72.325,0.057901591108240766,4.20524583735683,medium
17576,21.0,371.0,736.0,243.41809523809522,8.935782167934882e-05,0.021230864128853468,low
17578,3.0,55.0,529.0,249.14666666666668,0.0030189597290813455,0.775518340229851,low
17581,10.0,364.0,736.0,723.376,0.012467333300670728,8.879785682995184,high
17582,3.0,177.0,623.0,300.00666666666666,0.028001710446296495,8.652769588147226,high
17584,3.0,216.0,683.0,937.4166666666666,0.034231995204377585,32.95631673852051,champions
17585,2.0,33.0,478.0,304.41999999999996,0.00702426371067559,2.276254011403405,low
17588,3.0,241.0,637.0,386.7833333333333,0.07338643507197624,29.20848536211092,champions
17589,11.0,257.0,642.0,989.4009090909091,0.001319886863128965,1.283777095789909,low
17593,5.0,326.0,735.0,662.99,0.05007125380962203,33.2809361842317,champions
17596,6.0,356.0,724.0,271.795,0.06330895945189641,17.170254682708247,high
17597,3.0,165.0,583.0,372.8333333333333,0.03152572810099071,12.097492825834632,high
17602,6.0,147.0,619.0,322.9116666666667,0.001364362520310441,0.4395393157221739,low
17603,2.0,112.0,729.0,490.07000000000005,0.007921026691006975,4.12103975484884,medium
17604,3.0,259.0,681.0,160.40666666666667,0.06734285650357469,11.165661579040462,high
17609,3.0,207.0,609.0,117.93666666666667,0.05408936366641246,6.612810901389734,medium
17610,4.0,193.0,733.0,287.86,0.007328272734502212,2.1382422419433462,low
17611,11.0,317.0,738.0,348.37,0.0018524850039822142,0.6347182386398086,low
17612,10.0,343.0,722.0,311.30100000000004,0.008806938927350428,2.701330020871044,medium
17615,2.0,98.0,485.0,141.14999999999998,0.036781805321257154,5.56572603329155,medium
17618,7.0,301.0,684.0,381.0514285714286,0.02182077592604772,8.255772975668592,medium
17621,2.0,27.0,431.0,226.55,0.008992251885855403,2.173407323056065,low
17623,5.0,316.0,725.0,332.08000000000004,0.046549505964218967,15.515040551973897,high
17625,3.0,278.0,724.0,1104.0766666666666,0.0634721430917977,71.95253194304317,champions
17631,3.0,356.0,730.0,135.55333333333334,0.1527140597616473,21.42637418711369,champions
17633,2.0,10.0,389.0,177.325,0.007447002360133055,1.4122108025415299,low
17635,2.0,166.0,590.0,363.39,0.054882418367285135,21.204634670884314,high
17639,2.0,96.0,483.0,164.065,0.035852392403135945,6.294294196893952,medium
17640,4.0,247.0,626.0,414.725,0.05720098106198353,24.025484690979116,champions
17642,2.0,305.0,734.0,415.59000000000003,0.11717106282526624,51.73055389519402,champions
17644,8.0,267.0,661.0,312.69125,0.007492720411519518,2.3193738938741992,low
17646,9.0,358.0,723.0,286.97222222222223,0.020121922885260803,5.701894264456988,medium
17651,4.0,28.0,526.0,354.0425,0.0003057836145884648,0.10970513298477907,low
17655,2.0,50.0,416.0,231.6,0.021463937368855813,5.302683486587672,medium
17659,2.0,14.0,386.0,135.15,0.008976592117866151,1.3016575705251745,low
17663,9.0,228.0,645.0,312.4188888888889,0.001544779644976535,0.47656082604366445,low
17666,2.0,50.0,527.0,460.02,0.007706772642180004,3.7657527405905014,medium
17667,3.0,219.0,654.0,475.8299999999999,0.04534786178730171,22.190195945241104,champions
17669,2.0,155.0,617.0,454.37,0.03771740333041504,18.201664273527907,high
17672,2.0,224.0,641.0,575.6500000000001,0.08633306465692107,52.73560230426194,champions
17673,5.0,255.0,630.0,360.56,0.040055300884580626,14.49496563170624,high
17675,33.0,362.0,729.0,448.6106060606061,1.4139603288362272e-07,6.170540616673511e-05,low
17676,4.0,253.0,619.0,252.215,0.0680132534344641,17.398399005999803,high
17677,18.0,357.0,723.0,674.4505555555556,0.0002903803956032906,0.19134040385891712,low
17679,3.0,215.0,736.0,367.09999999999997,0.022432198550086782,8.474217902808677,medium
17681,3.0,96.0,693.0,118.26666666666665,0.0024636451940836987,0.3019954193343652,low
17682,5.0,273.0,641.0,321.85,0.050658192597851745,16.367542016892628,high
17683,2.0,169.0,554.0,137.66,0.07538087208038743,11.1266302182065,high
17685,5.0,294.0,666.0,351.404,0.057379644276140916,20.236834388853502,high
17690,6.0,308.0,674.0,366.49,0.04508906340367673,16.4807771271716,high
17691,2.0,178.0,546.0,158.5,0.09166283605136248,15.550865390869374,high
17692,6.0,144.0,540.0,315.21,0.003626048075848962,1.1405298289965375,low
17695,2.0,286.0,680.0,251.40000000000003,0.13384815651777843,35.85423168399258,champions
17696,16.0,347.0,729.0,292.025,0.00044895814372260647,0.12830285017252605,low
17700,8.0,357.0,738.0,409.45,0.024415949627379457,9.891997219309244,high
17706,11.0,323.0,689.0,678.6563636363636,0.005294295919868024,3.532407504578819,medium
17707,5.0,356.0,732.0,81.18,0.08340761278548632,6.843264122187493,medium
17709,3.0,133.0,603.0,94.03000000000002,0.013298970876216867,1.2997859184218554,low
17713,3.0,166.0,548.0,298.3866666666667,0.044447903093872886,13.66268248269927,high
17714,3.0,89.0,513.0,304.52333333333337,0.010253925487321139,3.2166942307307966,medium
17716,10.0,341.0,737.0,886.066,0.0065542754747284545,5.717597361173626,medium
17720,6.0,211.0,578.0,228.0583333333333,0.016093127174264074,3.6648267566286203,medium
17726,6.0,287.0,682.0,163.87000000000003,0.026569278052946323,4.351434242027174,medium
17730,5.0,207.0,589.0,382.32399999999996,0.02235520532534493,8.57768418686161,high
17732,6.0,115.0,487.0,297.2483333333334,0.0028077259786043365,0.8330180570083838,low
17734,2.0,117.0,642.0,209.995,0.015761227510799874,3.531974586855556,medium
17735,7.0,130.0,497.0,527.7914285714286,0.001981282914461588,1.0382621490965211,low
17738,5.0,235.0,630.0,370.26800000000003,0.026305088266866724,9.774891085795279,high
17739,10.0,358.0,732.0,402.396,0.01131523679467683,4.485020006348756,medium
17740,5.0,308.0,697.0,57.239999999999995,0.053514955638152006,3.107889907417229,medium
17742,8.0,310.0,738.0,186.765,0.007968733974286766,1.4746423466302527,low
17753,2.0,238.0,702.0,177.075,0.06916362634177733,13.089859187146294,high
17754,6.0,354.0,728.0,314.8016666666667,0.05849094518185549,18.367796489773273,high
17756,2.0,19.0,394.0,279.145,0.00991943140156825,2.9498224129666495,medium
17757,26.0,327.0,695.0,136.62269230769232,2.0041871446380582e-06,0.0002669600076730076,low
17758,3.0,141.0,568.0,344.6233333333333,0.021894984077710372,7.768464303774234,medium
17760,3.0,276.0,649.0,149.60666666666665,0.10877112121807797,16.830502649058445,high
17764,2.0,334.0,736.0,303.19000000000005,0.15022215664623154,48.46552306915879,champions
17768,2.0,350.0,737.0,408.97,0.17031219438165454,73.99954308564975,champions
17769,6.0,306.0,689.0,471.9583333333333,0.03636299744866851,17.109299362924165,high
17774,4.0,272.0,669.0,389.98,0.058469420185050566,23.094737801572084,champions
17790,5.0,166.0,544.0,118.88399999999999,0.01364644745075027,1.6353995625361994,low
17796,3.0,52.0,421.0,174.41666666666666,0.008863845129517036,1.597828447457167,low
17797,4.0,329.0,724.0,249.705,0.0857602901582587,21.717409298441467,champions
17799,7.0,337.0,726.0,421.23285714285714,0.028475121800024723,11.90710530286731,high
17801,2.0,240.0,691.0,194.72,0.07590123371525631,15.781639716846497,high
17802,6.0,354.0,726.0,527.5983333333334,0.05977883517043163,31.43662106023164,champions
17804,2.0,362.0,738.0,131.04,0.1858782188834828,26.1283452832359,champions
17807,2.0,309.0,704.0,124.82000000000001,0.1444150600761631,19.350782346903674,high
17808,3.0,33.0,581.0,43.446666666666665,0.0008069523848697895,0.03699970796743891,low
17809,8.0,366.0,737.0,312.15625,0.03022186747477899,9.338096885433364,high
17811,6.0,71.0,445.0,257.2633333333333,0.0008283149367194174,0.21278743131496583,low
17812,3.0,162.0,530.0,112.96,0.04879388034919894,5.717125136043327,medium
17816,2.0,359.0,724.0,28.82,0.19563262348722513,6.351082123771914,medium
17817,2.0,44.0,422.0,158.485,0.01694248242091576,2.874841357834124,medium
17819,5.0,355.0,726.0,225.99200000000002,0.08696020888425285,19.745486919838932,high
17838,8.0,265.0,630.0,427.38375,0.011300978073986301,4.779679001971765,medium
17841,84.0,372.0,737.0,325.9013095238095,2.818632337200629e-19,8.9075206391954e-17,low
17848,18.0,316.0,733.0,106.72277777777778,3.3248883719061034e-05,0.0034724006733461276,low
17849,2.0,155.0,635.0,130.89,0.03317401411067473,4.658503740427564,medium
17850,22.0,362.0,734.0,2206.9054545454546,3.626852649051714e-05,0.07804654389296234,low
17851,5.0,314.0,736.0,250.12000000000003,0.04039186262557913,10.147335386150317,high
17852,2.0,343.0,731.0,232.54500000000002,0.1663082687663984,41.230474100925164,champions
17853,2.0,329.0,736.0,511.9200000000001,0.1439454622727528,78.21556323427625,champions
17854,2.0,269.0,731.0,314.03999999999996,0.082717482865917,27.636076594827415,champions
17858,16.0,364.0,733.0,289.018125,0.0008115171784259158,0.2295271199591377,low
17860,2.0,360.0,728.0,253.97500000000002,0.19298790824538453,52.21875071917228,champions
17861,9.0,344.0,729.0,288.44444444444446,0.012963518425905346,3.6922216262435703,medium
17862,2.0,178.0,563.0,400.335,0.08056349474237627,34.27674473710506,champions
17863,6.0,283.0,652.0,364.2866666666667,0.03488740141697632,12.675820084475454,high
17865,18.0,363.0,738.0,775.495,0.00025792591875235116,0.19540467526884342,low
17867,6.0,327.0,737.0,53.1,0.032108332246304,1.7173685010205977,low
17869,2.0,179.0,547.0,226.39499999999998,0.09229544958595394,22.286983174500772,champions
17871,3.0,296.0,693.0,239.90666666666667,0.10065641039999064,24.89613271295607,champions
17873,10.0,350.0,723.0,384.136,0.010515065283642256,3.978957147429059,medium
17876,2.0,276.0,675.0,99.0,0.12483552015922432,13.31881392495535,high
17884,13.0,367.0,735.0,170.25153846153847,0.0035761023956384927,0.597806077879079,low
17886,2.0,152.0,589.0,214.40999999999997,0.04404750492551477,10.077193459235517,high
17888,15.0,344.0,718.0,64.17266666666667,0.0008511707654138977,0.0536579431122047,low
17889,2.0,244.0,618.0,278.53,0.12747817652388535,37.808843875790345,champions
17894,9.0,103.0,469.0,134.28222222222223,0.00018263826935327576,0.02426997221422183,low
17897,6.0,209.0,576.0,227.04999999999998,0.015673299340210813,3.553497459130483,medium
17905,8.0,307.0,680.0,149.0425,0.016537023321247943,2.443898644098236,medium
17908,4.0,352.0,725.0,192.8,0.11580810938814724,22.66833884497398,champions
17913,10.0,336.0,736.0,278.843,0.005784293702027386,1.5894024682359407,low
17918,2.0,5.0,505.0,103.205,0.001976545547935393,0.21972934050115736,low
17920,35.0,365.0,733.0,399.5271428571429,5.192606130031243e-08,2.0175574765539168e-05,low
17921,5.0,133.0,512.0,286.276,0.007859801699916843,2.2600159305115475,low
17926,2.0,135.0,579.0,211.8,0.03531251879484672,7.981440620740558,medium
17929,6.0,343.0,730.0,88.0,0.04687402193277067,4.135801882891025,medium
17930,7.0,252.0,645.0,228.43428571428572,0.01091536623628847,2.4782157674007297,medium
17931,8.0,264.0,661.0,305.97749999999996,0.006882649551842693,2.084850589370723,low
17935,3.0,335.0,735.0,115.16666666666667,0.11807169931753599,14.097176552078373,high
17940,3.0,291.0,736.0,264.0,0.06911842841514723,18.80256052983008,high
17941,2.0,112.0,702.0,132.0,0.009442584341115093,1.3369574087730582,low
17949,42.0,366.0,737.0,124.93142857142857,1.1004468963481937e-09,1.3365378784973446e-07,low
17950,4.0,339.0,704.0,205.995,0.11620789381354377,24.29647075763646,champions
17954,7.0,363.0,730.0,187.2242857142857,0.04618385199847668,8.597217400197087,high
17961,49.0,366.0,738.0,35.007959183673464,2.3188322932383007e-11,7.898943933582688e-10,low
17963,3.0,218.0,689.0,159.98,0.033757548734682806,5.58227789941439,medium
17965,16.0,360.0,725.0,271.529375,0.0008336986938961083,0.2215468277539256,low
17966,2.0,99.0,690.0,242.39999999999998,0.007761725400975889,2.00524642682495,low
17968,3.0,139.0,512.0,137.36666666666665,0.03603095616772052,5.124063951391772,medium
17969,17.0,231.0,733.0,119.5964705882353,7.326402627049667e-07,8.578243487528494e-05,low
17974,2.0,26.0,407.0,459.08500000000004,0.011082250768892968,5.405624313806996,medium
17975,11.0,124.0,490.0,212.5563636363636,6.942074581322975e-05,0.014529300938705185,low
17978,3.0,366.0,731.0,233.62,0.16765848904952757,40.38533786664502,champions
17984,3.0,346.0,738.0,269.94666666666666,0.13038042478473325,36.2629734509823,champions
17987,3.0,174.0,550.0,203.54333333333332,0.050902353670224235,10.694062286757973,high
17988,5.0,245.0,732.0,24.592,0.011120773176260817,0.2822281788909311,low
17990,2.0,352.0,732.0,275.435,0.1776974324775653,52.11412244117966,champions
17994,6.0,232.0,620.0,176.41166666666666,0.015924167959860087,2.807142160757121,medium
17998,2.0,358.0,738.0,181.72,0.18030917968185464,35.00952509680204,champions
18001,2.0,288.0,737.0,182.06,0.09748913500218054,18.963940922516258,high
18002,3.0,356.0,731.0,66.68333333333334,0.15169568648422488,10.568980152249253,high
18006,2.0,341.0,722.0,192.53000000000003,0.17183672987421775,35.32957753845411,champions
18008,12.0,287.0,702.0,113.51166666666667,0.0007044399140519993,0.0786867533199169,low
18009,5.0,110.0,652.0,327.338,0.0006644685046761943,0.21833654474352798,low
18022,3.0,161.0,546.0,268.16,0.04101827387420509,11.336597049951727,high
18025,4.0,240.0,619.0,229.8175,0.0540260742750439,12.597611778682472,high
18036,6.0,336.0,721.0,173.26333333333332,0.04543379566627748,7.865466502721243,medium
18037,7.0,317.0,738.0,10.835714285714285,0.015908754504060384,0.17936278160693994,low
18039,3.0,266.0,640.0,154.04999999999998,0.10218769201496798,16.277760041402185,high
18041,17.0,329.0,694.0,236.52294117647057,0.00028945156729008896,0.0669686465135341,low
18044,7.0,173.0,560.0,163.53571428571428,0.003513710716691203,0.5717326051483387,low
18051,6.0,96.0,730.0,278.2633333333333,5.20161485359238e-05,0.014442337203376739,low
18055,4.0,46.0,413.0,744.6175000000001,0.0029888882454997753,2.2528010236993863,low
18057,2.0,297.0,690.0,414.71,0.14019606668076023,61.76868890541397,champions
18061,17.0,369.0,735.0,176.4670588235294,0.0005854009681002962,0.10107572159305567,low
18062,2.0,211.0,597.0,219.9,0.09899671522860472,23.22307520612333,champions
18064,6.0,230.0,676.0,330.0216666666667,0.007575110239224309,2.4937687806530615,medium
18065,9.0,342.0,730.0,342.1222222222222,0.01213717366872139,4.09923192905065,medium
18069,4.0,266.0,649.0,528.2149999999999,0.06369556895050907,34.056648596103535,champions
18071,3.0,369.0,734.0,249.46,0.16927255577457911,43.52383126045606,champions
18075,9.0,124.0,498.0,282.65777777777777,0.00030261790557919896,0.0845030502902115,low
18077,7.0,366.0,732.0,213.53714285714287,0.04782643438856572,10.150627538181606,high
18085,2.0,255.0,628.0,341.92500000000007,0.13472170561146576,48.99010665908796,champions
18087,11.0,359.0,738.0,325.8290909090909,0.006673551619282372,2.138758817717823,low
18092,7.0,370.0,735.0,479.4857142857143,0.049879544096708354,23.737986776524128,champions
18093,3.0,174.0,618.0,405.59666666666664,0.027597991097198505,11.51714969810965,high
18094,4.0,255.0,701.0,459.745,0.03275064709194823,15.244072844310782,high
18095,2.0,172.0,599.0,243.06,0.0563977291786944,14.611577262662866,high
18096,2.0,71.0,513.0,315.87,0.015334756148199513,5.154708714491996,medium
18097,4.0,337.0,722.0,411.185,0.09734321067500128,40.532133601211385,champions
18101,2.0,300.0,674.0,146.505,0.15847568279755253,24.870213380082653,champions
18102,42.0,373.0,738.0,930.2223809523808,2.014844229926623e-09,1.8209544166427678e-06,low
18106,2.0,217.0,693.0,366.115,0.056205134084137715,21.87457522303072,champions
18109,12.0,157.0,526.0,130.1675,8.733932697376347e-05,0.011187583154455435,low
18116,4.0,35.0,411.0,129.4325,0.0018737382711627997,0.24695941431506996,low
18118,3.0,12.0,381.0,323.22666666666663,0.0028721272702902484,0.9564379508944747,low
18135,4.0,242.0,634.0,81.8425,0.048401786065630927,4.048679761995825,medium
18144,7.0,350.0,723.0,162.40714285714284,0.03872467568238733,6.255936714854762,medium
18145,6.0,349.0,731.0,397.43666666666667,0.05174104614578385,20.50470778715192,high
18149,3.0,231.0,635.0,215.11333333333334,0.06408247253582652,14.221639581744082,high
18151,3.0,225.0,645.0,215.99666666666667,0.05374287987219393,11.975518995802592,high
18154,2.0,102.0,490.0,138.875,0.03833062056748714,5.707771680394944,medium
18168,10.0,364.0,736.0,234.27100000000002,0.012467333300670728,2.8789026720413675,medium
18170,5.0,326.0,700.0,324.38,0.07057010255368361,22.977785201286284,champions
18171,3.0,233.0,703.0,285.6666666666667,0.03856764204153946,11.34916846572434,high
18172,20.0,341.0,728.0,396.746,4.1978468808553945e-05,0.016258791066189868,low
18177,2.0,164.0,724.0,244.075,0.021206516501175644,5.516062996767638,medium
18178,6.0,257.0,659.0,671.21,0.017907264771442496,11.97860450775716,high
18181,3.0,335.0,735.0,175.8166666666667,0.11807169931753599,21.441344687397603,champions
18188,2.0,193.0,623.0,461.7,0.06473655855532258,31.74219754705801,champions
18190,2.0,114.0,717.0,134.37,0.008916426685742026,1.2847862971799318,low
18194,4.0,242.0,680.0,224.5,0.031374255444459834,7.146488273628638,medium
18203,2.0,350.0,731.0,112.66,0.17587051498295656,21.30321318135772,champions
18214,3.0,24.0,554.0,240.44333333333336,0.0007165909136101967,0.17767294203190998,low
18215,3.0,186.0,623.0,383.2,0.03314311328644693,13.06973091585209,high
18219,7.0,364.0,732.0,186.65714285714284,0.04597871064777407,8.533152700488932,medium
18220,4.0,330.0,724.0,236.75,0.0869626309649695,20.88363876229139,high
18223,11.0,348.0,735.0,549.1445454545454,0.005080949527527061,2.7432388996683628,medium
18225,13.0,370.0,735.0,512.5053846153846,0.0039454241757573855,1.9831706396779307,low
18226,13.0,266.0,644.0,442.6376923076923,0.0005542612643070811,0.2406790545087225,low
18229,8.0,370.0,736.0,259.68125,0.0334259265825687,8.594516054499245,high
18231,19.0,292.0,698.0,222.14,1.3328837846614337e-05,0.0028931070621621494,low
18236,3.0,215.0,603.0,225.49,0.06501681457935839,15.121755432782585,high
18241,3.0,202.0,617.0,232.53333333333333,0.046386148259960125,11.123473281796585,high
18242,3.0,252.0,697.0,343.68666666666667,0.053860530990413394,19.054526632830694,high
18245,9.0,262.0,641.0,383.01666666666665,0.0050567886712992475,1.91206834302229,low
18247,2.0,217.0,631.0,320.065,0.08454265129208904,28.78817091619448,champions
18251,6.0,272.0,717.0,759.0,0.012780819017493688,9.665716815265336,high
18252,4.0,173.0,721.0,155.7425,0.0051936821590038975,0.8221645604083729,low
18257,3.0,213.0,659.0,629.58,0.039440540227191435,25.519073606677182,champions
18258,4.0,108.0,572.0,274.14,0.0039652405150917185,1.1022850129959894,low
18259,4.0,365.0,731.0,361.40000000000003,0.13001613503055992,47.596296954513484,champions
18260,15.0,350.0,724.0,400.5926666666667,0.0009401460301390291,0.36875847307421206,low
18268,4.0,137.0,728.0,272.3875,0.001981502750547935,0.5471907230160963,low
18272,2.0,97.0,645.0,336.20000000000005,0.01013583553768438,3.6243263836957054,medium
18276,4.0,337.0,729.0,271.3025,0.09185544924849098,25.265099062247554,champions
18277,2.0,97.0,494.0,366.265,0.03325872675523707,12.953388149670927,high
18283,4.0,276.0,658.0,138.555,0.0690569878987545,9.733449493689012,high
18287,2.0,189.0,571.0,507.89,0.08887759709691896,47.925255172108294,champions
