,Recency,Frequency,Monetary
0,0.6712578633905183,-0.3696178285088919,-0.85167887632808
1,-0.966281225656121,-0.3696178285088919,0.3289731056797714
2,-0.24859434095049512,-0.8091666242446708,-0.5554052536787547
3,-0.5619505863853459,-0.3696178285088919,0.7892537279119717
4,-0.8854150978019659,-0.8091666242446708,-0.6062607616131879
5,-0.8854150978019659,-0.3696178285088919,-0.5562362481692246
6,-0.5518423204035765,-0.8091666242446708,-0.6402750822923925
7,1.0553719706977547,-0.8091666242446708,-0.2916676245534864
11,-0.38000179871349704,1.3885773544342235,2.2994642749319896
12,-0.7135745761118866,0.06993096722688691,0.7030854704069747
13,-0.005995957388030038,0.06993096722688691,-0.6662112934863412
14,1.7225175254945337,-0.8091666242446708,2.8561643448555176
15,1.6719761955856869,-0.8091666242446708,0.3619373925598769
16,-0.5013009904947295,0.06993096722688691,1.4827570185414987
17,1.6315431316586093,0.06993096722688691,-0.5651679335169738
18,-0.5417340544218071,0.06993096722688691,0.35873234315732205
19,1.6315431316586093,-0.3696178285088919,-0.4054792449774191
20,-0.42043486264057456,-0.3696178285088919,2.5750495972456595
21,-0.7438993740571946,-0.3696178285088919,0.15573559392603442
22,-0.8247655019113497,-0.3696178285088919,1.5743869572266127
23,1.0048306407889078,-0.8091666242446708,0.12493234434859105
24,-0.41032659665880516,-0.3696178285088919,-0.32415544448389316
26,-0.8449820338748885,-0.8091666242446708,0.3832692619982061
27,-0.9763894916378903,-0.8091666242446708,-0.2494457278560905
28,-0.4810844585311908,-0.8091666242446708,-0.7326148287714495
29,-0.17783647907810948,-0.3696178285088919,0.37681776401105305
30,-0.6124919162941928,0.06993096722688691,1.1590982133267078
31,0.014220574575508719,0.9490285586984446,0.8820277894462835
32,1.29797035426022,-0.8091666242446708,-0.5745158688223587
33,-0.8146572359295803,-0.3696178285088919,-0.007038462744349889
34,-0.9258481617290435,0.5094797629626657,2.447125372019354
35,2.1369564307470785,-0.8091666242446708,-0.2359127116023248
36,-0.7843324379842722,0.06993096722688691,0.6484972616770345
37,-0.4911927245129602,-0.8091666242446708,-0.7305832580017229
38,-0.7135745761118866,0.9490285586984446,-0.20282272175128768
39,0.5903917355363633,-0.8091666242446708,1.8726251592419947
41,-0.7843324379842722,0.06993096722688691,1.1670310493186113
43,0.3983346818827451,-0.8091666242446708,-0.697737146968541
44,-0.5417340544218071,-0.8091666242446708,-0.7082013547642946
45,-0.6124919162941928,0.06993096722688691,1.168689274737547
46,-0.6124919162941928,-0.8091666242446708,-0.8237088362272024
47,0.00411230859373934,-0.8091666242446708,-0.688183721177741
49,1.9550076430752295,-0.8091666242446708,-0.6814635048635067
50,-0.5316257884400377,3.5863213331131174,0.7495458906332074
51,-0.5013009904947295,0.06993096722688691,0.14411446717027002
52,-0.7843324379842722,-0.3696178285088919,-0.6262241999068847
53,-0.4810844585311908,-0.3696178285088919,-0.7121019104251775
55,-0.7641159060207334,-0.3696178285088919,-0.31300777382822426
56,-0.41032659665880516,-0.3696178285088919,2.2376251876452598
57,-0.14751168113280133,-0.8091666242446708,0.0053180640269844745
58,2.015657238965846,-0.8091666242446708,-0.5120053620741257
59,-0.9258481617290435,-0.8091666242446708,-0.7054690087494344
63,-0.8247655019113497,-0.8091666242446708,-0.7089367547798644
66,2.2178225586012332,-0.3696178285088919,-0.2343523387954915
67,-0.005995957388030038,-0.3696178285088919,-0.24630089544559866
68,-0.9763894916378903,-0.8091666242446708,-0.7463601099222372
69,2.723235857689702,-0.8091666242446708,-0.6151533059160962
70,-0.43054312862234395,-0.8091666242446708,-0.7147604906247603
71,-0.24859434095049512,-0.8091666242446708,3.894389591811083
72,-0.6428167142395009,0.06993096722688691,-0.4465284157543875
75,-0.17783647907810948,0.5094797629626657,3.3909055359108593
76,-0.2789191388958033,-0.8091666242446708,-0.31798169737263077
77,-0.35978526674995825,-0.3696178285088919,-0.2405840447616145
78,1.4394860780049912,-0.8091666242446708,-0.4642562982177442
79,-0.06664555327864631,-0.8091666242446708,-0.6690339649892959
80,-0.40021833067703577,-0.8091666242446708,-0.7368495887382822
81,0.6409330654452102,0.06993096722688691,3.4648331843542435
83,2.288580420473619,-0.8091666242446708,-0.7856968599874131
86,-0.8550902998566579,3.5863213331131174,3.1305686614123514
87,-0.5417340544218071,-0.8091666242446708,-0.5735456225377431
93,-0.8550902998566579,3.5863213331131174,3.316040007816094
94,0.2062776282291269,0.9490285586984446,2.072311479334617
95,0.6712578633905183,-0.8091666242446708,-0.250469416721162
96,-0.3193522028228808,-0.8091666242446708,-0.05569906131808549
97,2.7030193257261637,-0.8091666242446708,1.5715161121300079
99,-0.6023836503124234,-0.8091666242446708,-0.5544974825234045
100,-0.9864977576196597,0.06993096722688691,-0.5334960538290211
101,1.7932753873669194,-0.8091666242446708,-0.6883297473834938
102,1.591110067731532,-0.3696178285088919,-0.8506122828561636
104,0.984614108825369,-0.8091666242446708,-0.5201482048258492
105,-0.2789191388958033,1.8281261501700024,1.4331773581264011
107,-0.4608679265676521,-0.3696178285088919,0.2099948673368304
108,-0.5518423204035765,-0.8091666242446708,-0.40552064415946243
109,1.227212492387834,-0.8091666242446708,-0.38686466730593433
110,-0.03632075533333817,0.9490285586984446,1.9284357729108146
111,-0.3496770007681889,-0.8091666242446708,1.4540342660398333
112,1.8033836533486889,-0.8091666242446708,-0.3235999427321117
113,-0.32946046880465013,-0.3696178285088919,1.1870998673484185
114,0.13551976635674126,-0.8091666242446708,-0.6222852559135615
117,0.3579016179556676,0.06993096722688691,-0.31272099040352414
118,0.3174685540285901,-0.3696178285088919,-0.15175871248183628
119,0.6611495974087489,-0.8091666242446708,-0.6449915781957295
121,2.258255622528311,-0.8091666242446708,0.3550816880135007
122,1.6618679296039176,-0.3696178285088919,0.07175848221973109
123,-0.5518423204035765,-0.8091666242446708,-0.3871168259601982
124,-0.8550902998566579,-0.8091666242446708,-0.5526909727615135
125,-0.12729514916926257,0.06993096722688691,3.7697223531429875
127,0.2163858942108963,-0.3696178285088919,-0.31485794090936103
128,-0.14751168113280133,-0.8091666242446708,0.6400307525929722
129,0.37811814991920634,-0.8091666242446708,-0.7049029690240419
131,-0.7843324379842722,-0.3696178285088919,-0.4344932971781897
132,-0.14751168113280133,-0.8091666242446708,-0.5992070937054044
134,-0.7843324379842722,-0.3696178285088919,1.0534030907204712
135,-0.5518423204035765,-0.8091666242446708,-0.6942897241729326
136,-0.966281225656121,1.8281261501700024,1.7766919637615757
137,1.833708451293997,-0.8091666242446708,-0.8262266592078379
138,-0.8247655019113497,0.5094797629626657,-0.4337225196797828
139,-0.05653728729687693,-0.3696178285088919,-0.45932603199258343
140,-0.7135745761118866,0.06993096722688691,-0.3084711761886756
141,-0.8247655019113497,0.9490285586984446,-0.09933756275376424
143,1.146346364533679,-0.8091666242446708,-0.4466714311105372
144,-0.41032659665880516,-0.3696178285088919,0.1339197304139986
146,-0.8955233637837353,0.06993096722688691,0.29486093238846434
147,-0.6428167142395009,-0.3696178285088919,-0.45476158399420563
148,-0.42043486264057456,0.5094797629626657,1.2810752578743876
149,-0.7337911080754252,-0.3696178285088919,-0.27930582879534666
150,0.5701752035728246,-0.3696178285088919,1.8689940746205935
151,-0.8550902998566579,0.9490285586984446,1.8276393026089055
152,0.41855121384628385,-0.8091666242446708,-0.5020846126317411
153,0.00411230859373934,0.06993096722688691,0.6818725295279703
154,-0.8247655019113497,1.3885773544342235,0.8579447561830744
155,-0.9258481617290435,3.5863213331131174,1.115254221405614
156,-0.592275384330654,-0.8091666242446708,-0.787823272519639
157,-0.8753068318201965,0.06993096722688691,0.2298055050131674
158,-0.592275384330654,-0.8091666242446708,0.8150619779977868
159,-0.8955233637837353,1.3885773544342235,0.38493049826674497
161,-0.5013009904947295,0.5094797629626657,2.22875070843997
162,-0.754007640038964,-0.8091666242446708,-0.5811359743872884
163,0.984614108825369,-0.8091666242446708,-0.7174883203652156
165,-0.47097619254942147,1.3885773544342235,2.328526500726411
166,0.46909254375513076,-0.3696178285088919,2.567429889612484
167,-0.7843324379842722,-0.3696178285088919,0.8995230837777967
168,-0.06664555327864631,0.9490285586984446,0.9930287817656741
169,0.5802834695545939,-0.3696178285088919,0.305669129751378
170,-0.8146572359295803,0.06993096722688691,1.6499773473633372
171,0.8633149170441365,-0.8091666242446708,-0.3598686370516761
172,-0.7135745761118866,-0.3696178285088919,-0.00915207916576232
173,-0.8550902998566579,0.5094797629626657,0.5943591749627651
174,1.78316712138515,-0.8091666242446708,-0.753597439655813
175,-0.2890274048775726,-0.3696178285088919,-0.24576120065423374
177,-0.32946046880465013,0.06993096722688691,0.10485750461957771
178,-0.5417340544218071,0.5094797629626657,0.6756694266330769
180,-0.2587026069322645,0.06993096722688691,-0.3435159601445589
181,-0.8146572359295803,0.9490285586984446,1.4076792255497108
182,-0.8550902998566579,0.06993096722688691,-0.6958832163254005
183,-0.2890274048775726,-0.8091666242446708,-0.7604508860649869
184,0.6409330654452102,-0.8091666242446708,1.8946103830442074
185,-0.40021833067703577,-0.8091666242446708,-0.7650650130818168
186,-0.38000179871349704,0.06993096722688691,0.6047052069115949
187,-0.2688108729140339,-0.8091666242446708,-0.6346387718352927
188,-0.9056316297655047,3.146772537377339,1.2062142460540266
189,1.6315431316586093,-0.3696178285088919,-0.3323193631828388
190,0.5196338736639776,-0.3696178285088919,3.325736448963044
191,-0.4608679265676521,-0.3696178285088919,-0.6834747523984119
192,-0.6933580441483478,-0.8091666242446708,0.9087694029090754
194,-0.7843324379842722,-0.3696178285088919,-0.3855090322721152
196,1.3384034181872975,-0.8091666242446708,-0.7935928130716784
197,-0.6226001822759621,-0.8091666242446708,-0.3175210373833486
198,0.9138562469529834,-0.3696178285088919,-0.6382036177654241
199,-0.5518423204035765,0.5094797629626657,1.2466228585779244
200,0.9340727789165222,-0.3696178285088919,-0.6383872795912164
204,-0.9864977576196597,2.2676749459057812,3.5830474196103848
205,-0.9258481617290435,-0.8091666242446708,-0.7741344447989102
206,0.17595283028381878,-0.8091666242446708,0.6966844041506746
207,-0.43054312862234395,-0.8091666242446708,-0.7868071107785753
208,1.7629505894216113,-0.8091666242446708,-0.8347737085187845
209,-0.673141512184809,0.06993096722688691,-0.46769995745134885
210,-0.42043486264057456,-0.8091666242446708,0.6110716483974592
211,0.6611495974087489,0.06993096722688691,-0.4048537409723644
212,-0.2890274048775726,-0.3696178285088919,-0.16773954946296424
213,1.2878620882784504,-0.8091666242446708,-0.7052544857152099
214,-0.4608679265676521,-0.8091666242446708,-0.503973168045318
215,0.6712578633905183,0.5094797629626657,0.4590990146783813
216,1.7225175254945337,0.06993096722688691,-0.4714251311228482
217,-0.8045489699478109,0.9490285586984446,3.549182888698937
218,-0.9561729596743516,2.70722374164156,0.6275447592887023
220,1.5001356738956075,-0.3696178285088919,0.6096000956539186
221,-0.9864977576196597,3.146772537377339,0.9978446357059151
223,1.2878620882784504,-0.8091666242446708,-0.7554634136973662
224,-0.9460646936925823,0.9490285586984446,0.841112601476655
225,-0.7843324379842722,-0.3696178285088919,-0.06711996657524033
226,-0.8045489699478109,0.06993096722688691,0.2699792712680194
227,-0.9258481617290435,0.06993096722688691,1.8190546176779192
228,-0.7641159060207334,0.5094797629626657,2.4823222038801966
229,-0.2081612770234176,0.06993096722688691,0.529911939207305
230,-0.8045489699478109,-0.8091666242446708,-0.7216387765431602
231,0.5903917355363633,-0.8091666242446708,-0.6119030937694939
233,-0.7438993740571946,0.06993096722688691,0.2607133816143204
234,-0.8955233637837353,-0.3696178285088919,0.2861580716105547
235,-0.9157398957472741,-0.8091666242446708,-0.7137074459760581
236,-0.6933580441483478,-0.8091666242446708,-0.04360824202422944
237,0.7116909273175959,-0.8091666242446708,-0.6049194281149838
238,1.6416513976403788,-0.8091666242446708,2.7647684997270483
240,0.23660242617443505,-0.3696178285088919,0.5884067252973345
241,0.7824487891899815,-0.8091666242446708,-0.7530667774132576
244,-0.6428167142395009,0.5094797629626657,0.4625825676692276
245,-0.18794474505987885,-0.8091666242446708,-0.7814018830285174
248,-0.7742241720025028,0.9490285586984446,1.878999127851866
249,-0.07675381926041569,-0.8091666242446708,-0.633583469049388
250,0.014220574575508719,-0.8091666242446708,-0.2614025643426064
251,-0.9460646936925823,-0.8091666242446708,-0.5365031398701688
252,0.09508670242966374,1.3885773544342235,1.2187529292263515
253,-0.9763894916378903,0.06993096722688691,2.272048231158092
254,-0.8854150978019659,-0.8091666242446708,0.4058777316682716
255,-0.12729514916926257,-0.8091666242446708,-0.7320570688824656
257,0.22649416019266566,-0.8091666242446708,-0.740846491586466
258,1.0250471727524466,-0.8091666242446708,-0.44067457141345995
259,0.7319074592811345,-0.8091666242446708,-0.7999795777923636
260,-0.754007640038964,-0.3696178285088919,-0.5405557434360109
261,2.0661985688746927,-0.8091666242446708,-0.8318720022137472
262,-0.05653728729687693,-0.8091666242446708,0.032456356924991506
263,-0.673141512184809,0.06993096722688691,0.16987454366243443
264,-0.9258481617290435,1.8281261501700024,2.446555568731958
265,1.3687282161326055,-0.8091666242446708,-0.4855460157616293
266,-0.8955233637837353,1.3885773544342235,0.3024264447287837
267,0.6712578633905183,-0.8091666242446708,-0.2843633034162406
268,0.7319074592811345,-0.3696178285088919,-0.3859011954329257
269,1.4799191419320687,-0.8091666242446708,0.3266803437069715
270,-0.5013009904947295,-0.8091666242446708,-0.5521716012049698
271,0.00411230859373934,0.5094797629626657,-0.6051474999724226
272,0.4994173417004389,-0.3696178285088919,-0.6967601262723184
273,-0.5316257884400377,-0.8091666242446708,-0.7283100665513433
274,-0.9056316297655047,0.9490285586984446,1.0959245669533806
275,0.7217991932993653,-0.8091666242446708,-0.592373217818651
276,-0.9258481617290435,-0.3696178285088919,-0.5935670196863007
277,1.6719761955856869,-0.8091666242446708,-0.07182065551816084
278,-0.9864977576196597,-0.3696178285088919,-0.6173775710604243
280,0.6712578633905183,-0.8091666242446708,-0.7120063159502773
281,0.07487017046612499,-0.3696178285088919,-0.5358354839706699
282,0.37811814991920634,-0.8091666242446708,-0.21718296893351938
283,-0.18794474505987885,0.5094797629626657,2.3428852424838404
284,-0.7034663101301172,-0.8091666242446708,0.5852227518420015
285,0.024328840557278096,-0.3696178285088919,-0.6789087989752325
286,-0.8247655019113497,0.5094797629626657,0.42093122697162877
288,-0.8045489699478109,-0.8091666242446708,-0.6903281988075859
289,-0.9561729596743516,0.06993096722688691,-0.6377587647365585
290,1.035155438734216,-0.3696178285088919,-0.4480481420915783
291,0.7217991932993653,-0.3696178285088919,-0.2507893194914969
292,-0.8550902998566579,-0.3696178285088919,-0.5466354014971748
294,-0.6428167142395009,-0.3696178285088919,-0.5631130286628229
295,-0.04642902131510755,-0.8091666242446708,0.06257162736811478
296,-0.6630332462030396,1.8281261501700024,0.7594884687352149
297,1.5001356738956075,-0.8091666242446708,-0.7224833198568442
299,0.5903917355363633,-0.3696178285088919,-0.6674713340452602
300,-0.9864977576196597,1.3885773544342235,1.2380110760005099
301,0.8835314490076752,-0.8091666242446708,-0.6530275357865412
302,0.00411230859373934,-0.3696178285088919,-0.6309745678682571
304,-0.7438993740571946,3.5863213331131174,1.1332538330456552
305,1.0755885026612935,-0.8091666242446708,-0.7555702988582781
306,-0.9056316297655047,2.70722374164156,2.0117316798944045
308,-0.2587026069322645,0.06993096722688691,1.216040153733912
310,-0.592275384330654,-0.3696178285088919,2.6919285207028034
312,-0.2081612770234176,-0.3696178285088919,-0.8187597521920219
313,-0.7641159060207334,-0.8091666242446708,1.0747078625123718
314,2.147064696728848,-0.8091666242446708,-0.798534369982851
315,-0.8247655019113497,0.5094797629626657,2.341674880943374
316,-0.17783647907810948,-0.8091666242446708,1.61952410905226
317,0.14562803233851063,-0.8091666242446708,-0.8437159318401449
318,-0.35978526674995825,0.9490285586984446,1.0995278012159522
319,0.9947223748071384,0.5094797629626657,0.27548987875418773
320,-0.9157398957472741,0.5094797629626657,-0.6982504968258785
321,-0.2688108729140339,0.5094797629626657,2.469645021626127
322,-0.8045489699478109,-0.8091666242446708,-0.8439741121936152
323,-0.04642902131510755,-0.8091666242446708,-0.08490279704385456
324,2.3290134844006967,-0.8091666242446708,-0.8544782137466104
325,1.5810018017497625,-0.8091666242446708,-0.8253045865168728
326,-0.38000179871349704,-0.3696178285088919,-0.25185741838821496
327,-0.8449820338748885,0.9490285586984446,3.596564628903734
328,0.45898427777336137,-0.8091666242446708,0.21842148266365116
329,-0.8550902998566579,-0.3696178285088919,0.6175013177249893
330,0.1153032343932025,-0.3696178285088919,-0.42245893131439266
331,-0.6630332462030396,1.3885773544342235,1.7181166374446621
332,-0.9056316297655047,0.06993096722688691,-0.4124230168746875
333,2.207714292619464,-0.8091666242446708,-0.5818457821812314
334,-0.8854150978019659,0.06993096722688691,0.9742425856668094
335,-0.23848607496872573,-0.8091666242446708,0.5557457815147466
336,-0.9864977576196597,3.5863213331131174,0.9037728979926452
337,-0.6630332462030396,-0.3696178285088919,2.3489475881597865
338,-0.7843324379842722,-0.3696178285088919,0.0985437530017687
340,-0.6933580441483478,-0.3696178285088919,1.2522870193938533
341,-0.6226001822759621,2.2676749459057812,0.12500912101347145
342,-0.8247655019113497,-0.3696178285088919,-0.471305449851123
343,-0.8045489699478109,-0.8091666242446708,-0.7177081123862458
344,-0.8247655019113497,0.5094797629626657,-0.7424031008312952
345,-0.7641159060207334,-0.8091666242446708,-0.6545073683664901
347,-0.673141512184809,-0.8091666242446708,-0.7236997030965174
348,1.1362380985519098,-0.8091666242446708,-0.8411040198094109
349,-0.8247655019113497,-0.3696178285088919,-0.40757931257561736
350,0.00411230859373934,-0.3696178285088919,0.837967769066163
351,-0.5013009904947295,-0.8091666242446708,-0.6986870700183354
352,-0.41032659665880516,-0.8091666242446708,-0.5948451253428385
353,-0.3496770007681889,-0.8091666242446708,-0.0837805028542798
354,1.146346364533679,-0.3696178285088919,-0.16358984599742057
355,-0.6832497781665784,-0.3696178285088919,-0.5489552611164031
357,-0.39011006469526643,0.06993096722688691,-0.18015855136356398
359,0.8936397149894446,-0.8091666242446708,-0.10736749864536962
361,-0.6327084482577315,-0.8091666242446708,0.5294309559832013
362,-0.9157398957472741,0.06993096722688691,-0.4432390625629444
363,-0.2081612770234176,0.06993096722688691,1.124779044125184
365,1.0958050346248323,0.06993096722688691,-0.5592305380995588
367,-0.7337911080754252,-0.3696178285088919,-0.40527224906720244
369,1.3080786202419894,-0.8091666242446708,-0.7961407445483454
370,-0.5215175224582683,0.5094797629626657,-0.2593408850768483
371,-0.6933580441483478,-0.8091666242446708,-0.6820302973012998
372,-0.8550902998566579,1.8281261501700024,2.37000622299663
374,0.7723405232082121,2.2676749459057812,2.4446218505743342
375,-0.8348737678931191,0.9490285586984446,-0.5624175224044947
376,2.76366892161678,-0.8091666242446708,-0.6287563244231352
377,-0.8854150978019659,2.2676749459057812,0.8226335120373123
378,0.00411230859373934,0.9490285586984446,0.9161595332600108
380,2.642369729835547,-0.8091666242446708,-0.36790534735488856
381,-0.9864977576196597,-0.8091666242446708,-0.7907400330726921
382,0.9643975768618303,-0.3696178285088919,-0.37222817467261354
383,1.9550076430752295,-0.8091666242446708,-0.5529709817746067
384,-0.2688108729140339,-0.8091666242446708,-0.6726244031410543
385,-0.9056316297655047,-0.8091666242446708,-0.6290988085654937
386,2.7030193257261637,-0.3696178285088919,-0.2721866749086947
388,-0.7742241720025028,2.70722374164156,0.5856548087600538
389,0.6005000015181327,-0.8091666242446708,-0.5529544221017892
390,1.7730588554033806,-0.8091666242446708,-0.7661188104429199
391,2.2380390905647722,0.06993096722688691,-0.42839858486901
392,0.7925570551717509,0.9490285586984446,2.3328688985665558
393,-0.6327084482577315,-0.3696178285088919,-0.6929220457407009
394,0.2163858942108963,-0.8091666242446708,-0.6068825020562386
395,-0.5013009904947295,0.5094797629626657,2.011197254089845
396,-0.8449820338748885,-0.8091666242446708,-0.7507875642636719
397,-0.9864977576196597,0.9490285586984446,0.5099387156523978
398,-0.2587026069322645,-0.8091666242446708,-0.8425018067376739
399,-0.9258481617290435,-0.3696178285088919,2.7781923726827
400,1.409161280059683,-0.8091666242446708,-0.766984429703826
401,-0.8348737678931191,1.3885773544342235,-0.2546943914267845
403,-0.5013009904947295,0.5094797629626657,0.05600345895883951
404,-0.5013009904947295,-0.8091666242446708,-0.7797052692771415
405,1.035155438734216,-0.8091666242446708,-0.7954490018520214
406,-0.2688108729140339,1.3885773544342235,0.32952484386954894
407,-0.8550902998566579,1.8281261501700024,2.1618789860415717
408,0.38822641590097573,0.06993096722688691,-0.7336031401536839
409,-0.7843324379842722,0.9490285586984446,1.0080401251745874
410,2.692911059744394,-0.8091666242446708,0.3092655896023425
412,-0.6933580441483478,1.8281261501700024,0.8038149493052137
413,1.3687282161326055,-0.8091666242446708,0.05310852706540916
414,-0.3496770007681889,3.146772537377339,3.3579133986719256
415,-0.43054312862234395,0.06993096722688691,-0.3717893433429541
417,-0.4608679265676521,0.5094797629626657,0.10431404626620876
418,-0.7438993740571946,-0.8091666242446708,-0.7726455796701518
419,2.652477995817317,-0.8091666242446708,-0.8398996799681502
420,-0.17783647907810948,0.5094797629626657,-0.1774706153803503
421,-0.8854150978019659,-0.8091666242446708,-0.7363076358097148
422,-0.6933580441483478,0.5094797629626657,-0.14725598690032307
423,0.2972520220650513,0.06993096722688691,1.6058217325083168
424,2.652477995817317,-0.8091666242446708,-0.6668435719030033
426,-0.47097619254942147,-0.3696178285088919,-0.6893820393197954
428,-0.3193522028228808,-0.3696178285088919,-0.5775891935547758
429,1.1766711624789872,-0.8091666242446708,-0.7856818057393975
430,-0.6630332462030396,-0.3696178285088919,-0.4568902546636338
431,2.1167398987835395,-0.8091666242446708,-0.33602270819471525
432,-0.8955233637837353,-0.3696178285088919,-0.28270808884690796
433,-0.9157398957472741,-0.8091666242446708,-0.8478859585405099
434,-0.3395687347864195,0.06993096722688691,0.3857088028891597
436,-0.3092439368411114,-0.8091666242446708,0.4443353136493271
437,-0.24859434095049512,1.3885773544342235,1.8889695563127031
438,-0.5013009904947295,1.8281261501700024,0.7600996712046546
439,-0.8449820338748885,1.3885773544342235,-0.15805665713922867
440,1.0048306407889078,-0.3696178285088919,-0.5086663298642305
441,-0.8955233637837353,2.2676749459057812,0.9638408530003215
442,-0.3395687347864195,-0.8091666242446708,-0.8326472959865587
443,0.6611495974087489,-0.8091666242446708,-0.5053897727836009
444,0.07487017046612499,-0.3696178285088919,-0.6115598569147347
445,2.713127591707933,-0.8091666242446708,-0.14421728693834224
446,0.2568189581379738,0.5094797629626657,0.4759853646776572
448,-0.8955233637837353,-0.3696178285088919,-0.27929830167133884
449,-0.9561729596743516,-0.8091666242446708,-0.7362037614984062
450,-0.5619505863853459,0.9490285586984446,1.2768555521555707
451,-0.7135745761118866,1.8281261501700024,0.8322704889045998
452,-0.3395687347864195,-0.8091666242446708,-0.8457971816283234
453,-0.9460646936925823,-0.3696178285088919,-0.6824668704937569
454,-0.3193522028228808,-0.8091666242446708,-0.11429170002021755
455,2.2380390905647722,-0.8091666242446708,-0.7274482108524413
456,-0.6428167142395009,2.70722374164156,1.3320286184209231
457,1.227212492387834,0.5094797629626657,-0.42986261048854246
458,-0.12729514916926257,0.5094797629626657,-0.053170700363838905
459,1.3687282161326055,0.06993096722688691,-0.08220206494982762
460,0.2972520220650513,3.146772537377339,2.3843408779572344
461,-0.6226001822759621,-0.3696178285088919,-0.5822575158644623
462,-0.06664555327864631,-0.8091666242446708,-0.6091730058918363
464,-0.2688108729140339,0.9490285586984446,2.265018650047134
465,-0.7438993740571946,-0.3696178285088919,1.7287456892561888
467,1.166562896497218,-0.3696178285088919,-0.5013785683998021
468,-0.43054312862234395,1.3885773544342235,1.0777345190759402
469,1.6012183337133012,-0.8091666242446708,-0.8225195506339575
470,-0.3395687347864195,-0.8091666242446708,0.04703263256624925
471,0.8936397149894446,-0.8091666242446708,-0.6784451281363472
472,0.6813661293722877,0.06993096722688691,0.7080036932337231
473,-0.5013009904947295,2.70722374164156,0.022303772063164175
474,0.17595283028381878,-0.8091666242446708,-0.7114455452116905
475,0.8835314490076752,-0.3696178285088919,-0.5888475129333606
476,-0.9056316297655047,0.9490285586984446,-0.3426819548044858
477,-0.5417340544218071,-0.3696178285088919,-0.6348532948695172
479,-0.03632075533333817,0.06993096722688691,-0.3640687722480726
480,1.5102439398773768,-0.8091666242446708,-0.8338350761550021
481,-0.5215175224582683,-0.3696178285088919,-0.5868520723588718
483,-0.05653728729687693,-0.8091666242446708,-0.8170360407942175
484,-0.9763894916378903,2.2676749459057812,1.0096629731106859
486,-0.4608679265676521,-0.8091666242446708,-0.7338342228607257
487,-0.6226001822759621,0.06993096722688691,-0.7715609211006164
490,-0.38000179871349704,-0.8091666242446708,-0.5604996112072872
491,0.2871437560832819,-0.8091666242446708,-0.1273708306963082
492,2.1874977606559254,1.3885773544342235,1.148386363151095
493,-0.8146572359295803,-0.8091666242446708,-0.6563823749568528
494,2.662586261799086,-0.8091666242446708,-0.7087523402416712
495,-0.4608679265676521,-0.8091666242446708,-0.7935416286284248
498,2.692911059744394,-0.8091666242446708,1.304790967486012
499,-0.4911927245129602,1.8281261501700024,-0.2096159511683985
501,-0.9561729596743516,-0.3696178285088919,1.0812925905944646
502,-0.6933580441483478,-0.8091666242446708,-0.674878776781414
504,0.3579016179556676,0.06993096722688691,-0.09708243640100375
506,-0.2587026069322645,-0.3696178285088919,-0.40234570325293906
507,-0.4810844585311908,0.06993096722688691,0.7695341684361302
508,-0.2688108729140339,-0.8091666242446708,-0.322473884980533
509,-0.5013009904947295,-0.8091666242446708,0.02524612483784424
511,-0.9157398957472741,-0.3696178285088919,0.4814063993881314
512,0.8936397149894446,-0.8091666242446708,-0.6278169393469518
513,-0.2587026069322645,0.9490285586984446,-0.21244840793256334
514,2.581720133944931,-0.8091666242446708,-0.4375907087074319
515,0.7925570551717509,-0.8091666242446708,-0.851367253394154
517,2.7030193257261637,-0.8091666242446708,-0.784672418409941
518,-0.8449820338748885,1.3885773544342235,2.0645683268677115
520,-0.8753068318201965,0.5094797629626657,-0.04754869144235401
521,2.076306834856462,-0.8091666242446708,-0.7599352780704473
522,0.09508670242966374,-0.3696178285088919,-0.6327758086433425
523,-0.7843324379842722,-0.8091666242446708,0.02530032013070092
524,0.610608267499902,-0.8091666242446708,-0.8334263533213743
525,-0.9763894916378903,1.8281261501700024,0.8317556336224607
526,1.702300993530995,-0.8091666242446708,-0.24957368896422444
527,-0.10707861720572383,-0.3696178285088919,-0.23073706113450715
528,-0.4507596605858827,0.5094797629626657,0.5970282931359593
529,-0.03632075533333817,-0.8091666242446708,-0.8345328405505325
530,-0.6124919162941928,-0.3696178285088919,-0.18476891481838978
531,0.2871437560832819,-0.8091666242446708,-0.7121719126784507
532,-0.8854150978019659,2.2676749459057812,1.8469599245123294
533,-0.7742241720025028,2.2676749459057812,0.3779483380370365
534,-0.9157398957472741,-0.3696178285088919,-0.6188596617775758
536,-0.9763894916378903,0.06993096722688691,-0.17549022905387737
538,1.227212492387834,-0.8091666242446708,-0.6171081000209423
539,-0.3193522028228808,-0.8091666242446708,-0.8589771757661196
540,-0.9157398957472741,0.5094797629626657,1.1846821551170879
542,0.2163858942108963,0.06993096722688691,0.2124389245021888
543,1.6416513976403788,-0.3696178285088919,-0.33124373716211286
544,-0.4608679265676521,1.8281261501700024,0.26575279113759537
545,-0.6428167142395009,0.06993096722688691,0.7603796802177477
546,-0.9561729596743516,0.06993096722688691,-0.45735693635212227
547,-0.7843324379842722,0.06993096722688691,0.32358217946532836
549,-0.754007640038964,-0.8091666242446708,-0.6284590030248239
550,0.37811814991920634,-0.8091666242446708,-0.7412070408264433
552,1.490027407913838,-0.8091666242446708,-0.8620520059233383
553,1.0755885026612935,-0.3696178285088919,-0.4381808352296496
554,-0.5013009904947295,-0.8091666242446708,1.8994126881612345
555,-0.4911927245129602,-0.8091666242446708,-0.27398716297137937
556,-0.7337911080754252,-0.8091666242446708,-0.5179954473595959
557,0.8026653211535202,-0.8091666242446708,-0.4850010519834589
558,1.0048306407889078,-0.8091666242446708,-0.8118272709807653
559,-0.6327084482577315,-0.8091666242446708,-0.6129606546926011
560,-0.966281225656121,3.146772537377339,1.0654826193283153
561,-0.9460646936925823,2.70722374164156,2.0614799478872787
562,1.2069959604242955,-0.3696178285088919,-0.3393685148162175
563,-0.32946046880465013,-0.8091666242446708,-0.7435901282873378
565,1.5708935357679932,-0.8091666242446708,-0.38734339239283533
566,1.45970260996853,-0.8091666242446708,-0.7805595978520358
567,-0.8247655019113497,-0.8091666242446708,-0.5846564102857734
569,1.6315431316586093,0.06993096722688691,-0.7477932743333375
570,0.822881853117059,0.06993096722688691,0.37441435331533723
571,1.9752241750387682,-0.8091666242446708,-0.8333375332580812
572,0.7319074592811345,0.5094797629626657,0.5289191115506656
573,-0.42043486264057456,-0.8091666242446708,0.4538194898992547
574,-0.4911927245129602,-0.8091666242446708,-0.8326427797121541
575,-0.19805301104164824,0.06993096722688691,0.08798921971792076
576,1.4799191419320687,-0.8091666242446708,-0.6289806327185701
577,-0.7641159060207334,-0.3696178285088919,0.15345939162605182
579,0.3983346818827451,0.5094797629626657,0.7104409759874742
580,-0.6933580441483478,1.8281261501700024,0.1112028701582197
581,-0.7742241720025028,1.3885773544342235,1.1481010851511966
582,2.713127591707933,-0.8091666242446708,-0.2826840020500827
585,-0.11718688318749321,-0.3696178285088919,-0.6387034187995473
586,-0.13740341515103197,0.06993096722688691,-0.28791986950996346
588,-0.8247655019113497,1.8281261501700024,2.816431668067527
589,-0.8045489699478109,1.3885773544342235,3.017940304882457
590,-0.4608679265676521,1.8281261501700024,2.2656441540521883
591,-0.6124919162941928,-0.8091666242446708,-0.2747820272666114
592,1.9448993770934602,-0.8091666242446708,1.6289330140621088
593,1.5708935357679932,-0.8091666242446708,-0.8586888869166179
594,1.1362380985519098,-0.8091666242446708,-0.620675956800677
595,1.1564546305154484,-0.8091666242446708,-0.6645816711386355
598,-0.7034663101301172,-0.8091666242446708,-0.7367103369441365
600,-0.43054312862234395,-0.3696178285088919,-0.0477067610465195
601,2.1167398987835395,-0.3696178285088919,-0.7864872080082405
602,-0.7641159060207334,-0.8091666242446708,-0.5439218732923344
603,-0.32946046880465013,-0.3696178285088919,-0.6539834805355417
604,-0.2587026069322645,0.5094797629626657,0.11378693183012456
605,-0.9864977576196597,0.9490285586984446,-0.4064389532884237
606,-0.5215175224582683,-0.8091666242446708,-0.8542079899947275
607,-0.11718688318749321,0.5094797629626657,-0.5415131936098131
608,-0.13740341515103197,0.5094797629626657,-0.7155064286139411
609,-0.3092439368411114,-0.8091666242446708,-0.5212983493742531
610,-0.7034663101301172,0.9490285586984446,0.2946757651378706
611,-0.6226001822759621,1.3885773544342235,3.7159425575314935
612,-0.026212489351568793,-0.3696178285088919,-0.6746469413619713
613,-0.6124919162941928,-0.8091666242446708,-0.6651597542624407
614,-0.6933580441483478,-0.3696178285088919,-0.6824736449053639
615,-0.32946046880465013,-0.3696178285088919,3.933724083739057
616,-0.8753068318201965,-0.8091666242446708,-0.8323845993586837
617,-0.9056316297655047,-0.3696178285088919,0.5209064880442783
618,-0.2688108729140339,-0.8091666242446708,-0.8175215402927258
619,-0.8449820338748885,-0.3696178285088919,-0.21643176195753308
620,-0.6630332462030396,2.2676749459057812,-0.6646321028694883
621,-0.7438993740571946,-0.3696178285088919,-0.7685658784578814
622,-0.7034663101301172,0.5094797629626657,-0.4075830761376213
623,-0.2081612770234176,-0.8091666242446708,-0.35152557280134294
628,-0.5417340544218071,-0.8091666242446708,-0.6245862977227702
629,-0.8045489699478109,-0.3696178285088919,-0.7389782594077103
630,-0.6630332462030396,0.06993096722688691,-0.39273431860727837
631,-0.8348737678931191,0.06993096722688691,-0.40767340162571586
632,-0.6428167142395009,0.06993096722688691,0.6114103689778134
633,-0.8449820338748885,0.5094797629626657,0.45082143640691663
634,-0.23848607496872573,-0.8091666242446708,-0.6403857310153084
635,-0.5720588523671152,-0.8091666242446708,-0.7782450072196129
636,1.0553719706977547,-0.3696178285088919,-0.6686463181028902
637,1.3889447480961443,-0.3696178285088919,-0.33993756539121317
638,1.3889447480961443,-0.8091666242446708,-0.41755576273566025
639,1.4192695460414524,0.06993096722688691,-0.41162288359265
640,-0.19805301104164824,0.9490285586984446,3.5185264180396474
641,2.632261463853778,-0.8091666242446708,-0.7055932062955644
642,-0.4911927245129602,3.146772537377339,0.4928092395476675
643,-0.4810844585311908,0.06993096722688691,-0.6580579127610067
644,-0.7135745761118866,1.3885773544342235,-0.18207495713596994
645,1.8539249832575357,-0.8091666242446708,-0.13088675032038855
646,-0.8753068318201965,0.06993096722688691,-0.05024867082398028
647,-0.40021833067703577,0.9490285586984446,-0.2019939853980202
649,-0.40021833067703577,-0.3696178285088919,-0.3705300554964359
650,-0.754007640038964,-0.3696178285088919,-0.2461759451870679
651,0.6409330654452102,-0.8091666242446708,-0.8284509243521662
652,-0.6327084482577315,-0.8091666242446708,-0.8332374225087764
653,-0.07675381926041569,0.06993096722688691,-0.3453977411465286
654,-0.9157398957472741,1.8281261501700024,0.5761600945365153
655,-0.32946046880465013,-0.8091666242446708,-0.8010446658394786
656,0.24671069215620442,-0.3696178285088919,-0.647732956759399
657,1.3485116841690667,-0.8091666242446708,-0.5994630159216723
658,-0.7135745761118866,-0.8091666242446708,-0.5748944831599551
659,-0.8348737678931191,-0.3696178285088919,-0.5671407927194388
660,-0.11718688318749321,-0.8091666242446708,-0.7351522222745054
661,0.16584456430204939,1.8281261501700024,1.0034801934506141
662,2.288580420473619,-0.8091666242446708,-0.6351671759406458
666,-0.2890274048775726,-0.3696178285088919,-0.3632031529871665
668,-0.3092439368411114,-0.8091666242446708,-0.6018325545593526
671,-0.07675381926041569,0.06993096722688691,1.472173882186421
672,-0.6226001822759621,-0.8091666242446708,-0.79211373320413
673,-0.5215175224582683,0.06993096722688691,0.05503547081142622
674,0.7420157252629039,-0.3696178285088919,1.0041749469965413
675,0.8430983850805978,-0.8091666242446708,0.44657990202847664
676,0.7925570551717509,0.06993096722688691,0.27934978794542803
678,-0.005995957388030038,1.3885773544342235,-0.17858538244591715
679,0.3174685540285901,0.5094797629626657,1.0474754805642663
680,-0.6023836503124234,-0.8091666242446708,-0.572009336527735
681,-0.3193522028228808,0.5094797629626657,0.9787904739923698
682,0.09508670242966374,-0.3696178285088919,0.5021074958346003
683,-0.8550902998566579,0.06993096722688691,0.6462255756514566
684,-0.5417340544218071,-0.8091666242446708,-0.2600032719895417
685,-0.3193522028228808,-0.8091666242446708,-0.17783267004512926
686,-0.4911927245129602,-0.3696178285088919,-0.4550987991497586
687,-0.9864977576196597,-0.8091666242446708,-0.6077880150743865
688,-0.9258481617290435,-0.8091666242446708,-0.3796566933559892
689,0.42865947982805325,-0.3696178285088919,0.9908827987110277
691,-0.4911927245129602,-0.3696178285088919,-0.5916363123782796
692,-0.18794474505987885,-0.8091666242446708,2.5653328328638887
693,-0.673141512184809,-0.3696178285088919,0.11900699232958871
694,-0.3092439368411114,-0.8091666242446708,-0.7809660625484613
696,-0.3496770007681889,0.5094797629626657,0.08122158252243672
698,-0.7337911080754252,0.5094797629626657,3.445827196234349
699,-0.4911927245129602,-0.3696178285088919,0.5566972099893425
700,-0.4608679265676521,-0.8091666242446708,-0.8329709623188976
701,1.4192695460414524,-0.8091666242446708,-0.42660788206753564
702,2.1672812286923864,-0.8091666242446708,-0.7991305182042749
703,1.2171042264060647,0.5094797629626657,0.048428914069710755
704,-0.8449820338748885,3.5863213331131174,3.0979461059622033
705,-0.6327084482577315,-0.3696178285088919,2.6235528789276303
706,-0.2587026069322645,0.9490285586984446,3.712976870672389
707,-0.14751168113280133,-0.8091666242446708,-0.7900588283499791
708,0.014220574575508719,0.06993096722688691,-0.69093413229022
709,1.2069959604242955,-0.8091666242446708,-0.6331461431445303
710,-0.9157398957472741,0.06993096722688691,-0.08861969087894532
711,-0.7641159060207334,-0.3696178285088919,-0.715886548376339
712,0.18606109626558814,0.06993096722688691,2.130471308406295
713,-0.35978526674995825,-0.3696178285088919,0.7316968214733238
714,1.166562896497218,0.06993096722688691,2.3417757444050795
717,1.591110067731532,-0.8091666242446708,-0.6169011041107256
718,1.78316712138515,1.3885773544342235,1.005997263718849
720,0.09508670242966374,0.5094797629626657,0.07700338222842124
721,2.76366892161678,-0.8091666242446708,-0.6821951413170725
722,0.8532066510623671,0.5094797629626657,-0.2938497378033706
724,-0.5720588523671152,1.3885773544342235,1.3190142210113003
725,-0.3496770007681889,-0.8091666242446708,-0.6438196049877027
726,-0.13740341515103197,-0.8091666242446708,-0.3192470069183552
727,0.45898427777336137,-0.3696178285088919,1.1767786749088147
729,0.14562803233851063,0.06993096722688691,-0.32371510772943224
730,0.5196338736639776,-0.3696178285088919,-0.7593398825614239
731,-0.5720588523671152,1.3885773544342235,1.6251453652613441
732,1.0958050346248323,-0.3696178285088919,-0.7652908268020532
733,0.38822641590097573,0.5094797629626657,-0.32168654780930883
734,-0.7843324379842722,0.06993096722688691,1.797185311585428
735,-0.8753068318201965,-0.3696178285088919,0.1890468812229032
736,0.8532066510623671,-0.8091666242446708,-0.8294256869111866
737,-0.754007640038964,-0.3696178285088919,-0.21468998546210977
738,-0.40021833067703577,1.8281261501700024,0.19024745750215982
739,-0.3193522028228808,-0.8091666242446708,-0.4736516544043789
740,2.0661985688746927,0.06993096722688691,-0.7782811374148508
741,-0.14751168113280133,1.3885773544342235,-0.30311035847026413
742,-0.8955233637837353,-0.3696178285088919,-0.5675826348987014
743,1.651759663622148,-0.8091666242446708,-0.4002290759819236
745,-0.9056316297655047,2.2676749459057812,2.9290246471145847
747,-0.8247655019113497,1.3885773544342235,1.253404044596623
748,0.09508670242966374,-0.8091666242446708,-0.8223351360957644
749,-0.6124919162941928,-0.8091666242446708,-0.5685378269353012
750,1.8033836533486889,-0.8091666242446708,-0.7005425060862777
751,-0.9763894916378903,0.9490285586984446,2.0474150239127075e-05
752,2.27847215449185,-0.3696178285088919,-0.71217115996605
753,-0.8449820338748885,-0.3696178285088919,1.3670809295008144
754,1.6315431316586093,-0.3696178285088919,0.42366808926089367
756,-0.5316257884400377,0.5094797629626657,-0.11130418450149031
757,-0.6933580441483478,0.9490285586984446,0.8488986585504054
758,-0.1677282130963401,-0.3696178285088919,0.5704763631981656
759,-0.5518423204035765,0.5094797629626657,-0.307923201560902
761,1.9246828451299214,-0.8091666242446708,-0.8143864931434442
762,0.00411230859373934,-0.3696178285088919,-0.3611512589826187
763,1.1261298325701403,1.3885773544342235,2.6726063933745774
764,-0.19805301104164824,-0.3696178285088919,-0.7254550284151549
765,-0.5720588523671152,0.06993096722688691,-0.45942237917988427
766,-0.07675381926041569,0.9490285586984446,0.9395335114416777
767,0.0647619044843556,0.9490285586984446,0.9675035515425554
768,-0.10707861720572383,-0.3696178285088919,-0.2627868024476554
769,-0.47097619254942147,-0.3696178285088919,-0.46209902447708606
770,-0.8955233637837353,1.3885773544342235,0.3717045886725008
771,1.6618679296039176,-0.8091666242446708,-0.7719749129210497
772,-0.8045489699478109,-0.3696178285088919,-0.6573375669934527
773,-0.8753068318201965,3.146772537377339,1.401993236074159
774,0.42865947982805325,-0.3696178285088919,-0.7287496505934036
776,1.9347911111116907,-0.8091666242446708,-0.8272616387589213
779,-0.9561729596743516,0.9490285586984446,-0.2003478033774971
780,2.7030193257261637,-0.8091666242446708,-0.23404974841037474
781,-0.6226001822759621,-0.8091666242446708,-0.6289881598425778
782,0.23660242617443505,-0.3696178285088919,0.4187107253893045
783,-0.4810844585311908,-0.3696178285088919,-0.142131520875759
784,0.16584456430204939,0.5094797629626657,-0.10649962124726112
785,-0.9460646936925823,0.5094797629626657,0.20117909969880254
786,1.8134919193304582,-0.8091666242446708,-0.7015835073365673
787,0.448876011791592,-0.8091666242446708,-0.4654892411302348
788,-0.8854150978019659,1.8281261501700024,1.049979002009287
789,2.157172962710617,-0.8091666242446708,-0.5061703355432178
790,-0.7641159060207334,0.06993096722688691,-0.35315594786144955
791,-0.21826954300518697,-0.3696178285088919,-0.357895777849211
792,-0.3496770007681889,0.06993096722688691,0.010721786352240768
793,-0.13740341515103197,-0.3696178285088919,-0.5199163694064066
794,-0.4608679265676521,-0.8091666242446708,-0.6928046226061779
795,-0.2081612770234176,-0.8091666242446708,-0.7115629683462134
796,-0.9258481617290435,1.3885773544342235,2.9207116913602826
797,-0.9763894916378903,-0.3696178285088919,0.08737199554927462
799,-0.4507596605858827,0.9490285586984446,0.111056091240066
800,1.7326257914763032,-0.8091666242446708,-0.35150750770372396
801,-0.9763894916378903,0.9490285586984446,-0.19841634335707536
802,-0.8449820338748885,3.146772537377339,0.6068820511746734
803,-0.6124919162941928,-0.8091666242446708,-0.7970590536773067
804,-0.38000179871349704,-0.3696178285088919,-0.4611649083877083
805,-0.673141512184809,0.9490285586984446,0.4445024158023021
806,-0.43054312862234395,0.5094797629626657,-0.31922216740912923
807,0.044545372520816855,0.06993096722688691,-0.5267803537891914
808,-0.35978526674995825,-0.3696178285088919,1.063875578352633
810,1.7326257914763032,-0.3696178285088919,0.2631055016240243
811,-0.5215175224582683,0.5094797629626657,-0.8011816594964221
812,-0.7337911080754252,-0.3696178285088919,-0.6341028406059317
813,-0.8146572359295803,-0.3696178285088919,-0.6540384285407993
814,-0.5518423204035765,-0.8091666242446708,-0.8349009169145177
815,0.08497843644789436,-0.8091666242446708,-0.8221364200219564
816,-0.7641159060207334,-0.8091666242446708,-0.7853016859769996
817,-0.8045489699478109,-0.8091666242446708,-0.4248359970760809
818,2.0560903028929234,-0.8091666242446708,-0.5891147258356403
819,-0.3496770007681889,3.146772537377339,2.555036479933511
820,2.1369564307470785,-0.8091666242446708,-0.7548604910643351
821,-0.8348737678931191,1.8281261501700024,-0.2957480784781576
823,-0.3395687347864195,-0.3696178285088919,-0.6623415990338907
824,-0.4810844585311908,3.5863213331131174,1.595371073535778
826,-0.6630332462030396,3.146772537377339,0.223706276429583
827,-0.6226001822759621,0.9490285586984446,1.1267391072168356
829,-0.5215175224582683,-0.8091666242446708,-0.7894867669253803
830,-0.2890274048775726,0.06993096722688691,-0.5071473562394406
831,-0.3496770007681889,0.5094797629626657,-0.3721431181713244
832,-0.966281225656121,0.06993096722688691,-0.779011268443615
834,-0.8449820338748885,0.5094797629626657,0.1333853046094393
835,-0.5215175224582683,-0.8091666242446708,-0.7245705913442291
837,-0.8146572359295803,1.8281261501700024,0.803845810513646
838,-0.5417340544218071,-0.8091666242446708,-0.4941525293522382
839,-0.9460646936925823,0.5094797629626657,-0.07697071376435169
840,-0.5720588523671152,-0.8091666242446708,-0.8051469484237728
841,-0.4911927245129602,-0.8091666242446708,-0.7768329187557348
842,-0.7438993740571946,-0.3696178285088919,-0.6686493289524933
843,2.1874977606559254,-0.8091666242446708,-0.44964607524721095
844,0.3579016179556676,-0.3696178285088919,-0.5693898973729932
845,0.6813661293722877,0.06993096722688691,1.2499649016374228
846,0.7925570551717509,-0.8091666242446708,-0.8338960458594659
847,-0.13740341515103197,0.06993096722688691,2.6564757666256926
848,-0.13740341515103197,0.5094797629626657,-0.3091516281989879
850,-0.2789191388958033,0.5094797629626657,-0.24943293174527711
851,-0.7641159060207334,2.70722374164156,0.9910807620724349
852,0.22649416019266566,-0.8091666242446708,-0.8149171553859996
853,0.5398504056275164,0.06993096722688691,-0.6173489679891945
854,-0.6327084482577315,-0.3696178285088919,-0.47911258287209507
855,0.3275768200103594,0.5094797629626657,-0.2712337410092972
857,1.7326257914763032,-0.8091666242446708,-0.35514913029873596
858,-0.7135745761118866,-0.3696178285088919,-0.5555618178581186
859,-0.8247655019113497,0.06993096722688691,-0.4753648278285721
860,1.9752241750387682,-0.8091666242446708,0.14891526686249532
861,-0.7641159060207334,-0.3696178285088919,-0.3501789703163333
862,-0.6124919162941928,-0.8091666242446708,-0.6527415050742417
863,0.7824487891899815,-0.8091666242446708,-0.7649031799156473
864,1.3181868862237587,-0.8091666242446708,-0.833004834376933
865,-0.7641159060207334,1.8281261501700024,-0.6623784819415293
866,-0.8955233637837353,1.8281261501700024,0.7941034539102482
867,1.7124092595127645,-0.8091666242446708,-0.3640514598628544
868,-0.10707861720572383,0.9490285586984446,-0.27646584490717385
869,-0.7034663101301172,-0.3696178285088919,-0.593931332488282
870,-0.6428167142395009,1.8281261501700024,2.6744670984293255
871,1.065480236679524,-0.3696178285088919,-0.7154650294318978
872,-0.5518423204035765,0.9490285586984446,-0.4358903313940521
873,0.822881853117059,-0.3696178285088919,-0.8235929185174811
874,0.6611495974087489,-0.8091666242446708,-0.626194844123254
875,2.3593382823460045,-0.8091666242446708,-0.21569937279156634
876,-0.8348737678931191,0.9490285586984446,0.4154198667730599
877,-0.754007640038964,-0.8091666242446708,2.0720879237515826
878,1.3485116841690667,-0.8091666242446708,-0.7147996316696013
879,-0.8449820338748885,-0.8091666242446708,-0.6456291255991969
880,0.2568189581379738,-0.3696178285088919,-0.4205063953467489
881,2.157172962710617,-0.8091666242446708,-0.6796750601992346
883,-0.6933580441483478,0.06993096722688691,0.08849203160164709
884,-0.8753068318201965,3.146772537377339,0.9916851901302676
885,-0.2081612770234176,0.06993096722688691,1.0999530837223976
886,-0.2688108729140339,-0.8091666242446708,-0.6095380714062184
887,1.5001356738956075,-0.8091666242446708,-0.010850951054340597
888,1.7932753873669194,0.5094797629626657,1.1882402266356122
889,-0.3092439368411114,0.06993096722688691,-0.8367977521645033
890,-0.8146572359295803,1.8281261501700024,0.2825977419548279
891,-0.6428167142395009,-0.3696178285088919,-0.827163786146819
892,0.3174685540285901,0.5094797629626657,2.0518941554632453
893,-0.6327084482577315,2.2676749459057812,0.409943131344927
894,-0.9763894916378903,0.9490285586984446,0.02522805974022521
895,-0.8955233637837353,0.5094797629626657,0.2767875549331459
896,-0.8247655019113497,-0.8091666242446708,-0.8334564618174057
897,-0.9561729596743516,0.06993096722688691,0.2657264462035677
898,0.24671069215620442,-0.8091666242446708,-0.7699087173808868
900,-0.8955233637837353,0.5094797629626657,0.20856772462493672
901,0.36800988393743694,-0.3696178285088919,-0.2348822483256461
902,-0.8045489699478109,0.5094797629626657,1.8213963059567704
903,-0.47097619254942147,3.146772537377339,1.4243367509791474
904,-0.6327084482577315,-0.8091666242446708,-0.7825445004529135
905,1.4192695460414524,-0.8091666242446708,-0.678658898458171
906,-0.7843324379842722,2.2676749459057812,-0.10544356574895578
907,-0.8348737678931191,0.5094797629626657,0.6508284119822745
908,-0.7742241720025028,0.06993096722688691,1.0562904954898933
909,-0.43054312862234395,-0.3696178285088919,-0.855288885002259
911,-0.5619505863853459,-0.8091666242446708,-0.33602270819471525
912,-0.6933580441483478,-0.8091666242446708,-0.8396512848758902
913,2.7030193257261637,-0.8091666242446708,-0.7340638001429661
914,-0.3092439368411114,-0.8091666242446708,-0.733698734628584
915,0.7723405232082121,-0.3696178285088919,-0.5960547341709047
916,-0.592275384330654,-0.3696178285088919,-0.7652908268020532
917,0.3073602880468207,0.06993096722688691,-0.8111287538728341
919,-0.05653728729687693,-0.8091666242446708,-0.5202867039075942
920,-0.7337911080754252,0.06993096722688691,-0.5073889769200935
921,-0.8348737678931191,-0.3696178285088919,-0.5697248543913438
923,1.7427340574580725,-0.8091666242446708,-0.024776130468916826
924,-0.18794474505987885,-0.8091666242446708,1.6342020008676241
925,-0.673141512184809,-0.8091666242446708,-0.7682437175503442
926,-0.5518423204035765,-0.3696178285088919,2.6552021772435594
927,-0.8955233637837353,2.70722374164156,0.3265027035803855
929,1.1564546305154484,-0.8091666242446708,0.26241375892770014
931,1.3485116841690667,-0.3696178285088919,-0.6490554724475833
932,0.8835314490076752,-0.8091666242446708,-0.6221143901985827
933,-0.4608679265676521,0.06993096722688691,-0.42964658202951633
934,-0.1677282130963401,-0.8091666242446708,-0.7588965349573599
935,-0.17783647907810948,-0.8091666242446708,-0.7080462960097322
936,-0.4810844585311908,-0.8091666242446708,-0.7496336561532639
937,-0.9056316297655047,0.9490285586984446,0.2786806266211276
938,1.651759663622148,-0.8091666242446708,-0.6948437204999123
939,-0.3395687347864195,0.06993096722688691,3.5998825851664074
940,-0.1677282130963401,0.9490285586984446,-0.09642230762551272
941,-0.40021833067703577,-0.3696178285088919,-0.29833891456166967
942,-0.5720588523671152,1.8281261501700024,0.1009072699402427
943,1.490027407913838,-0.8091666242446708,1.9195236580854858
944,-0.5518423204035765,0.06993096722688691,-0.6218366393226921
945,0.024328840557278096,-0.8091666242446708,-0.8431890331595934
947,-0.05653728729687693,-0.3696178285088919,-0.6748524318473865
948,-0.7034663101301172,1.3885773544342235,0.029587017253187953
949,-0.6832497781665784,-0.8091666242446708,-0.6208490806528583
950,-0.43054312862234395,1.8281261501700024,3.077386519447083
951,-0.7135745761118866,0.9490285586984446,0.2832992699123621
952,1.7629505894216113,-0.8091666242446708,-0.7983875910646973
953,1.5001356738956075,1.3885773544342235,-0.6177170443531798
954,-0.7641159060207334,3.146772537377339,0.16916097230648752
955,-0.2789191388958033,0.06993096722688691,-0.30015822043437396
956,-0.5316257884400377,-0.3696178285088919,-0.36046553798550085
958,-0.8753068318201965,2.70722374164156,3.5927265483721165
959,-0.38000179871349704,0.9490285586984446,-0.2951466612699281
960,-0.673141512184809,-0.8091666242446708,-0.6693169848519922
961,0.6510413314269795,-0.8091666242446708,-0.8123541696613169
962,-0.4810844585311908,0.5094797629626657,-0.1522088344975074
963,0.8430983850805978,-0.8091666242446708,0.04709586040791544
964,-0.5013009904947295,-0.8091666242446708,-0.7443970359809825
965,-0.9056316297655047,-0.3696178285088919,-0.7448960843027049
966,-0.9056316297655047,0.9490285586984446,2.7120184146798323
968,0.6510413314269795,-0.8091666242446708,-0.6528431212483481
969,1.3687282161326055,0.06993096722688691,1.7539427368725633
970,-0.2587026069322645,-0.8091666242446708,-0.7430782838548021
972,2.1369564307470785,-0.8091666242446708,-0.6976671447152679
974,-0.592275384330654,0.06993096722688691,-0.051221175245798264
975,0.3983346818827451,0.5094797629626657,-0.2444100818948194
978,1.0755885026612935,0.06993096722688691,0.12099340035526794
979,1.9246828451299214,-0.8091666242446708,-0.3142812879391174
980,0.3275768200103594,-0.8091666242446708,-0.728808362160665
982,2.662586261799086,-0.3696178285088919,-0.036382202976665425
983,-0.966281225656121,3.5863213331131174,2.9330366042107836
984,-0.41032659665880516,0.5094797629626657,1.5643826567077406
986,-0.6327084482577315,0.9490285586984446,-0.4273681215923314
987,-0.673141512184809,-0.3696178285088919,-0.6204968112492895
988,1.2878620882784504,-0.8091666242446708,-0.18084954134748718
990,0.2871437560832819,0.06993096722688691,1.478185043419113
991,0.529742139645747,-0.8091666242446708,-0.8231864538210556
992,-0.5619505863853459,-0.8091666242446708,-0.6600209867022616
993,1.3080786202419894,-0.3696178285088919,-0.5103591800536026
994,-0.09697035122395445,1.8281261501700024,-0.6888370755416249
996,-0.2890274048775726,0.06993096722688691,0.42516975050046557
997,-0.3496770007681889,0.5094797629626657,-0.662095462078833
998,-0.966281225656121,1.3885773544342235,3.3047553435034813
999,-0.04642902131510755,0.5094797629626657,-0.020091248486412926
1000,0.42865947982805325,-0.8091666242446708,-0.8641445463975286
1001,-0.754007640038964,-0.8091666242446708,-0.6091940818390583
1002,-0.41032659665880516,-0.8091666242446708,-0.7872587382190481
1003,1.8539249832575357,-0.8091666242446708,-0.8057152462863676
1004,0.8430983850805978,-0.8091666242446708,-0.8032154884033509
1006,0.36800988393743694,-0.8091666242446708,-0.647863928717136
1007,-0.2688108729140339,0.06993096722688691,-0.2833366037015658
1010,-0.32946046880465013,-0.3696178285088919,0.7698939649637067
1012,-0.3193522028228808,-0.3696178285088919,0.5361075149781901
1013,-0.2789191388958033,-0.3696178285088919,-0.40530913197484103
1014,-0.966281225656121,0.06993096722688691,-0.6749766293935164
1015,-0.6933580441483478,-0.3696178285088919,3.275314503371464
1016,0.6510413314269795,0.5094797629626657,0.15788835139228785
1017,0.6510413314269795,-0.8091666242446708,-0.0045883838797851784
1019,-0.3395687347864195,-0.8091666242446708,-0.8127365475609172
1020,2.0864151008382312,0.06993096722688691,2.0320105046840315
1021,-0.4507596605858827,0.06993096722688691,-0.6794409666425895
1022,-0.7034663101301172,0.5094797629626657,-0.6752634128182167
1023,-0.8348737678931191,0.9490285586984446,1.3529743463976485
1024,-0.8449820338748885,1.8281261501700024,1.402487015409076
1025,1.6012183337133012,-0.3696178285088919,-0.6347629693814227
1026,-0.42043486264057456,-0.8091666242446708,-0.7722948156913846
1027,1.196887694442526,-0.8091666242446708,-0.8239120685754151
1029,-0.41032659665880516,-0.8091666242446708,0.11543386656304858
1030,-0.592275384330654,-0.8091666242446708,-0.6929709720467521
1031,1.146346364533679,-0.3696178285088919,-0.25842633950989097
1032,0.5701752035728246,0.06993096722688691,-0.7696904307846584
1033,-0.6428167142395009,-0.3696178285088919,-0.4714063133128285
1034,-0.9460646936925823,1.8281261501700024,-0.617656074648716
1035,0.23660242617443505,-0.8091666242446708,-0.8236335649871236
1036,-0.47097619254942147,-0.8091666242446708,-0.4689140825538198
1037,-0.9763894916378903,3.146772537377339,0.27214106128308235
1038,-0.8247655019113497,-0.8091666242446708,-0.6788041719515229
1039,-0.6428167142395009,-0.8091666242446708,-0.4281268556923256
1040,2.5918283999267,-0.8091666242446708,-0.7409097194281321
1042,-0.6630332462030396,0.06993096722688691,0.24277022340433826
1043,-0.8449820338748885,0.9490285586984446,2.3310179787730188
1044,1.490027407913838,-0.8091666242446708,-0.7564314018447795
1046,0.37811814991920634,0.5094797629626657,0.169961105588525
1047,0.00411230859373934,2.2676749459057812,1.0510418319191992
1048,-0.7034663101301172,1.3885773544342235,-0.11696759260501863
1049,0.6712578633905183,-0.8091666242446708,-0.7169930356054972
1050,-0.3395687347864195,-0.3696178285088919,-0.6649640490382357
1051,-0.7438993740571946,-0.8091666242446708,-0.5615978186000368
1052,0.024328840557278096,0.06993096722688691,-0.32290970546058917
1054,-0.8247655019113497,1.3885773544342235,1.2647150538432625
1056,-0.3496770007681889,0.5094797629626657,0.5137745380468132
1057,0.6510413314269795,0.06993096722688691,-0.44725779407075095
1058,-0.8045489699478109,0.9490285586984446,-0.4462047494220487
1059,0.41855121384628385,1.3885773544342235,1.3654204459446764
1060,-0.7641159060207334,2.70722374164156,1.4192243283529955
1061,0.07487017046612499,-0.3696178285088919,-0.36489223961453454
1062,0.8532066510623671,0.06993096722688691,-0.13575529412868462
1063,1.8438167172757665,-0.8091666242446708,-0.6332251779466129
1064,-0.966281225656121,0.9490285586984446,0.16707144268190027
1066,-0.6023836503124234,2.70722374164156,3.4956529936045047
1067,-0.8753068318201965,0.9490285586984446,-0.36502321157227163
1068,-0.592275384330654,0.9490285586984446,-0.005481100787119677
1069,-0.8146572359295803,0.9490285586984446,0.7558370608789928
1070,-0.8955233637837353,0.5094797629626657,-0.09447052437026966
1071,-0.8550902998566579,0.06993096722688691,-0.4297248641191983
1073,0.529742139645747,-0.3696178285088919,0.2819368604669361
1074,1.6416513976403788,-0.8091666242446708,-0.67363303775811
1075,-0.24859434095049512,-0.3696178285088919,0.11684068604012107
1076,-0.5215175224582683,-0.8091666242446708,-0.41698671216066463
1077,-0.7438993740571946,0.06993096722688691,0.06163525314153459
1078,-0.8955233637837353,3.146772537377339,1.3960904654271802
1080,-0.6327084482577315,-0.8091666242446708,-0.7406921855443044
1081,2.723235857689702,-0.8091666242446708,-0.5065022817119653
1082,-0.5417340544218071,-0.8091666242446708,-0.5482876052169042
1083,2.3087969524371577,-0.8091666242446708,-0.6891953666444
1084,-0.40021833067703577,-0.3696178285088919,-0.6663038771116382
1085,-0.8449820338748885,3.5863213331131174,3.67747744842643
1086,-0.40021833067703577,-0.8091666242446708,-0.8246948894722346
1087,0.4387677458098226,-0.8091666242446708,-0.8541251916306408
1088,-0.6933580441483478,-0.8091666242446708,-0.7844887565841486
1089,0.00411230859373934,0.5094797629626657,-0.0846792414608206
1090,-0.39011006469526643,-0.3696178285088919,0.15093027795940442
1091,-0.3193522028228808,0.5094797629626657,2.559014564971675
1092,-0.6124919162941928,0.5094797629626657,-0.6045076944317528
1093,-0.2587026069322645,-0.3696178285088919,0.20898999628177864
1094,-0.2587026069322645,-0.8091666242446708,-0.5124803235990228
1098,-0.8146572359295803,-0.3696178285088919,-0.44501847467840694
1099,-0.6124919162941928,-0.8091666242446708,-0.3289291465296901
1100,-0.3193522028228808,0.5094797629626657,0.14767253868879432
1103,1.1564546305154484,-0.8091666242446708,-0.7448494161338559
1104,1.9246828451299214,-0.8091666242446708,-0.79607826941908
1105,-0.6933580441483478,-0.3696178285088919,-0.2978639530367724
1107,-0.5215175224582683,0.06993096722688691,-0.5344422133168115
1110,-0.8854150978019659,-0.8091666242446708,-0.7671349721839835
1111,-0.4608679265676521,0.06993096722688691,-0.6573217600330361
1113,-0.6428167142395009,0.06993096722688691,-0.5901203496030929
1114,-0.7135745761118866,-0.8091666242446708,-0.17548420735467093
1115,-0.2789191388958033,-0.8091666242446708,-0.7580045707624262
1117,-0.7641159060207334,-0.3696178285088919,-0.5209024226514387
1118,0.13551976635674126,0.06993096722688691,0.9703329974571172
1119,-0.2789191388958033,-0.8091666242446708,1.9486310466239531
1120,-0.673141512184809,-0.8091666242446708,-0.8272428209489016
1121,-0.40021833067703577,-0.8091666242446708,-0.6516831914387341
1124,-0.40021833067703577,1.3885773544342235,0.8599823486520072
1125,1.2069959604242955,-0.8091666242446708,-0.7218322236301628
1126,-0.7034663101301172,1.3885773544342235,0.7490092066914456
1127,0.4387677458098226,0.06993096722688691,-0.4564175512759389
1128,-0.5215175224582683,-0.8091666242446708,0.028162885390897233
1129,-0.7034663101301172,1.3885773544342235,0.45056175062864473
1130,-0.23848607496872573,0.5094797629626657,-0.5404744504967258
1131,-0.4810844585311908,-0.8091666242446708,-0.6207843473863904
1132,-0.9864977576196597,1.3885773544342235,3.1138870491860895
1134,-0.9763894916378903,2.2676749459057812,0.7174005548451591
1135,-0.8955233637837353,1.8281261501700024,1.8535777719400566
1136,-0.8449820338748885,-0.3696178285088919,-0.314382226672063
1137,-0.8045489699478109,-0.3696178285088919,-0.5157388155820337
1138,0.014220574575508719,0.06993096722688691,0.2589603144328853
1139,-0.8348737678931191,-0.3696178285088919,-0.6825865517654822
1140,-0.8449820338748885,3.146772537377339,1.5102430645686702
1141,-0.8449820338748885,2.70722374164156,1.1704242768213635
1142,-0.7742241720025028,-0.3696178285088919,1.0110012957592867
1143,0.5701752035728246,0.06993096722688691,-0.7499851728444319
1144,-0.1677282130963401,0.06993096722688691,-0.6021140689972473
1146,-0.4911927245129602,0.5094797629626657,3.3255738630844736
1147,-0.9056316297655047,1.8281261501700024,2.385080041534808
1148,2.723235857689702,-0.8091666242446708,-0.7343844556257019
1149,-0.7034663101301172,0.5094797629626657,0.5136262537038578
1151,0.4994173417004389,-0.8091666242446708,-0.8464098895225648
1152,-0.3092439368411114,-0.8091666242446708,-0.4771517670680426
1153,-0.005995957388030038,-0.8091666242446708,-0.2857204438748613
1154,1.035155438734216,-0.3696178285088919,-0.4320349384772164
1155,0.17595283028381878,-0.3696178285088919,-0.17650187452053637
1156,-0.8348737678931191,-0.3696178285088919,-0.4366716468660699
1157,-0.8753068318201965,-0.3696178285088919,2.57404698432781
1159,1.0958050346248323,-0.8091666242446708,-0.767601653872472
1160,1.8438167172757665,-0.8091666242446708,-0.40473255427583754
1161,0.13551976635674126,-0.3696178285088919,-0.5727680706277293
1162,-0.8955233637837353,0.5094797629626657,0.03029682504713097
1163,0.23660242617443505,-0.8091666242446708,-0.5976617751465868
1164,-0.7337911080754252,-0.8091666242446708,-0.7461124675423781
1166,0.07487017046612499,-0.3696178285088919,-0.41573720957535665
1170,-0.9763894916378903,1.3885773544342235,2.772575632748021
1171,0.9340727789165222,-0.8091666242446708,3.880479466644523
1172,-0.5720588523671152,0.5094797629626657,1.0559818834055703
1173,0.15573629832028002,0.5094797629626657,-0.1375076085977189
1174,-0.6630332462030396,-0.3696178285088919,0.6735678536100772
1175,1.1362380985519098,-0.8091666242446708,-0.4334477796534952
1177,2.652477995817317,-0.8091666242446708,-0.5068312170311097
1178,0.2871437560832819,-0.3696178285088919,-0.7344506943169711
1179,-0.4507596605858827,1.3885773544342235,2.244754879505522
1181,-0.9157398957472741,3.146772537377339,1.5903459655481178
1182,-0.8146572359295803,-0.3696178285088919,-0.7436797010630316
1185,-0.7337911080754252,-0.8091666242446708,-0.8332155938491537
1186,-0.6630332462030396,-0.3696178285088919,1.365126135395968
1187,1.1564546305154484,-0.3696178285088919,0.6215102639715858
1188,-0.8247655019113497,0.9490285586984446,1.5839599535398334
1189,-0.005995957388030038,-0.3696178285088919,-0.5464698047690015
1191,0.448876011791592,0.06993096722688691,0.8394287838360925
1195,-0.7438993740571946,0.06993096722688691,-0.07849721451314962
1196,1.4192695460414524,0.06993096722688691,-0.26639078942262784
1197,0.5196338736639776,-0.3696178285088919,-0.8383347908869122
1198,2.2380390905647722,-0.8091666242446708,-0.810476152221351
1199,2.0560903028929234,-0.8091666242446708,-0.7439965929837633
1200,1.62143486567684,-0.8091666242446708,-0.18849107764028603
1201,-0.6023836503124234,-0.3696178285088919,0.5965841928194943
1202,-0.6832497781665784,-0.8091666242446708,-0.7934339907551121
1203,-0.9056316297655047,0.5094797629626657,-0.5520654687564588
1204,-0.5013009904947295,0.5094797629626657,-0.6218757803675329
1205,-0.9460646936925823,2.70722374164156,1.026466524745875
1206,-0.7135745761118866,-0.8091666242446708,-0.7524420261206036
1207,-0.9258481617290435,0.06993096722688691,-0.7038439026761334
1208,0.4994173417004389,-0.8091666242446708,-0.36376768728775744
1210,-0.005995957388030038,-0.8091666242446708,-0.8614197275066764
1211,-0.592275384330654,-0.3696178285088919,-0.526824763820838
1214,-0.8955233637837353,3.146772537377339,1.4873899633683485
1215,-0.23848607496872573,-0.8091666242446708,-0.5931146395334271
1216,2.6221531978720085,-0.8091666242446708,-0.8642047633895916
1217,0.18606109626558814,-0.3696178285088919,-0.5547940512093149
1218,-0.8854150978019659,2.70722374164156,0.6949704780140805
1220,-0.7438993740571946,0.06993096722688691,-0.5120226744593438
1222,2.773777187598549,-0.8091666242446708,-0.47638851669364357
1223,-0.14751168113280133,0.5094797629626657,1.624379856749743
1224,2.713127591707933,-0.3696178285088919,-0.18872065492252627
1226,-0.11718688318749321,1.3885773544342235,2.0574642272290755
1228,-0.6832497781665784,0.9490285586984446,-0.22662649871380436
1229,0.38822641590097573,-0.3696178285088919,0.5152671667375751
1230,-0.3496770007681889,-0.8091666242446708,-0.6365167892752585
1231,-0.8854150978019659,-0.3696178285088919,-0.5078887779542166
1232,-0.5720588523671152,0.06993096722688691,-0.562114932019378
1233,2.7333441236714715,-0.8091666242446708,-0.5274254283166667
1234,-0.18794474505987885,-0.8091666242446708,-0.3651925718624489
1235,-0.8348737678931191,0.06993096722688691,-0.2469459699730739
1236,0.8936397149894446,-0.8091666242446708,-0.5988179413941971
1237,-0.6428167142395009,0.5094797629626657,0.844350770224845
1238,-0.8854150978019659,0.06993096722688691,1.2136834112070451
1239,1.8741415152210745,-0.8091666242446708,-0.8235643154462511
1240,2.7333441236714715,-0.8091666242446708,-0.729518169954608
1243,-0.6327084482577315,0.9490285586984446,0.27482222285468877
1244,2.3492300163642352,-0.8091666242446708,0.6997848265295199
1245,0.27703549010151257,0.06993096722688691,-0.2256268966455581
1246,-0.9056316297655047,-0.3696178285088919,-0.3383892359827924
1247,0.23660242617443505,-0.8091666242446708,-0.8367872141908922
1251,-0.4911927245129602,-0.8091666242446708,-0.567569838787888
1252,2.126848164765309,-0.3696178285088919,-0.40820406386827135
1253,-0.7641159060207334,0.9490285586984446,0.7294590075057814
1254,0.2062776282291269,-0.8091666242446708,-0.5568685265858864
1257,-0.7438993740571946,0.06993096722688691,-0.5154693445425517
1260,-0.9460646936925823,0.9490285586984446,0.6713202543813245
1261,-0.005995957388030038,-0.8091666242446708,-0.636099786605222
1262,0.42865947982805325,-0.3696178285088919,-0.8268024841944407
1263,0.014220574575508719,0.5094797629626657,-0.6342059622048395
1264,-0.43054312862234395,-0.3696178285088919,-0.5078104958645347
1265,-0.32946046880465013,-0.3696178285088919,-0.6417135156902982
1266,-0.8854150978019659,0.06993096722688691,-0.7576553122084606
1267,2.7030193257261637,-0.8091666242446708,-0.622730861654828
1268,1.4394860780049912,0.06993096722688691,-0.7850713559823584
1269,1.8033836533486889,-0.3696178285088919,-0.6491570886216897
1270,-0.4507596605858827,0.9490285586984446,1.7063871201031842
1271,-0.966281225656121,-0.3696178285088919,-0.589988624932955
1272,-0.8247655019113497,2.70722374164156,0.742690186086831
1273,-0.9157398957472741,2.70722374164156,-0.5279335091871986
1274,-0.5316257884400377,-0.3696178285088919,-0.7739846550311535
1275,-0.19805301104164824,0.5094797629626657,-0.6033552917461465
1276,-0.5215175224582683,-0.3696178285088919,-0.8258013767013928
1277,-0.35978526674995825,0.9490285586984446,0.914394422680163
1278,0.10519496841143312,-0.8091666242446708,-0.8067615165234627
1279,-0.9561729596743516,-0.3696178285088919,0.847515925870158
1280,2.0560903028929234,-0.8091666242446708,-0.8523984693832334
1281,-0.6933580441483478,-0.3696178285088919,-0.7446100535904056
1282,-0.754007640038964,-0.8091666242446708,-0.4944506034629502
1283,-0.673141512184809,-0.8091666242446708,-0.6028893627700588
1286,-0.5316257884400377,-0.8091666242446708,-0.6408749940758204
1287,-0.6327084482577315,0.9490285586984446,-0.41125857079066863
1288,-0.40021833067703577,0.06993096722688691,0.1796229219650386
1289,1.5607852697862237,-0.8091666242446708,-0.67886815250559
1290,-0.5417340544218071,0.06993096722688691,-0.35740726750109963
1291,-0.8247655019113497,0.06993096722688691,-0.4898154004988983
1292,-0.6630332462030396,-0.8091666242446708,-0.676990887778025
1293,-0.41032659665880516,0.06993096722688691,-0.5905486429591411
1294,-0.6933580441483478,1.8281261501700024,0.8018014436331061
1295,-0.754007640038964,-0.3696178285088919,-0.046533282413691146
1296,2.26836388851008,-0.8091666242446708,-0.629761195478187
1297,0.8936397149894446,-0.8091666242446708,-0.33282142235416434
1298,-0.7843324379842722,2.70722374164156,0.823124280522626
1299,-0.9258481617290435,3.5863213331131174,1.5475753415105473
1300,-0.5215175224582683,2.70722374164156,1.0602851402008746
1302,-0.592275384330654,-0.8091666242446708,3.513017315978281
1303,-0.9561729596743516,0.5094797629626657,0.43096187242452855
1304,-0.4911927245129602,-0.8091666242446708,-0.7144729544876594
1305,-0.9763894916378903,1.8281261501700024,-0.01860012522045199
1306,-0.5417340544218071,-0.3696178285088919,-0.49784608910290445
1307,1.0553719706977547,-0.3696178285088919,0.23573763144377685
1308,-0.13740341515103197,2.2676749459057812,1.9591577295489724
1309,-0.7337911080754252,0.9490285586984446,-0.4924182799808229
1310,-0.2890274048775726,0.5094797629626657,2.312799327824348
1311,-0.21826954300518697,-0.8091666242446708,0.10690638777452234
1312,-0.4911927245129602,0.9490285586984446,1.731371150110136
1313,-0.2587026069322645,0.06993096722688691,-0.4220622518791774
1314,-0.6023836503124234,0.5094797629626657,0.19057488739650275
1315,-0.2789191388958033,0.06993096722688691,-0.36647895735539543
1316,-0.12729514916926257,-0.8091666242446708,-0.6309602663326421
1317,0.024328840557278096,0.06993096722688691,3.088272998899678
1318,0.3579016179556676,0.5094797629626657,1.4673520065469732
1319,-0.9157398957472741,0.5094797629626657,0.9346506660977664
1320,-0.9056316297655047,-0.3696178285088919,-0.5458623658615657
1321,2.015657238965846,-0.3696178285088919,-0.4831960476463694
1322,-0.3193522028228808,3.146772537377339,0.40323119486710135
1323,-0.40021833067703577,-0.8091666242446708,-0.5268691738524844
1324,2.3593382823460045,-0.8091666242446708,-0.4308644706939912
1325,-0.9864977576196597,2.2676749459057812,3.806388479610168
1326,1.995440707002307,-0.8091666242446708,2.1038584087640384
1327,-0.592275384330654,0.5094797629626657,-0.5940035928787577
1328,-0.03632075533333817,-0.3696178285088919,-0.02640123654221792
1330,-0.8247655019113497,-0.8091666242446708,-0.7131715147466972
1331,0.3073602880468207,-0.3696178285088919,-0.5999838929030175
1332,-0.3092439368411114,-0.8091666242446708,-0.2010530948970353
1333,0.2871437560832819,0.06993096722688691,0.20813642041928515
1334,-0.8348737678931191,0.5094797629626657,2.7057189645976383
1336,0.08497843644789436,0.06993096722688691,-0.20226270372510144
1337,-0.40021833067703577,-0.8091666242446708,-0.5997949620904198
1338,-0.8449820338748885,0.5094797629626657,-0.15453847937794604
1339,0.014220574575508719,-0.3696178285088919,-0.29156977194138395
1340,-0.3496770007681889,-0.8091666242446708,-0.7911547776055263
1341,0.07487017046612499,-0.8091666242446708,-0.6246992045828883
1342,-0.23848607496872573,-0.8091666242446708,-0.6807898272648014
1343,-0.5417340544218071,-0.8091666242446708,-0.8482502713424912
1344,1.0048306407889078,-0.3696178285088919,-0.26977724251377255
1345,2.258255622528311,-0.8091666242446708,-0.6234986283036316
1346,-0.6832497781665784,1.3885773544342235,2.315968247031665
1347,-0.5619505863853459,0.5094797629626657,0.048130087246598
1349,-0.5417340544218071,-0.8091666242446708,-0.7328925796473402
1350,0.5802834695545939,-0.3696178285088919,-0.6265967925452748
1351,-0.5518423204035765,-0.8091666242446708,-0.7331725886604332
1353,0.00411230859373934,0.5094797629626657,-0.19157268220911172
1354,1.9246828451299214,-0.8091666242446708,-0.29405297015158327
1355,0.5095256076822082,0.5094797629626657,0.7722386640921611
1357,-0.5013009904947295,0.06993096722688691,2.4900006230806344
1360,-0.9561729596743516,1.3885773544342235,2.7852896979097292
1361,-0.5619505863853459,-0.8091666242446708,-0.6363639886578986
1362,-0.24859434095049512,0.06993096722688691,1.73823362906812
1363,-0.42043486264057456,-0.3696178285088919,-0.4685076178573943
1366,-0.47097619254942147,0.06993096722688691,3.203559182916754
1367,-0.32946046880465013,0.06993096722688691,0.2096862552525076
1368,-0.5619505863853459,-0.3696178285088919,-0.6633773312973749
1369,-0.8449820338748885,-0.3696178285088919,0.09280055738375705
1371,-0.9056316297655047,0.9490285586984446,0.7961222285691613
1372,-0.5013009904947295,-0.3696178285088919,0.612242868893085
1373,-0.3092439368411114,-0.8091666242446708,-0.4414174985530376
1374,1.0553719706977547,-0.8091666242446708,-0.7312396232152099
1375,-0.8550902998566579,0.9490285586984446,0.1447060991172892
1376,-0.32946046880465013,-0.8091666242446708,-0.6796208649063779
1377,1.0250471727524466,-0.3696178285088919,-0.0461644533373051
1379,-0.026212489351568793,-0.8091666242446708,-0.6498465731808114
1380,-0.39011006469526643,-0.8091666242446708,-0.351908703413344
1381,0.8430983850805978,0.06993096722688691,-0.4027130269045236
1382,-0.3193522028228808,-0.3696178285088919,-0.1302183417084888
1383,-0.3395687347864195,0.5094797629626657,-0.29412673596686056
1384,-0.5417340544218071,-0.3696178285088919,-0.34425211287252944
1385,1.0755885026612935,-0.8091666242446708,-0.5402727235733147
1386,0.00411230859373934,-0.3696178285088919,-0.2864076702967805
1387,-0.8146572359295803,0.9490285586984446,0.6192099748747779
1388,-0.8854150978019659,2.2676749459057812,2.474822177518746
1389,1.62143486567684,-0.8091666242446708,-0.7454975015109344
1390,-0.8247655019113497,-0.3696178285088919,0.21487244369393624
1391,-0.38000179871349704,0.5094797629626657,1.0713771101388854
1392,0.7420157252629039,-0.8091666242446708,-0.3866471334221066
1393,-0.3496770007681889,-0.8091666242446708,0.047909542513167126
1394,-0.43054312862234395,3.146772537377339,0.9661441529467324
1395,-0.3092439368411114,-0.3696178285088919,-0.47788942522081473
1396,-0.42043486264057456,0.5094797629626657,-0.5627133383780044
1398,-0.38000179871349704,0.06993096722688691,0.5455533028956773
1399,2.76366892161678,-0.8091666242446708,-0.8179694041711946
1400,-0.8348737678931191,-0.3696178285088919,-0.44655400797601424
1401,-0.5316257884400377,-0.3696178285088919,-0.5544839337001902
1402,-0.9864977576196597,0.06993096722688691,-0.2303125313404628
1403,-0.7438993740571946,-0.3696178285088919,-0.4374552204752901
1404,1.166562896497218,-0.8091666242446708,-0.585403100987355
1405,-0.6124919162941928,-0.3696178285088919,-0.6077616701403589
1406,-0.6933580441483478,-0.3696178285088919,-0.39448889121351494
1407,0.6308247994634408,-0.8091666242446708,-0.7006365951363761
1408,1.8134919193304582,-0.3696178285088919,-0.5010857632758956
1409,-0.12729514916926257,1.3885773544342235,-0.003492434624237891
1410,-0.19805301104164824,-0.3696178285088919,-0.33259636134632875
1411,0.7925570551717509,-0.8091666242446708,-0.8414766124478009
1412,-0.12729514916926257,-0.3696178285088919,-0.4943354384656296
1413,2.2279308245830025,-0.8091666242446708,-0.7833867856293952
1414,1.6012183337133012,-0.8091666242446708,-0.8015038204039592
1415,-0.7034663101301172,-0.3696178285088919,-0.44821072797014844
1416,-0.11718688318749321,-0.8091666242446708,-0.5816417971206179
1417,-0.7337911080754252,-0.8091666242446708,-0.5882859894823728
1418,0.37811814991920634,-0.8091666242446708,-0.8203931381017316
1419,-0.9157398957472741,2.70722374164156,1.890328954908526
1420,-0.39011006469526643,0.06993096722688691,0.8669283786864779
1421,-0.9157398957472741,0.9490285586984446,0.03032316998115857
1422,1.146346364533679,-0.8091666242446708,-0.7419454516916164
1423,-0.3092439368411114,-0.8091666242446708,-0.6981827527098075
1424,1.0250471727524466,-0.8091666242446708,-0.7975558438618267
1426,-0.9258481617290435,1.3885773544342235,-0.14493462185629316
1427,-0.6226001822759621,-0.3696178285088919,-0.5887797688172896
1428,-0.6933580441483478,2.2676749459057812,1.0994660787990873
1430,-0.39011006469526643,2.70722374164156,3.8464628878281157
1431,1.914574579148152,-0.8091666242446708,1.200413844293555
1432,1.277753822296681,-0.3696178285088919,0.5174176660666264
1433,-0.9460646936925823,2.2676749459057812,1.0524433824094666
1434,-0.7742241720025028,-0.8091666242446708,-0.10117643914888912
1436,-0.9561729596743516,0.9490285586984446,3.5561913938626737
1437,-0.8753068318201965,-0.3696178285088919,0.0984090174820276
1438,-0.39011006469526643,-0.8091666242446708,0.047345760924977
1439,-0.5316257884400377,-0.3696178285088919,-0.6938012138248212
1440,-0.8955233637837353,-0.8091666242446708,0.35523448863086055
1441,-0.8449820338748885,3.146772537377339,2.293200202332633
1442,-0.7641159060207334,-0.8091666242446708,-0.3605972626556388
1443,-0.8146572359295803,-0.8091666242446708,-0.8096406414564764
1444,-0.673141512184809,0.06993096722688691,0.3416344809734247
1445,0.4994173417004389,0.5094797629626657,1.1911329003918403
1447,-0.2587026069322645,-0.3696178285088919,2.815812185761679
1448,-0.2890274048775726,0.06993096722688691,-0.4547954560522411
1450,0.3174685540285901,-0.3696178285088919,-0.34347305553771396
1451,-0.6023836503124234,-0.8091666242446708,-0.33873849453675803
1452,0.4893090757186695,0.06993096722688691,0.273508739715314
1453,-0.8449820338748885,0.06993096722688691,3.4024920378961876
1454,0.024328840557278096,-0.8091666242446708,-0.8178489701870686
1455,0.38822641590097573,-0.8091666242446708,-0.2676011509630948
1456,0.9138562469529834,-0.8091666242446708,0.8442423796391311
1457,-0.9864977576196597,0.9490285586984446,-0.1201764055695774
1460,-0.8955233637837353,1.8281261501700024,1.2905150240926688
1461,-0.4911927245129602,0.9490285586984446,1.0553736917857337
1462,-0.9561729596743516,-0.3696178285088919,-0.15545678850690733
1463,-0.06664555327864631,-0.8091666242446708,-0.6908392905277208
1464,-0.07675381926041569,-0.8091666242446708,-0.8199001114792157
1465,-0.7742241720025028,-0.8091666242446708,-0.7183832954097525
1466,-0.6327084482577315,-0.8091666242446708,-0.5062757152793281
1467,-0.9157398957472741,0.9490285586984446,-0.007262018327383847
1468,-0.8449820338748885,0.5094797629626657,-0.45981002606629007
1469,-0.7438993740571946,3.146772537377339,0.06640744976252988
1470,-0.6832497781665784,-0.3696178285088919,-0.7782299529715972
1471,-0.8753068318201965,0.9490285586984446,-0.29608679905851215
1472,-0.3092439368411114,0.5094797629626657,0.08039811515597471
1473,-0.8348737678931191,-0.8091666242446708,-0.6059709673388846
1475,-0.673141512184809,1.3885773544342235,1.9815215676887825
1476,-0.8146572359295803,3.146772537377339,1.7797871171536157
1477,-0.3092439368411114,-0.8091666242446708,-0.8179927382556191
1478,0.36800988393743694,-0.8091666242446708,-0.561125115212342
1479,1.065480236679524,-0.3696178285088919,-0.6298063582222343
1481,-0.9157398957472741,1.8281261501700024,1.800739619541948
1482,-0.7438993740571946,2.2676749459057812,-0.24720791388854804
1483,2.7333441236714715,-0.8091666242446708,-0.5297648584583156
1484,-0.47097619254942147,0.5094797629626657,1.660096060167129
1485,-0.32946046880465013,-0.8091666242446708,-0.6796622640884212
1486,1.29797035426022,-0.3696178285088919,-0.6972396040716203
1487,2.288580420473619,-0.8091666242446708,-0.7694871984364458
1488,1.1766711624789872,-0.8091666242446708,-0.587841136453507
1489,-0.5518423204035765,-0.8091666242446708,-0.5655849361870102
1491,-0.8146572359295803,0.5094797629626657,1.6419940796405808
1492,-0.9864977576196597,0.06993096722688691,-0.37838686753586004
1493,-0.6124919162941928,0.06993096722688691,-0.02188646756229197
1494,-0.5619505863853459,0.06993096722688691,1.3774382521356563
1496,2.76366892161678,-0.8091666242446708,-0.6476456421209077
1497,-0.6226001822759621,0.06993096722688691,-0.018612921331265526
1498,0.4893090757186695,-0.3696178285088919,-0.644258436317362
1499,-0.9561729596743516,-0.3696178285088919,-0.7942544472719709
1500,-0.2587026069322645,0.06993096722688691,0.0020693573051837532
1501,-0.5720588523671152,-0.3696178285088919,0.2617370704793918
1502,-0.9157398957472741,-0.8091666242446708,-0.7458294476796818
1503,-0.32946046880465013,1.8281261501700024,0.6531911762083479
1504,-0.7337911080754252,0.9490285586984446,1.4745810564441404
1505,-0.6226001822759621,-0.3696178285088919,-0.4944987770566006
1506,1.9853324410205377,-0.8091666242446708,-0.8413938140837142
1507,-0.9056316297655047,1.3885773544342235,1.7230039990629782
1508,2.126848164765309,-0.8091666242446708,-0.7080229619253078
1509,-0.6226001822759621,0.9490285586984446,1.01494023975261
1510,-0.8955233637837353,0.5094797629626657,-0.08139139369417903
1511,-0.592275384330654,3.5863213331131174,1.5291143171688235
1512,-0.9460646936925823,0.06993096722688691,-0.5308216666690218
1513,-0.8550902998566579,0.9490285586984446,0.13413425344822316
1514,-0.8753068318201965,0.06993096722688691,-0.7447861882921898
1515,0.7217991932993653,-0.8091666242446708,-0.8512731643440554
1516,-0.8854150978019659,0.06993096722688691,0.30278925210596347
1517,-0.8045489699478109,0.9490285586984446,0.48398594478563184
1518,-0.2688108729140339,0.06993096722688691,-0.1596652035397125
1519,-0.2688108729140339,1.3885773544342235,2.1190835224947757
1520,-0.7641159060207334,1.3885773544342235,1.3491580945256534
1521,0.5398504056275164,-0.8091666242446708,-0.8242876720634082
1522,2.2279308245830025,-0.3696178285088919,-0.8212670371990465
1523,0.2871437560832819,-0.8091666242446708,-0.7226150445269821
1524,1.3384034181872975,0.5094797629626657,0.7012255180646282
1525,-0.5417340544218071,0.5094797629626657,-0.2958376512538514
1527,-0.7438993740571946,-0.8091666242446708,-0.7748088751100162
1529,-0.673141512184809,3.146772537377339,1.967488750400893
1530,0.16584456430204939,-0.8091666242446708,-0.614976418501911
1531,-0.5215175224582683,1.8281261501700024,0.6993821253950985
1533,-0.6630332462030396,2.2676749459057812,0.13023369778734029
1534,-0.6832497781665784,1.3885773544342235,0.11377865199371585
1535,1.62143486567684,-0.8091666242446708,-0.6429758143864196
1536,0.6813661293722877,0.06993096722688691,-0.5423389191134775
1537,-0.8449820338748885,2.2676749459057812,1.4960943295710598
1538,-0.47097619254942147,1.3885773544342235,-0.1548214992406423
1540,0.07487017046612499,-0.8091666242446708,0.4917486677749573
1541,2.1369564307470785,-0.8091666242446708,-0.6339425128645637
1542,-0.8753068318201965,1.3885773544342235,0.16108286282123174
1544,-0.43054312862234395,0.06993096722688691,-0.6625802088649404
1545,-0.754007640038964,-0.3696178285088919,-0.46401016126268657
1546,-0.5215175224582683,0.9490285586984446,-0.02947230313743252
1547,-0.8348737678931191,-0.3696178285088919,-0.8076775675152216
1548,-0.5215175224582683,0.5094797629626657,-0.2264556329988256
1549,-0.8247655019113497,0.5094797629626657,0.4769902357327089
1550,1.3485116841690667,0.06993096722688691,-0.7158534290307044
1551,1.9347911111116907,0.06993096722688691,-0.27313358710888586
1552,-0.7337911080754252,-0.8091666242446708,-0.659568606549388
1554,-0.7337911080754252,2.2676749459057812,-0.07378147132221329
1555,0.46909254375513076,-0.3696178285088919,-0.5549581425126867
1556,-0.2890274048775726,-0.3696178285088919,1.4362822967796511
1557,0.10519496841143312,-0.8091666242446708,-0.16937970978428116
1559,-0.2789191388958033,-0.8091666242446708,0.2244996353000135
1560,-0.10707861720572383,0.06993096722688691,-0.3954772025957494
1561,-0.19805301104164824,-0.8091666242446708,-0.4813541604016415
1562,-0.38000179871349704,-0.8091666242446708,-0.8335242059334768
1563,-0.4608679265676521,0.5094797629626657,1.4150663450510432
1564,-0.9157398957472741,0.9490285586984446,-0.6951673868322512
1565,2.723235857689702,-0.8091666242446708,-0.7380689828275585
1566,0.2568189581379738,-0.8091666242446708,-0.7100884047530698
1567,-0.9157398957472741,-0.8091666242446708,-0.832451590762354
1568,-0.6933580441483478,0.06993096722688691,-0.5633463695070671
1569,-0.3092439368411114,-0.8091666242446708,-0.8445115488477777
1570,0.5600669375910552,-0.8091666242446708,-0.861073479802314
1571,0.822881853117059,-0.8091666242446708,-0.8199716191572904
1572,-0.8045489699478109,0.06993096722688691,-0.7150751244082897
1573,-0.42043486264057456,0.5094797629626657,-0.56916709450236
1574,-0.8146572359295803,0.5094797629626657,1.9367231364434894
1575,1.166562896497218,-0.8091666242446708,-0.7957726681843601
1576,-0.9258481617290435,-0.8091666242446708,-0.8590411563201866
1578,-0.6630332462030396,2.70722374164156,0.5129013916618991
1579,-0.9056316297655047,-0.8091666242446708,-0.7627127868293546
1580,-0.09697035122395445,-0.3696178285088919,-0.5502258396489331
1581,1.651759663622148,-0.8091666242446708,-0.836309241816392
1582,-0.8449820338748885,0.5094797629626657,3.162522055538199
1583,1.0755885026612935,-0.8091666242446708,-0.7994624643730225
1584,-0.7337911080754252,-0.3696178285088919,-0.6894588159846757
1585,-0.7034663101301172,-0.8091666242446708,-0.4585703087421924
1586,1.9550076430752295,-0.8091666242446708,-0.8165588211321181
1587,1.7225175254945337,-0.8091666242446708,-0.758612009669862
1588,-0.8955233637837353,0.5094797629626657,-0.481802776992511
1591,-0.8449820338748885,1.3885773544342235,2.871832053477918
1593,-0.6832497781665784,-0.3696178285088919,-0.8606745422298964
1594,-0.19805301104164824,-0.3696178285088919,-0.17068416037484657
1595,-0.4810844585311908,-0.8091666242446708,-0.19934519045964766
1596,2.1976060266376947,-0.8091666242446708,-0.45080833846526747
1597,-0.7742241720025028,-0.8091666242446708,-0.6602332515992837
1598,-0.6933580441483478,0.9490285586984446,-0.11808687594499016
1599,-0.7843324379842722,-0.3696178285088919,-0.6090917129525512
1600,-0.6124919162941928,-0.3696178285088919,-0.6718506147930443
1601,-0.8753068318201965,0.5094797629626657,0.6285195218477228
1602,0.7925570551717509,-0.8091666242446708,-0.0138467464094764
1603,0.4893090757186695,0.5094797629626657,0.11796298022969583
1604,-0.8348737678931191,0.9490285586984446,-0.01075234572983742
1605,-0.4810844585311908,0.5094797629626657,-0.3697261586523945
1606,-0.8955233637837353,2.70722374164156,1.7339491900828348
1607,-0.6832497781665784,1.8281261501700024,3.184148988237636
1608,-0.8449820338748885,-0.8091666242446708,-0.556706693419717
1609,-0.2081612770234176,0.06993096722688691,0.41597461581244055
1610,0.2163858942108963,-0.8091666242446708,-0.7325252559957557
1611,-0.7742241720025028,0.06993096722688691,0.30198610797432274
1612,-0.2587026069322645,0.5094797629626657,2.851354512614483
1613,-0.09697035122395445,-0.8091666242446708,-0.750875631614564
1614,2.1672812286923864,-0.8091666242446708,-0.7495689228867962
1615,-0.5518423204035765,0.06993096722688691,0.46432961315145627
1616,-0.5417340544218071,0.5094797629626657,0.025956685344187925
1617,1.5607852697862237,0.06993096722688691,0.3530583970801827
1618,-0.4911927245129602,0.9490285586984446,0.9175053830326195
1619,1.7326257914763032,-0.8091666242446708,-0.6441530565812518
1621,0.610608267499902,-0.8091666242446708,-0.7533001182575018
1623,-0.8146572359295803,0.9490285586984446,1.0946140946636087
1624,1.2676455563149116,-0.8091666242446708,-0.8333021557752442
1625,-0.6933580441483478,1.8281261501700024,-0.04322812226183147
1626,0.5095256076822082,0.5094797629626657,0.7665760087010338
1627,2.7838854535803184,-0.8091666242446708,-0.60764801056784
1629,-0.4810844585311908,0.06993096722688691,-0.8018192068998893
1630,-0.3395687347864195,-0.3696178285088919,-0.5358294622714637
1631,-0.35978526674995825,0.06993096722688691,-0.5508528490787894
1632,-0.32946046880465013,-0.3696178285088919,-0.4866660518140017
1633,-0.35978526674995825,-0.3696178285088919,0.5650831788465205
1635,-0.17783647907810948,-0.8091666242446708,-0.8244118696095383
1636,1.7225175254945337,0.5094797629626657,0.2306056382952049
1637,2.723235857689702,-0.8091666242446708,-0.8317974836860692
1638,0.8734231830259059,-0.3696178285088919,0.3005348784656036
1639,0.529742139645747,-0.3696178285088919,-0.6094086048732829
1640,-0.966281225656121,0.06993096722688691,0.8111870145585306
1641,0.46909254375513076,-0.8091666242446708,-0.7754125504554481
1642,-0.754007640038964,-0.8091666242446708,-0.7113981243304407
1644,1.3080786202419894,-0.8091666242446708,-0.7261558036602884
1645,1.1766711624789872,-0.8091666242446708,-0.6259396746193868
1646,-0.8247655019113497,0.06993096722688691,0.5653488863239985
1648,-0.7641159060207334,0.06993096722688691,-0.46950119822643427
1649,-0.3496770007681889,0.5094797629626657,0.2354388046206641
1650,1.2676455563149116,-0.8091666242446708,-0.6234278733379576
1651,-0.7337911080754252,-0.8091666242446708,-0.8267889353712264
1653,-0.4911927245129602,0.9490285586984446,-0.6282866318850435
1654,-0.6327084482577315,-0.3696178285088919,0.3907271364652128
1655,-0.9056316297655047,2.2676749459057812,3.0374430831868717
1656,-0.7135745761118866,-0.3696178285088919,-0.7223485843371032
1657,-0.8348737678931191,2.2676749459057812,0.6505107673491421
1658,-0.38000179871349704,1.3885773544342235,-0.31331638591254735
1659,1.5607852697862237,-0.8091666242446708,-0.630847359472524
1660,0.5701752035728246,0.06993096722688691,0.8909820561660563
1661,-0.9056316297655047,-0.3696178285088919,-0.17420233813612923
1662,-0.2789191388958033,0.06993096722688691,-0.44677003643504043
1663,-0.4810844585311908,-0.3696178285088919,-0.41469771374986863
1664,-0.2081612770234176,1.3885773544342235,0.26711369515821987
1666,-0.39011006469526643,-0.3696178285088919,-0.8140507834126928
1667,1.5708935357679932,-0.8091666242446708,-0.4709019960043006
1668,-0.2789191388958033,-0.3696178285088919,-0.36149449583737797
1671,-0.8449820338748885,2.70722374164156,-0.4198763750672894
1672,-0.4507596605858827,-0.8091666242446708,-0.43465814119396223
1673,-0.9864977576196597,3.5863213331131174,0.9568112718893633
1674,-0.5619505863853459,0.06993096722688691,-0.4999085210810633
1675,-0.2081612770234176,0.5094797629626657,1.8582370617009332
1676,-0.18794474505987885,-0.8091666242446708,-0.800091731940081
1677,2.7333441236714715,-0.8091666242446708,-0.8437874395182197
1678,-0.5316257884400377,-0.8091666242446708,-0.45240559417973947
1679,-0.8449820338748885,-0.8091666242446708,-0.8363152635155983
1680,0.14562803233851063,-0.3696178285088919,-0.8121697551231238
1681,-0.9258481617290435,1.8281261501700024,-0.5245726483176806
1682,1.2878620882784504,-0.8091666242446708,-0.7177209084970592
1683,-0.6933580441483478,0.06993096722688691,-0.0018695866881393445
1684,1.9347911111116907,-0.8091666242446708,-0.7506054078626812
1685,0.8430983850805978,-0.3696178285088919,-0.5462048500039242
1686,-0.5013009904947295,-0.8091666242446708,-0.7966315130336591
1687,-0.9056316297655047,0.06993096722688691,-0.6834469020395827
1688,-0.7135745761118866,3.5863213331131174,0.6873906641381462
1690,-0.38000179871349704,0.5094797629626657,-0.34239065510538086
1692,0.22649416019266566,-0.3696178285088919,-0.805426204724465
1693,-0.6327084482577315,-0.8091666242446708,3.8215661724596552
1694,0.984614108825369,-0.3696178285088919,-0.5062373269468879
1696,-0.5417340544218071,2.2676749459057812,1.3559867014256015
1697,-0.9157398957472741,-0.3696178285088919,-0.44115028565075787
1698,-0.2789191388958033,-0.8091666242446708,-0.29506386290584147
1699,1.3080786202419894,-0.8091666242446708,-0.8156992235704182
1701,0.38822641590097573,1.8281261501700024,0.7971293577614156
1702,-0.5720588523671152,0.5094797629626657,2.0686977070984343
1703,-0.9561729596743516,1.8281261501700024,1.1838910543838599
1704,0.16584456430204939,-0.8091666242446708,-0.271443747769117
1705,2.76366892161678,-0.8091666242446708,-0.8336913080864516
1706,2.2380390905647722,-0.3696178285088919,-0.7768223807821238
1707,-0.026212489351568793,-0.8091666242446708,-0.6208144558824219
1708,-0.38000179871349704,0.5094797629626657,-0.4041243626560009
1710,-0.8146572359295803,-0.3696178285088919,1.023972035849664
1711,-0.673141512184809,0.06993096722688691,-0.22045199889014114
1712,-0.18794474505987885,-0.8091666242446708,-0.780413571646283
1713,1.651759663622148,-0.8091666242446708,-0.7914852183494723
1715,0.1153032343932025,-0.8091666242446708,-0.7012636045662324
1716,-0.7337911080754252,2.70722374164156,3.222885073806984
1717,0.044545372520816855,1.3885773544342235,0.8998211578885087
1718,1.6012183337133012,-0.3696178285088919,-0.27528333372553615
1719,1.3080786202419894,-0.8091666242446708,-0.8087524408235468
1720,0.6611495974087489,-0.8091666242446708,-0.7036135726814922
1721,-0.9157398957472741,-0.8091666242446708,-0.12065061438207372
1722,-0.7641159060207334,0.5094797629626657,1.1909161192204132
1723,-0.6023836503124234,-0.8091666242446708,-0.5953652496117829
1724,1.9853324410205377,-0.8091666242446708,-0.4841655412185843
1725,-0.7438993740571946,-0.8091666242446708,-0.7400696923888528
1726,0.8835314490076752,-0.8091666242446708,-0.7546632804153287
1727,0.08497843644789436,-0.8091666242446708,-0.8202011964395308
1728,1.3485116841690667,-0.8091666242446708,-0.4302728387469719
1729,-0.8955233637837353,1.3885773544342235,1.7511117855332
1730,1.4495943439867607,-0.8091666242446708,-0.7153287884873553
1731,0.7319074592811345,-0.8091666242446708,-0.563637669206172
1732,-0.6124919162941928,0.06993096722688691,-0.7106755204256845
1733,-0.9763894916378903,3.5863213331131174,0.8794279208139619
1734,0.448876011791592,-0.8091666242446708,-0.7104015331117975
1735,-0.8247655019113497,0.9490285586984446,-0.3341025388603053
1736,2.773777187598549,-0.8091666242446708,-0.13713727409653137
1738,-0.592275384330654,0.06993096722688691,-0.5444118890652474
1739,-0.23848607496872573,-0.8091666242446708,-0.7779491912461034
1740,-0.7337911080754252,-0.3696178285088919,-0.47186546787730915
1741,1.6012183337133012,-0.3696178285088919,0.041948813011327676
1742,-0.9460646936925823,0.06993096722688691,-0.7025981636528293
1743,-0.7641159060207334,-0.8091666242446708,-0.8182930705035335
1744,1.3687282161326055,-0.8091666242446708,-0.8149811359400667
1745,-0.9460646936925823,0.5094797629626657,-0.6082185665676372
1746,1.196887694442526,-0.8091666242446708,-0.7958328851764233
1747,-0.6832497781665784,0.9490285586984446,1.5334619839957742
1748,-0.04642902131510755,0.06993096722688691,-0.6561520449622118
1749,0.3174685540285901,-0.3696178285088919,-0.8355806162124293
1750,-0.8348737678931191,0.9490285586984446,0.19037692403509543
1751,-0.9763894916378903,1.8281261501700024,0.15091070743698407
1752,0.22649416019266566,-0.8091666242446708,-0.7229018279516822
1753,-0.8449820338748885,1.3885773544342235,1.9583801776389589
1755,1.196887694442526,-0.3696178285088919,-0.4333935843606386
1757,-0.9157398957472741,0.5094797629626657,-0.11755621370243474
1758,2.1976060266376947,0.06993096722688691,0.5695573013568037
1759,0.3579016179556676,-0.8091666242446708,-0.8073411050720695
1760,-0.5619505863853459,-0.8091666242446708,-0.5849522262592831
1761,0.6611495974087489,-0.3696178285088919,1.2280534436504866
1762,-0.2081612770234176,0.9490285586984446,1.4381083770639627
1763,-0.40021833067703577,-0.3696178285088919,-0.49373326854499927
1764,-0.4507596605858827,0.06993096722688691,0.20026229599464299
1765,0.7723405232082121,-0.8091666242446708,-0.6811774741512072
1767,-0.2688108729140339,-0.8091666242446708,-0.5918244904784766
1770,-0.35978526674995825,-0.8091666242446708,-0.10530883022921468
1771,-0.5619505863853459,-0.3696178285088919,0.15855073830498115
1772,-0.592275384330654,-0.8091666242446708,-0.19764406043386695
1774,-0.4608679265676521,1.3885773544342235,0.6596155765490725
1775,1.6921927275492257,-0.8091666242446708,-0.12017188929517271
1777,-0.40021833067703577,0.06993096722688691,0.0433225131427656
1778,-0.7337911080754252,0.5094797629626657,0.9394627564760034
1780,-0.2081612770234176,0.9490285586984446,1.1826401216449902
1781,0.42865947982805325,-0.8091666242446708,-0.7320435200592514
1782,0.9239645129347528,-0.8091666242446708,0.6214952097235701
1783,-0.8348737678931191,2.70722374164156,0.4030671035637296
1784,-0.9157398957472741,0.06993096722688691,-0.6350723341781466
1787,-0.8348737678931191,0.5094797629626657,0.3683234045681615
1788,-0.754007640038964,0.5094797629626657,0.829096300710477
1789,-0.5013009904947295,0.9490285586984446,0.1660063546347854
1790,0.3073602880468207,0.9490285586984446,-0.6401764769678893
1791,0.2062776282291269,0.06993096722688691,0.13426597811836105
1792,1.7225175254945337,-0.8091666242446708,-0.7005726145823091
1793,0.7319074592811345,-0.8091666242446708,-0.5847098528662293
1794,-0.21826954300518697,-0.8091666242446708,1.6022072075597336
1795,0.5903917355363633,-0.3696178285088919,-0.6178171551024845
1796,-0.4507596605858827,-0.3696178285088919,-0.7465746329564619
1798,2.2380390905647722,-0.8091666242446708,-0.7960052563162036
1800,2.0864151008382312,-0.8091666242446708,-0.7805746521000515
1801,-0.35978526674995825,-0.3696178285088919,1.6661320609090469
1802,1.5708935357679932,-0.3696178285088919,-0.2705939354686275
1803,-0.47097619254942147,-0.3696178285088919,-0.4393272162160496
1804,2.2986886864553884,-0.8091666242446708,-0.7741502517593267
1805,1.5607852697862237,-0.8091666242446708,-0.5127144171556679
1806,-0.19805301104164824,-0.3696178285088919,0.226226357547421
1808,-0.9864977576196597,1.8281261501700024,-0.3360686236511633
1809,-0.5417340544218071,0.5094797629626657,0.3334607770132689
1810,-0.9258481617290435,2.70722374164156,0.9794438283562538
1811,-0.6832497781665784,-0.8091666242446708,-0.26229452853754004
1812,0.6005000015181327,-0.8091666242446708,-0.8141335817767795
1813,-0.9763894916378903,0.9490285586984446,-0.41753242865123585
1814,-0.6832497781665784,-0.3696178285088919,-0.0925759472574865
1815,-0.5518423204035765,-0.3696178285088919,0.033438646608019665
1816,-0.8955233637837353,1.3885773544342235,0.8993318948279965
1817,-0.966281225656121,3.146772537377339,1.2063038188297204
1818,0.00411230859373934,-0.8091666242446708,-0.7805595978520358
1819,-0.2587026069322645,0.06993096722688691,0.2289948337575188
1821,-0.6226001822759621,0.06993096722688691,2.002286644689318
1822,-0.754007640038964,0.5094797629626657,2.4866247079631005
1823,-0.8854150978019659,2.70722374164156,0.07748511816492547
1825,1.3485116841690667,-0.3696178285088919,2.7493175722760754
1827,0.7723405232082121,-0.8091666242446708,-0.5473429511539154
1828,1.035155438734216,-0.8091666242446708,-0.41229806661615676
1829,-0.7034663101301172,-0.3696178285088919,-0.40598582042314935
1830,1.490027407913838,-0.3696178285088919,-0.3071878015453322
1831,-0.8247655019113497,-0.3696178285088919,1.2204661026505446
1832,-0.673141512184809,-0.8091666242446708,-0.6334043234980006
1833,1.6618679296039176,-0.8091666242446708,-0.6635301319147349
1834,-0.42043486264057456,-0.8091666242446708,-0.04670791169067392
1835,0.07487017046612499,0.06993096722688691,0.4392838607276394
1836,-0.9864977576196597,-0.3696178285088919,-0.46024961010835014
1838,-0.8550902998566579,0.06993096722688691,0.2837998236588862
1842,-0.4608679265676521,-0.3696178285088919,-0.37059102520089976
1843,1.166562896497218,-0.8091666242446708,-0.6067733587581244
1844,-0.6226001822759621,0.5094797629626657,0.9341403270900323
1845,2.025765504947615,-0.8091666242446708,-0.7994436465630027
1847,-0.5013009904947295,-0.8091666242446708,-0.6682398534064647
1848,-0.754007640038964,0.5094797629626657,-0.5468416446949907
1849,0.0647619044843556,0.5094797629626657,-0.4781739505083125
1851,-0.4507596605858827,0.06993096722688691,-0.4105495157091264
1852,2.4300961442183904,-0.8091666242446708,-0.8115570472288826
1853,2.723235857689702,-0.8091666242446708,-0.7795005315041271
1855,1.833708451293997,-0.8091666242446708,-0.7152392157116615
1856,1.3384034181872975,0.06993096722688691,-0.7187965345177851
1858,0.7723405232082121,0.06993096722688691,-0.6694750544561576
1859,-0.8449820338748885,1.8281261501700024,-0.0016332349942919863
1860,-0.7641159060207334,0.9490285586984446,0.34676572140959594
1861,-0.21826954300518697,0.9490285586984446,3.520107114081302
1862,-0.04642902131510755,-0.8091666242446708,-0.7917878087345889
1863,2.4300961442183904,-0.8091666242446708,1.628444503713997
1864,-0.5417340544218071,2.2676749459057812,3.100783079000773
1865,-0.8247655019113497,-0.8091666242446708,-0.8507425021015
1866,-0.42043486264057456,-0.8091666242446708,-0.6713598463077305
1867,2.652477995817317,-0.8091666242446708,-0.8450361893911268
1868,-0.32946046880465013,0.9490285586984446,-0.5593314015612644
1869,2.7535606556350105,-0.8091666242446708,-0.6198675436822308
1870,2.773777187598549,-0.8091666242446708,-0.8160153627787492
1871,-0.40021833067703577,-0.8091666242446708,-0.6609535973668379
1872,1.1059133006066015,-0.8091666242446708,-0.7994225706157806
1873,2.288580420473619,-0.8091666242446708,-0.7810940236565952
1874,-0.754007640038964,0.5094797629626657,3.0736440333903645
1875,-0.8753068318201965,-0.3696178285088919,-0.6835108825936497
1877,-0.8348737678931191,1.3885773544342235,0.464355958085484
1878,2.0055489729840765,-0.8091666242446708,-0.6119369658275294
1879,1.5102439398773768,-0.3696178285088919,-0.7170201332519256
1880,-0.32946046880465013,-0.8091666242446708,-0.60374068049535
1881,-0.2081612770234176,-0.8091666242446708,-0.7393049365896522
1882,1.014938906770677,-0.8091666242446708,-0.8577193933444031
1883,-0.8146572359295803,0.9490285586984446,-0.6975023006994953
1884,0.18606109626558814,-0.3696178285088919,-0.4191048448564818
1885,1.9448993770934602,-0.8091666242446708,-0.43194837655112583
1886,-0.3496770007681889,-0.3696178285088919,-0.7981023130647987
1887,1.3080786202419894,-0.8091666242446708,-0.777140778127657
1888,-0.6933580441483478,-0.3696178285088919,-0.8379328424648914
1889,-0.966281225656121,1.3885773544342235,1.5090349611654053
1890,0.10519496841143312,1.3885773544342235,-0.578674604836712
1892,-0.09697035122395445,-0.8091666242446708,-0.7989295439932647
1893,0.17595283028381878,-0.3696178285088919,3.315836775467881
1894,-0.6832497781665784,-0.3696178285088919,-0.3120939809736678
1895,-0.9056316297655047,-0.3696178285088919,-0.778738033842129
1896,0.24671069215620442,3.146772537377339,0.3716820073004772
1898,-0.7034663101301172,0.5094797629626657,-0.7814432822105607
1899,-0.966281225656121,-0.8091666242446708,-0.8297455896815213
1900,-0.8449820338748885,-0.8091666242446708,-0.7964689271550889
1901,-0.9763894916378903,0.5094797629626657,-0.7336784113937627
1902,2.1672812286923864,-0.8091666242446708,-0.44138362649500223
1903,-0.9460646936925823,3.146772537377339,2.6027328539218373
1904,-0.966281225656121,2.2676749459057812,0.7052720999312635
1905,1.065480236679524,-0.8091666242446708,-0.5731609865009406
1906,-0.8854150978019659,-0.3696178285088919,-0.5945861922769675
1908,-0.9561729596743516,0.06993096722688691,-0.5004933786164755
1909,1.5810018017497625,-0.8091666242446708,-0.11666726035710413
1911,-0.6933580441483478,3.146772537377339,0.5374202454051641
1914,-0.8753068318201965,-0.3696178285088919,-0.4719076197717532
1915,-0.9460646936925823,0.5094797629626657,-0.7687743797928995
1917,0.7925570551717509,-0.8091666242446708,-0.863863031959634
1918,-0.18794474505987885,-0.8091666242446708,-0.8166453830582088
1919,1.3384034181872975,-0.8091666242446708,0.027555446483461553
1922,-0.38000179871349704,3.146772537377339,2.8142593400788534
1923,-0.9561729596743516,-0.8091666242446708,-0.8481381171947738
1926,0.1153032343932025,0.06993096722688691,-0.6070992832276656
1927,0.5802834695545939,-0.8091666242446708,-0.7378243512973025
1928,-0.19805301104164824,0.06993096722688691,1.796426577485433
1929,-0.8753068318201965,0.9490285586984446,0.2678378044877778
1930,-0.8753068318201965,3.146772537377339,-0.15673941043784986
1932,-0.40021833067703577,0.5094797629626657,0.7581968142554628
1933,-0.5316257884400377,0.5094797629626657,0.016087873057457666
1934,-0.5316257884400377,-0.8091666242446708,-0.8060983768983686
1935,-0.5013009904947295,-0.3696178285088919,1.1820581996879411
1936,-0.4507596605858827,-0.3696178285088919,-0.533482505005807
1937,-0.9157398957472741,0.06993096722688691,-0.11565486217804434
1938,-0.7742241720025028,-0.3696178285088919,-0.6667502355653054
1939,0.16584456430204939,-0.8091666242446708,-0.7039967032934933
1940,-0.6327084482577315,0.9490285586984446,0.3067838968169447
1941,-0.3395687347864195,-0.3696178285088919,0.7364629963951128
1942,0.2972520220650513,-0.3696178285088919,-0.42882085652585206
1946,-0.35978526674995825,-0.3696178285088919,-0.47078457286977765
1947,-0.966281225656121,2.2676749459057812,0.0443183516490081
1948,2.076306834856462,-0.8091666242446708,-0.8133214050963292
1949,-0.8449820338748885,-0.3696178285088919,1.006771052066859
1950,2.692911059744394,-0.8091666242446708,-0.3680626642466532
1951,1.0250471727524466,-0.3696178285088919,-0.726416242150961
1952,2.1369564307470785,-0.3696178285088919,-0.361614929821504
1953,-0.005995957388030038,-0.8091666242446708,-0.7450955530889136
1955,0.00411230859373934,-0.3696178285088919,-0.8295009581512653
1956,-0.43054312862234395,1.3885773544342235,2.1324283606483445
1957,1.2171042264060647,-0.3696178285088919,2.2863046040290143
1958,-0.9763894916378903,1.3885773544342235,3.5555154581267656
1959,0.529742139645747,0.5094797629626657,-0.14715888700062135
1960,0.6813661293722877,-0.3696178285088919,-0.32956970478276054
1961,-0.32946046880465013,-0.3696178285088919,-0.24474579162557086
1962,-0.9157398957472741,0.5094797629626657,-0.5246336180221444
1963,1.1766711624789872,-0.3696178285088919,-0.6155010590452602
1964,-0.6023836503124234,-0.3696178285088919,-0.67313624757359
1965,-0.9157398957472741,0.06993096722688691,-0.20309896720237686
1966,1.5001356738956075,-0.8091666242446708,-0.635858165924569
1967,-0.8045489699478109,-0.3696178285088919,-0.33635992335026826
1968,2.723235857689702,-0.8091666242446708,-0.7760643993945304
1970,-0.41032659665880516,2.2676749459057812,1.297520518406802
1971,-0.42043486264057456,0.06993096722688691,3.195344079774555
1972,0.13551976635674126,-0.3696178285088919,-0.557331444712371
1974,0.7420157252629039,-0.3696178285088919,-0.4915579297067223
1975,0.5701752035728246,-0.8091666242446708,-0.4605552113430701
1976,-0.32946046880465013,-0.8091666242446708,-0.5376171542233349
1978,-0.6933580441483478,-0.8091666242446708,-0.7961768747435832
1979,-0.8146572359295803,-0.3696178285088919,0.2849168488616554
1980,-0.8247655019113497,-0.3696178285088919,-0.62634388117861
1981,0.9441810448982916,-0.8091666242446708,-0.8165686063933284
1982,0.5802834695545939,-0.3696178285088919,0.21882870007247743
1983,-0.7034663101301172,-0.8091666242446708,-0.5130305563639989
1984,-0.2081612770234176,-0.8091666242446708,0.19699401875042188
1985,-0.05653728729687693,1.8281261501700024,0.9583091695669311
1986,-0.5316257884400377,0.9490285586984446,1.673981345824463
1987,-0.3092439368411114,-0.8091666242446708,-0.688350823330716
1989,1.1564546305154484,0.06993096722688691,-0.49629098528287663
1990,-0.06664555327864631,0.06993096722688691,2.2352646815563886
1991,-0.40021833067703577,-0.3696178285088919,0.9147737897301604
1992,2.4098796122548514,-0.8091666242446708,-0.4694183998623476
1993,0.15573629832028002,-0.3696178285088919,-0.6063044189324336
1994,-0.8045489699478109,-0.8091666242446708,-0.6561776371838386
1995,1.0755885026612935,-0.3696178285088919,1.6887555848271285
1996,-0.6226001822759621,-0.8091666242446708,-0.8389610476043677
1998,-0.8955233637837353,0.06993096722688691,-0.5050615901768573
1999,-0.754007640038964,-0.8091666242446708,-0.8140462671382881
2000,2.713127591707933,-0.8091666242446708,-0.7240158423048484
2001,-0.7438993740571946,1.3885773544342235,-0.6260841954003382
2002,-0.9056316297655047,-0.8091666242446708,-0.6275595117058824
2003,0.044545372520816855,-0.8091666242446708,-0.7232525919304496
2004,-0.5619505863853459,0.5094797629626657,0.06418167919339993
2005,-0.8146572359295803,-0.3696178285088919,-0.45067887193233197
2006,-0.5720588523671152,-0.8091666242446708,-0.8112138103741231
2007,-0.8348737678931191,1.8281261501700024,0.24621538806274454
2008,-0.5316257884400377,-0.8091666242446708,-0.5949986786725993
2009,2.0661985688746927,-0.8091666242446708,-0.21988069017794323
2010,-0.38000179871349704,-0.8091666242446708,1.3597924153239849
2012,-0.966281225656121,0.06993096722688691,-0.1124061554562439
2013,-0.43054312862234395,-0.3696178285088919,0.6773208776404055
2014,-0.7843324379842722,2.70722374164156,1.9330756426917515
2015,0.8532066510623671,0.06993096722688691,-0.4895451767470154
2016,-0.7641159060207334,-0.3696178285088919,-0.5257897842697546
2017,0.1153032343932025,0.06993096722688691,0.5623327677340414
2018,2.652477995817317,-0.8091666242446708,-0.5290505343899679
2020,-0.2890274048775726,-0.8091666242446708,0.3728125813264604
2021,0.00411230859373934,0.06993096722688691,-0.5039566083725007
2022,-0.9864977576196597,0.06993096722688691,0.15105372279313373
2024,-0.3092439368411114,-0.3696178285088919,-0.7630326895996894
2025,-0.6933580441483478,0.06993096722688691,0.9218395010363561
2026,-0.5518423204035765,0.06993096722688691,-0.44368542101661157
2027,-0.8955233637837353,1.3885773544342235,1.9576500466101945
2028,0.3174685540285901,-0.8091666242446708,-0.5741997296140279
2029,-0.23848607496872573,-0.3696178285088919,-0.189449280526489
2030,-0.7337911080754252,2.70722374164156,1.4474058806384946
2031,-0.47097619254942147,0.06993096722688691,0.41296828248369377
2032,-0.40021833067703577,-0.8091666242446708,-0.8088390027496374
2033,2.7030193257261637,-0.8091666242446708,-0.7709956340876246
2034,-0.8550902998566579,-0.3696178285088919,0.7840201185892934
2035,-0.9864977576196597,-0.8091666242446708,-0.7065973246382156
2036,-0.8753068318201965,-0.8091666242446708,-0.7957071822054915
2037,-0.7034663101301172,0.5094797629626657,0.20619743327485562
2038,1.5708935357679932,-0.8091666242446708,-0.6391226796067863
2039,1.014938906770677,-0.8091666242446708,-0.6593744067499847
2041,1.8741415152210745,-0.8091666242446708,-0.4927404408883601
2042,-0.9763894916378903,0.5094797629626657,0.5620309300613257
2044,1.4799191419320687,0.06993096722688691,-0.07564443451416335
2045,0.4994173417004389,0.06993096722688691,-0.09144687865630464
2046,-0.673141512184809,0.5094797629626657,-0.11079685634335928
2047,-0.3496770007681889,-0.3696178285088919,0.9055222016120761
2048,1.2474290243513728,-0.8091666242446708,-0.6846339294956252
2049,1.6012183337133012,-0.8091666242446708,-0.5925561269320425
2050,-0.6226001822759621,-0.8091666242446708,-0.8107734736196623
2051,-0.9460646936925823,1.3885773544342235,-0.4526795814936262
2052,-0.8955233637837353,1.8281261501700024,3.0544611578562857
2053,-0.32946046880465013,0.06993096722688691,1.4665609058137454
2054,-0.41032659665880516,-0.8091666242446708,0.3127310774955701
2055,-0.2789191388958033,-0.8091666242446708,-0.4051548259326795
2056,2.0560903028929234,-0.8091666242446708,-0.7743670329307537
2058,0.9340727789165222,-0.8091666242446708,-0.7303499171574787
2059,0.14562803233851063,-0.3696178285088919,0.9985694977478736
2060,-0.5215175224582683,0.06993096722688691,0.5972766882282192
2061,-0.32946046880465013,0.9490285586984446,0.8721755368323706
2062,1.7932753873669194,-0.8091666242446708,-0.7921664230721853
2064,-0.42043486264057456,0.06993096722688691,0.5301814102467869
2065,-0.6023836503124234,0.06993096722688691,0.12647013578340074
2066,0.8430983850805978,-0.3696178285088919,-0.3533764925948804
2067,-0.673141512184809,2.2676749459057812,2.851379352123709
2068,0.9947223748071384,-0.8091666242446708,-0.8092567581320745
2069,-0.4911927245129602,-0.8091666242446708,-0.78677323872054
2070,0.4994173417004389,0.5094797629626657,-0.14120267377318674
2072,-0.8247655019113497,0.06993096722688691,-0.10122762359214271
2073,-0.8348737678931191,-0.3696178285088919,-0.703398296934867
2074,0.6813661293722877,-0.8091666242446708,-0.6847227495589182
2075,1.429377812023222,-0.3696178285088919,0.35313969001946793
2076,-0.8449820338748885,0.5094797629626657,-0.19176763472091582
2077,0.15573629832028002,0.06993096722688691,3.043129072662424
2078,-0.8348737678931191,-0.3696178285088919,-0.23526312080044476
2080,-0.9864977576196597,3.146772537377339,0.1835528334095523
2081,-0.12729514916926257,0.5094797629626657,-0.6708005809939452
2082,1.378836482114375,-0.8091666242446708,2.8581394621951848
2083,-0.6933580441483478,0.06993096722688691,-0.7671838984900348
2084,-0.38000179871349704,-0.8091666242446708,-0.6658868744416018
2085,0.9947223748071384,0.5094797629626657,-0.22084867832535637
2086,-0.8348737678931191,0.5094797629626657,-0.09021769930581801
2087,0.2568189581379738,-0.3696178285088919,-0.5578109225116729
2088,-0.8550902998566579,1.8281261501700024,3.7324103994359312
2089,1.0856967686430627,-0.8091666242446708,-0.3478922300427398
2090,-0.7337911080754252,0.06993096722688691,-0.8323529854378506
2091,0.37811814991920634,-0.8091666242446708,-0.8551119975880738
2092,-0.5619505863853459,-0.8091666242446708,-0.7210260686489189
2093,-0.8449820338748885,0.06993096722688691,1.403358656369188
2094,-0.9864977576196597,1.3885773544342235,0.8899591200133855
2095,-0.04642902131510755,-0.3696178285088919,0.22134652305311286
2098,2.045982036911154,-0.8091666242446708,-0.6866210902337054
2099,-0.5316257884400377,-0.8091666242446708,-0.7534506607376594
2100,1.9347911111116907,-0.8091666242446708,-0.8006509972538665
2104,-0.9561729596743516,1.3885773544342235,1.2997470416883325
2105,2.7030193257261637,-0.8091666242446708,-0.6905050862217709
2106,1.035155438734216,-0.3696178285088919,-0.5240999449299858
2107,-0.9561729596743516,-0.3696178285088919,-0.7650123232137617
2108,0.9340727789165222,-0.8091666242446708,-0.8088766383696767
2110,1.490027407913838,0.5094797629626657,-0.3808106014663971
2113,-0.8045489699478109,2.2676749459057812,0.690851635756969
2114,-0.5013009904947295,-0.3696178285088919,0.004663956950699747
2115,2.1672812286923864,-0.8091666242446708,-0.7673156231601727
2116,-0.2587026069322645,2.70722374164156,2.650729560158078
2117,0.13551976635674126,-0.8091666242446708,-0.18524387634328704
2118,1.0048306407889078,0.06993096722688691,-0.6592073045970098
2119,2.4098796122548514,-0.8091666242446708,-0.7687630891068877
2120,-0.6832497781665784,1.8281261501700024,0.010199403946093925
2121,1.4799191419320687,0.5094797629626657,0.08094157350934353
2122,-0.5619505863853459,-0.8091666242446708,-0.7666886137303163
2123,-0.8955233637837353,2.2676749459057812,0.2134897110136888
2124,0.36800988393743694,0.06993096722688691,0.17701025722190383
2126,-0.6226001822759621,-0.8091666242446708,-0.7617116793363067
2127,-0.5215175224582683,-0.8091666242446708,-0.5973358506770456
2128,2.1672812286923864,-0.8091666242446708,-0.7793108479791288
2129,-0.42043486264057456,0.9490285586984446,0.24217256975811263
2130,0.9947223748071384,-0.8091666242446708,-0.7796864514671217
2131,-0.13740341515103197,-0.8091666242446708,-0.03424525247082861
2132,-0.38000179871349704,-0.3696178285088919,-0.7121365351956137
2133,-0.9763894916378903,0.5094797629626657,1.4368633907530595
2134,-0.9056316297655047,-0.3696178285088919,-0.4776455464029595
2135,-0.9460646936925823,0.5094797629626657,0.7211829346591183
2136,0.8633149170441365,-0.8091666242446708,-0.8539678747388761
2137,-0.966281225656121,1.3885773544342235,0.1747491091699369
2138,-0.9561729596743516,0.5094797629626657,-0.7704122819770141
2140,2.015657238965846,2.2676749459057812,-0.6920293288333664
2141,0.6409330654452102,0.06993096722688691,-0.5793031196913698
2142,-0.14751168113280133,-0.3696178285088919,-0.4689035445802088
2143,-0.9157398957472741,-0.3696178285088919,-0.27830547401469946
2144,-0.6023836503124234,1.3885773544342235,0.8827293174038178
2145,-0.5417340544218071,0.9490285586984446,2.302843200899127
2146,-0.4507596605858827,1.8281261501700024,1.6307229641511825
2147,-0.6933580441483478,-0.8091666242446708,1.8061666759516286
2149,-0.5316257884400377,-0.8091666242446708,0.4678952117939885
2150,2.015657238965846,-0.8091666242446708,-0.8107734736196623
2152,-0.9258481617290435,1.3885773544342235,-0.522090202819882
2153,1.6315431316586093,-0.8091666242446708,-0.5790163362666697
2154,2.2986886864553884,-0.8091666242446708,-0.7861146153698505
2155,-0.8146572359295803,0.5094797629626657,0.8038586066244593
2156,-0.005995957388030038,-0.3696178285088919,-0.6495274231228774
2157,-0.6327084482577315,-0.8091666242446708,0.021468261298289572
2159,-0.40021833067703577,0.06993096722688691,3.7473442134675627
2161,-0.8247655019113497,-0.3696178285088919,0.67250050742576
2162,-0.7135745761118866,-0.3696178285088919,2.25037989927661
2163,0.2972520220650513,-0.8091666242446708,-0.2868894062332848
2165,-0.673141512184809,-0.3696178285088919,0.19574903243951863
2166,1.227212492387834,-0.8091666242446708,-0.38924022764282085
2167,-0.8955233637837353,0.06993096722688691,2.005639225722427
2168,1.0553719706977547,0.06993096722688691,-0.48985454154373925
2169,-0.6832497781665784,1.8281261501700024,1.8021231049345958
2170,1.2171042264060647,-0.8091666242446708,2.198149185785938
2171,-0.43054312862234395,0.06993096722688691,0.2929964637717128
2172,-0.10707861720572383,-0.3696178285088919,-0.759826134772333
2173,-0.7641159060207334,0.5094797629626657,1.0772377288914199
2174,0.2871437560832819,-0.3696178285088919,0.025026332816814167
2175,-0.8854150978019659,-0.8091666242446708,-0.4491011867402806
2176,1.146346364533679,-0.8091666242446708,-0.7218103949705398
2177,-0.09697035122395445,-0.3696178285088919,-0.6217914765786448
2178,2.6120449318902392,-0.8091666242446708,-0.8052071654158357
2179,1.065480236679524,-0.3696178285088919,1.8381810397819403
2181,0.15573629832028002,0.06993096722688691,-0.4551274022209885
2182,-0.38000179871349704,-0.3696178285088919,-0.6273931622653083
2183,-0.2890274048775726,1.3885773544342235,-0.028923575797258207
2184,-0.7843324379842722,1.3885773544342235,0.603973570458029
2185,-0.8449820338748885,0.9490285586984446,0.1977023211195633
2186,1.196887694442526,-0.3696178285088919,-0.6684333004934672
2187,0.00411230859373934,-0.8091666242446708,-0.5287953648861007
2188,-0.6327084482577315,0.5094797629626657,1.040640851965112
2189,-0.9460646936925823,0.9490285586984446,-0.2531912247624111
2190,-0.7641159060207334,0.06993096722688691,-0.5519992300651894
2191,0.044545372520816855,-0.3696178285088919,-0.2623208734715676
2192,0.3983346818827451,-0.8091666242446708,-0.4210009273940664
2193,0.7925570551717509,-0.8091666242446708,-0.8195342932524327
2194,-0.8955233637837353,1.3885773544342235,0.46155586795455295
2195,1.7932753873669194,-0.8091666242446708,-0.7564810808632315
2196,-0.592275384330654,0.5094797629626657,0.5931066615278541
2197,-0.673141512184809,0.06993096722688691,0.21621603532934267
2198,0.1153032343932025,1.8281261501700024,0.2911929648594249
2199,1.2878620882784504,-0.8091666242446708,-0.7880716676118991
2200,-0.8753068318201965,0.06993096722688691,-0.7747027426615051
2201,0.6510413314269795,0.5094797629626657,-0.6741509038898521
2202,2.1369564307470785,-0.8091666242446708,-0.6120491199752469
2203,-0.2890274048775726,-0.3696178285088919,-0.8343627275479544
2204,-0.7337911080754252,0.06993096722688691,-0.2011486893719354
2205,1.5708935357679932,-0.8091666242446708,-0.8161034301296415
2206,1.3586199501508363,-0.8091666242446708,-0.8596282719928012
2207,-0.6023836503124234,1.8281261501700024,1.9834552858464063
2208,-0.6124919162941928,-0.8091666242446708,-0.4872275752649895
2209,-0.4608679265676521,-0.3696178285088919,-0.49407198912535394
2210,-0.026212489351568793,-0.3696178285088919,2.8660911159971083
2211,-0.17783647907810948,-0.8091666242446708,-0.43873407884422877
2213,-0.7438993740571946,0.06993096722688691,-0.30851859706992524
2214,-0.7135745761118866,-0.8091666242446708,2.4690405935682938
2215,-0.24859434095049512,-0.8091666242446708,-0.6985666360342093
2216,1.1362380985519098,-0.8091666242446708,-0.5627667809584604
2217,-0.8348737678931191,-0.3696178285088919,0.5074457321809881
2218,-0.18794474505987885,-0.8091666242446708,-0.12231260336301342
2219,1.3384034181872975,-0.8091666242446708,-0.8037175475746764
2220,-0.8348737678931191,0.5094797629626657,2.518453904542818
2221,1.8842497812028438,-0.8091666242446708,2.350437958713347
2222,1.1362380985519098,-0.8091666242446708,-0.19304799851465593
2223,2.7333441236714715,-0.8091666242446708,-0.8190909456483687
2224,0.0647619044843556,-0.3696178285088919,2.5084330443511287
2227,-0.7843324379842722,1.3885773544342235,-0.5556860154042486
2228,0.7824487891899815,-0.3696178285088919,0.557983595482289
2230,0.6510413314269795,-0.8091666242446708,-0.5573201540263591
2231,2.1874977606559254,-0.8091666242446708,-0.6743880082961003
2232,-0.06664555327864631,0.5094797629626657,0.32542481942245727
2233,-0.6327084482577315,0.9490285586984446,0.11780942689993516
2234,-0.32946046880465013,-0.8091666242446708,-0.7728262306463408
2235,-0.7438993740571946,0.5094797629626657,-0.4311813626147229
2236,0.15573629832028002,0.06993096722688691,2.5904433185541733
2237,-0.8449820338748885,-0.8091666242446708,-0.6474273555246792
2238,1.702300993530995,-0.8091666242446708,-0.7959646098465611
2241,2.632261463853778,-0.8091666242446708,-0.8422669604686283
2242,-0.592275384330654,-0.3696178285088919,-0.7679862899092746
2244,2.662586261799086,-0.8091666242446708,-0.8523864259848208
2245,0.5802834695545939,0.06993096722688691,-0.7982340377349366
2246,-0.8247655019113497,0.06993096722688691,0.07104340543898259
2247,-0.8348737678931191,-0.8091666242446708,-0.8247927420843371
2248,-0.7337911080754252,-0.3696178285088919,-0.5374470412207568
2251,-0.7641159060207334,-0.8091666242446708,-0.5202392830263446
2252,-0.8449820338748885,1.8281261501700024,0.6312014361317299
2253,-0.8045489699478109,-0.3696178285088919,-0.5478066219928008
2254,-0.6327084482577315,2.2676749459057812,3.3808372548379206
2256,1.4495943439867607,-0.8091666242446708,-0.832263412662157
2257,-0.9056316297655047,-0.3696178285088919,-0.6904283095568905
2259,-0.9763894916378903,-0.3696178285088919,-0.10770697193812499
2260,0.4994173417004389,-0.8091666242446708,-0.5306839202996776
2261,-0.8753068318201965,1.3885773544342235,-0.026006062531804135
2262,2.652477995817317,-0.8091666242446708,-0.7606917540332391
2263,-0.592275384330654,-0.3696178285088919,-0.7054389002534031
2264,-0.5417340544218071,-0.8091666242446708,-0.5526495735794702
2266,-0.8854150978019659,-0.8091666242446708,-0.5791518244988115
2267,0.4994173417004389,0.06993096722688691,-0.6894806446442985
2268,-0.03632075533333817,-0.8091666242446708,-0.8302130240824107
2270,-0.9258481617290435,-0.8091666242446708,-0.8288890029694248
2271,1.4495943439867607,-0.3696178285088919,0.7576157202820548
2273,1.3384034181872975,-0.8091666242446708,-0.8064837656475721
2274,-0.42043486264057456,0.9490285586984446,-0.5441130622421345
2275,-0.8550902998566579,2.2676749459057812,0.34830200741960404
2276,-0.6933580441483478,1.3885773544342235,-0.2453043042269555
2277,1.62143486567684,-0.8091666242446708,-0.6807122978875202
2279,1.78316712138515,-0.8091666242446708,-0.7011732790781379
2280,1.065480236679524,-0.8091666242446708,-0.05569755589328388
2281,-0.6630332462030396,-0.3696178285088919,-0.7820680335032147
2282,-0.8045489699478109,0.5094797629626657,1.026916646761546
2283,-0.39011006469526643,-0.3696178285088919,0.6334671004581016
2284,0.5196338736639776,0.06993096722688691,0.9529024363920714
2285,0.00411230859373934,-0.3696178285088919,-0.8166536628946174
2286,-0.7135745761118866,-0.3696178285088919,-0.6181536175456368
2290,-0.8348737678931191,0.06993096722688691,0.09970067196177977
2291,1.5708935357679932,0.06993096722688691,-0.4067317584123302
2292,-0.9157398957472741,0.06993096722688691,-0.016617480756776777
2293,1.5810018017497625,-0.8091666242446708,-0.8592255708583796
2294,2.632261463853778,-0.3696178285088919,-0.8400464588863039
2295,-0.8045489699478109,0.06993096722688691,-0.22410942844556955
2296,-0.8753068318201965,2.2676749459057812,-0.27123449372169794
2298,-0.8753068318201965,-0.8091666242446708,-0.8520687813516883
2299,-0.6428167142395009,-0.3696178285088919,-0.7421690072746503
2301,-0.7135745761118866,0.06993096722688691,1.4807118989485581
2302,2.1672812286923864,-0.8091666242446708,0.1826262444441823
2303,-0.8146572359295803,0.9490285586984446,0.25385692435554325
2304,1.2069959604242955,0.06993096722688691,-0.6650634070751397
2305,0.24671069215620442,-0.8091666242446708,0.31052713558606293
2306,-0.9864977576196597,0.9490285586984446,0.20460619925958992
2307,1.1362380985519098,-0.8091666242446708,-0.7382646880517634
2308,-0.35978526674995825,-0.8091666242446708,-0.595315570593331
2309,-0.17783647907810948,-0.8091666242446708,-0.409770458374311
2310,-0.3496770007681889,0.5094797629626657,0.12499481947785643
2312,-0.9561729596743516,2.2676749459057812,1.7591989275672653
2313,1.8741415152210745,-0.8091666242446708,-0.8162532198973982
2314,-0.9056316297655047,0.9490285586984446,-0.527338866390576
2315,-0.7337911080754252,2.2676749459057812,2.013106132738243
2316,0.8127735871352896,2.2676749459057812,0.8088746820633098
2317,-0.4810844585311908,-0.8091666242446708,-0.19870839576858101
2319,1.490027407913838,-0.8091666242446708,0.8729237329587534
2322,-0.24859434095049512,-0.8091666242446708,-0.5989037506078869
2323,-0.673141512184809,0.06993096722688691,-0.18117847666663156
2324,-0.5417340544218071,-0.8091666242446708,-0.5238681095105431
2325,-0.35978526674995825,2.2676749459057812,2.3029004070415864
2326,-0.7034663101301172,1.8281261501700024,1.8182040526650287
2327,-0.8753068318201965,0.9490285586984446,1.5163272389042384
2328,-0.42043486264057456,-0.8091666242446708,-0.5287637509652676
2329,-0.05653728729687693,-0.3696178285088919,0.03194225435525337
2330,-0.9763894916378903,2.70722374164156,1.7133090633408297
2331,-0.12729514916926257,0.5094797629626657,3.638584798677719
2332,1.833708451293997,-0.8091666242446708,-0.6524893464199778
2333,1.8134919193304582,-0.8091666242446708,-0.2214636443568001
2335,-0.8045489699478109,-0.8091666242446708,-0.6811338168319615
2336,-0.6832497781665784,-0.8091666242446708,-0.8436858233441135
2337,-0.2587026069322645,-0.3696178285088919,-0.3183068691297711
2338,-0.5013009904947295,0.5094797629626657,1.75814287206896
2340,-0.11718688318749321,-0.3696178285088919,-0.358378266498116
2342,-0.673141512184809,2.2676749459057812,3.4776451021280543
2343,2.692911059744394,-0.8091666242446708,-0.5143523193397824
2344,-0.4911927245129602,-0.3696178285088919,-0.3890798999014531
2345,-0.9157398957472741,0.06993096722688691,-0.3719489183719211
2346,-0.4810844585311908,-0.8091666242446708,-0.7242115475290534
2348,0.5903917355363633,-0.3696178285088919,-0.637008310472973
2349,-0.43054312862234395,-0.3696178285088919,-0.11737481001384473
2350,-0.7641159060207334,0.5094797629626657,0.21446296814790758
2351,-0.9157398957472741,0.5094797629626657,-0.09469633809050604
2352,-0.7742241720025028,-0.3696178285088919,-0.766784960917617
2353,-0.9864977576196597,1.8281261501700024,0.3594587106240823
2354,-0.8449820338748885,1.3885773544342235,0.5869058167701633
2355,2.0055489729840765,-0.3696178285088919,-0.5339070347998514
2356,-0.13740341515103197,0.06993096722688691,-0.28079318849930357
2357,-0.5215175224582683,0.06993096722688691,0.6645435846370311
2358,0.09508670242966374,-0.3696178285088919,-0.3494631408231841
2359,0.9441810448982916,-0.8091666242446708,-0.7768524892781553
2360,2.652477995817317,-0.8091666242446708,-0.8521199657949419
2361,-0.11718688318749321,0.9490285586984446,3.1924423734695173
2362,-0.4608679265676521,2.2676749459057812,2.6774711736208694
2363,-0.592275384330654,-0.8091666242446708,-0.752607622848777
2364,-0.42043486264057456,-0.3696178285088919,-0.45314475775731317
2365,-0.6832497781665784,-0.3696178285088919,0.8931393299067144
2366,-0.9763894916378903,2.2676749459057812,1.7588993480317514
2367,-0.8449820338748885,2.70722374164156,0.9026197425946381
2368,1.378836482114375,-0.3696178285088919,-0.6626487056934122
2369,0.10519496841143312,-0.8091666242446708,-0.5195196899711914
2370,0.8532066510623671,0.06993096722688691,-0.7693630008903156
2371,-0.12729514916926257,-0.8091666242446708,-0.8554379220576149
2372,-0.43054312862234395,-0.8091666242446708,-0.3766691778372621
2373,-0.4507596605858827,-0.8091666242446708,-0.8005012074861096
2374,1.5607852697862237,-0.8091666242446708,-0.7112490872750847
2375,-0.6933580441483478,0.06993096722688691,-0.4959138763700819
2376,1.9853324410205377,-0.8091666242446708,-0.7797466684591848
2378,1.3586199501508363,-0.3696178285088919,-0.43908107926099194
2379,-0.40021833067703577,0.9490285586984446,-0.1674038397322129
2380,2.288580420473619,-0.8091666242446708,-0.6974036953749921
2381,1.6315431316586093,-0.8091666242446708,-0.7381517811916453
2382,0.13551976635674126,-0.8091666242446708,-0.7943967099157198
2383,0.3983346818827451,-0.3696178285088919,0.28693411809576697
2384,-0.9460646936925823,0.06993096722688691,-0.3812366366852431
2385,1.277753822296681,-0.8091666242446708,-0.8287121155552396
2386,-0.4608679265676521,-0.8091666242446708,-0.17074437736690956
2387,0.9441810448982916,-0.3696178285088919,-0.6148236178845511
2388,-0.8449820338748885,1.8281261501700024,0.4877193982935398
2389,-0.9763894916378903,0.06993096722688691,-0.4742425336389973
2390,-0.09697035122395445,0.06993096722688691,-0.1223118506506126
2391,0.9340727789165222,0.9490285586984446,-0.5170470297346031
2392,-0.9460646936925823,2.2676749459057812,1.2711447231707926
2393,-0.42043486264057456,0.5094797629626657,-0.52129533852465
2394,0.7824487891899815,-0.8091666242446708,-0.7247060795763709
2396,0.8835314490076752,-0.8091666242446708,-0.8453688882722751
2398,-0.5215175224582683,0.06993096722688691,-0.1909547053280648
2399,-0.6327084482577315,-0.8091666242446708,-0.8138746487109084
2400,-0.7337911080754252,-0.8091666242446708,-0.7523426680836997
2401,-0.7641159060207334,2.2676749459057812,2.0004485210065943
2402,-0.8449820338748885,-0.3696178285088919,-0.28267045322686857
2403,-0.6327084482577315,-0.3696178285088919,-0.8386501773828422
2404,-0.8247655019113497,-0.3696178285088919,-0.46786329604231985
2405,0.9138562469529834,-0.8091666242446708,-0.7191683744437743
2406,-0.9157398957472741,2.70722374164156,0.44638645494147416
2407,-0.2688108729140339,-0.3696178285088919,0.2568775592199052
2408,-0.42043486264057456,-0.8091666242446708,-0.5892697845902025
2409,-0.2789191388958033,-0.3696178285088919,1.004300649967473
2411,-0.04642902131510755,-0.3696178285088919,-0.7631975336154619
2412,1.5810018017497625,-0.8091666242446708,-0.8502253886821587
2413,-0.8854150978019659,1.3885773544342235,0.8917302522924393
2416,-0.026212489351568793,3.5863213331131174,-0.35192300494895895
2417,-0.9157398957472741,0.06993096722688691,0.0867773527526522
2418,0.3073602880468207,1.3885773544342235,2.4782214267207046
2419,-0.8449820338748885,3.5863213331131174,2.385266714210204
2420,-0.7742241720025028,0.5094797629626657,0.4819167383958658
2421,0.4893090757186695,0.5094797629626657,1.2558398219255722
2422,-0.2081612770234176,-0.8091666242446708,-0.8075255196102624
2423,-0.2890274048775726,-0.3696178285088919,0.33583709006255635
2424,2.0560903028929234,-0.8091666242446708,-0.5148588947855127
2425,-0.06664555327864631,-0.3696178285088919,-0.3520103195874503
2428,1.5102439398773768,-0.8091666242446708,-0.7699124809428909
2429,1.429377812023222,0.06993096722688691,1.7387492370626594
2430,-0.4507596605858827,-0.8091666242446708,-0.725060607117142
2431,-0.5417340544218071,-0.8091666242446708,-0.7970605591021083
2432,-0.4507596605858827,0.9490285586984446,-0.321675257123297
2433,1.702300993530995,-0.8091666242446708,-0.5019686949220198
2434,-0.673141512184809,0.06993096722688691,0.09907516795672493
2435,-0.3193522028228808,-0.8091666242446708,-0.7288595466039185
2436,0.00411230859373934,-0.3696178285088919,-0.8386720060424652
2438,0.044545372520816855,-0.3696178285088919,-0.2523203365146995
2440,-0.4608679265676521,-0.3696178285088919,2.5012935672296552
2441,0.45898427777336137,-0.8091666242446708,-0.7181062972462626
2442,-0.3193522028228808,0.9490285586984446,1.308838302065049
2443,0.6712578633905183,0.06993096722688691,1.4463091786705466
2444,-0.6428167142395009,-0.3696178285088919,-0.11346070552974777
2446,2.76366892161678,-0.3696178285088919,0.9723419868548203
2447,-0.32946046880465013,1.8281261501700024,0.06226452070859332
2448,-0.8955233637837353,2.70722374164156,0.41443832980243245
2449,1.196887694442526,-0.3696178285088919,3.817974228883095
2450,0.2972520220650513,0.06993096722688691,0.5360646103713452
2451,-0.4507596605858827,-0.8091666242446708,-0.4433211082146302
2452,-0.09697035122395445,0.9490285586984446,-0.7049782402641207
2453,-0.17783647907810948,0.06993096722688691,1.1453514267511182
2455,-0.5518423204035765,-0.3696178285088919,2.618695625805346
2457,-0.03632075533333817,-0.3696178285088919,0.5839913143543127
2458,-0.7742241720025028,0.5094797629626657,0.6969757038497795
2459,-0.9864977576196597,-0.3696178285088919,-0.17051781093427237
2461,-0.7034663101301172,-0.3696178285088919,0.35972517081396116
2462,0.8026653211535202,-0.3696178285088919,-0.7904238938643613
2463,-0.43054312862234395,0.06993096722688691,1.473645434929961
2464,1.2676455563149116,-0.8091666242446708,0.857402803254507
2465,-0.3193522028228808,1.3885773544342235,0.957421721646402
2466,0.3073602880468207,0.5094797629626657,0.8090658710131103
2467,2.692911059744394,-0.3696178285088919,3.065030745388149
2468,-0.09697035122395445,-0.3696178285088919,0.3384286788584691
2469,1.065480236679524,-0.8091666242446708,0.33377917435880206
2471,-0.8854150978019659,-0.8091666242446708,-0.3596232528090192
2472,2.773777187598549,-0.8091666242446708,-0.8361775171462541
2473,-0.8753068318201965,0.06993096722688691,-0.004537199436531716
2474,0.22649416019266566,-0.8091666242446708,-0.6367079782250586
2477,-0.7034663101301172,-0.3696178285088919,-0.11169484223749913
2478,0.7420157252629039,0.06993096722688691,-0.5744526409806926
2479,-0.7843324379842722,-0.8091666242446708,-0.8352629715792966
2480,-0.3496770007681889,0.06993096722688691,-0.6320825605222169
2481,1.6012183337133012,-0.8091666242446708,-0.8476157347886271
2482,-0.8753068318201965,0.5094797629626657,-0.1309815920828877
2483,0.6409330654452102,-0.8091666242446708,-0.7502696981319297
2484,0.6409330654452102,-0.8091666242446708,-0.8552399586962077
2486,0.13551976635674126,-0.8091666242446708,-0.1800426336538426
2488,-0.32946046880465013,-0.8091666242446708,-0.21565496275991985
2489,-0.966281225656121,2.70722374164156,0.8225281323012018
2490,-0.3092439368411114,-0.8091666242446708,-0.6481845841998718
2491,-0.9561729596743516,3.146772537377339,-0.15037071081478334
2492,-0.06664555327864631,0.5094797629626657,0.09422393653364695
2493,-0.9056316297655047,3.146772537377339,-0.2585821509768541
2494,1.5607852697862237,0.06993096722688691,-0.7042541309345627
2495,-0.8247655019113497,-0.8091666242446708,1.6541910313829475
2496,-0.5013009904947295,-0.3696178285088919,0.14694391308483176
2498,1.2171042264060647,-0.8091666242446708,-0.7570320663406083
2499,1.651759663622148,-0.8091666242446708,-0.7822682550018243
2500,-0.673141512184809,0.06993096722688691,-0.7202492694513057
2501,-0.2587026069322645,-0.8091666242446708,-0.861935335501216
2502,-0.8550902998566579,-0.3696178285088919,-0.6345236068379722
2505,1.8539249832575357,-0.8091666242446708,-0.8143247707265795
2507,0.9947223748071384,-0.3696178285088919,-0.6395426931264259
2508,-0.592275384330654,0.5094797629626657,-0.38988379674549456
2509,-0.9460646936925823,-0.8091666242446708,-0.7570283027786043
2510,-0.9561729596743516,1.3885773544342235,0.3043473667755943
2511,-0.3092439368411114,-0.3696178285088919,-0.2686624754482056
2513,-0.47097619254942147,0.06993096722688691,0.333602286944617
2514,-0.5720588523671152,0.06993096722688691,0.9603610635714791
2515,-0.6327084482577315,-0.3696178285088919,-0.815203186098299
2516,-0.9460646936925823,1.8281261501700024,-0.2723567879112727
2517,-0.6933580441483478,0.9490285586984446,-0.17495354511211553
2518,2.0864151008382312,-0.8091666242446708,-0.8506085192941597
2520,-0.9460646936925823,-0.8091666242446708,-0.8124271827641933
2522,-0.9561729596743516,-0.8091666242446708,-0.8185301749097816
2523,-0.5013009904947295,0.06993096722688691,-0.19038264390346596
2524,-0.11718688318749321,0.06993096722688691,-0.6232434587997645
2525,-0.8348737678931191,-0.8091666242446708,-0.7341225117102277
2527,0.8127735871352896,-0.8091666242446708,-0.8197661286718754
2528,-0.8955233637837353,0.06993096722688691,-0.4800278811514531
2529,0.27703549010151257,-0.3696178285088919,-0.09292896937345593
2530,-0.6327084482577315,1.8281261501700024,-0.38237925410963913
2531,1.62143486567684,2.2676749459057812,-0.3326407713779752
2532,-0.2688108729140339,1.8281261501700024,0.4957967550663946
2533,0.7217991932993653,-0.8091666242446708,-0.863004187110335
2534,-0.8550902998566579,-0.3696178285088919,-0.09207087723655774
2535,-0.6226001822759621,-0.8091666242446708,-0.5567360492033477
2536,-0.9763894916378903,1.8281261501700024,0.15076392851883036
2537,1.4495943439867607,0.5094797629626657,-0.7973894944212525
2538,1.702300993530995,-0.8091666242446708,-0.7653209352980846
2539,-0.9561729596743516,-0.8091666242446708,-0.7129103235436236
2540,-0.39011006469526643,0.9490285586984446,-0.7208664936199518
2541,-0.673141512184809,0.06993096722688691,-0.7073139068437657
2542,-0.9056316297655047,-0.8091666242446708,-0.39095565920421643
2543,-0.9157398957472741,-0.8091666242446708,-0.7577494012585592
2544,2.713127591707933,-0.8091666242446708,-0.7559052558766288
2545,0.8026653211535202,-0.8091666242446708,-0.6184900799887889
2546,1.864033249239305,-0.8091666242446708,-0.8058033136372598
2547,1.9550076430752295,-0.8091666242446708,-0.5599990574607633
2549,-0.3496770007681889,-0.8091666242446708,-0.7294428987145293
2551,-0.8449820338748885,-0.3696178285088919,-0.6591267643701256
2552,-0.06664555327864631,0.5094797629626657,-0.6117269590677096
2554,1.7629505894216113,-0.8091666242446708,-0.5351904094431947
2555,1.8842497812028438,-0.3696178285088919,-0.5218606255376417
2557,-0.9864977576196597,0.5094797629626657,0.08222720628988926
2559,-0.39011006469526643,-0.8091666242446708,-0.5156537590807446
2561,-0.8247655019113497,-0.8091666242446708,-0.7312155364183848
2562,-0.9460646936925823,3.5863213331131174,3.742485454920477
2563,1.277753822296681,-0.8091666242446708,-0.726093328531023
2565,0.8936397149894446,-0.3696178285088919,2.539225755954961
2566,-0.43054312862234395,-0.3696178285088919,-0.7251893209376767
2567,-0.6023836503124234,0.06993096722688691,-0.7734058191949476
2568,2.2178225586012332,0.06993096722688691,-0.5304415469066238
2569,-0.8955233637837353,0.5094797629626657,-0.6166150733984262
2570,-0.8449820338748885,-0.8091666242446708,-0.17873366678887248
2571,-0.13740341515103197,-0.8091666242446708,-0.7280285521134487
2572,2.025765504947615,-0.8091666242446708,-0.7357084767386878
2573,-0.966281225656121,3.146772537377339,0.7813780980625278
2574,-0.12729514916926257,-0.8091666242446708,-0.49349089515194566
2575,-0.8449820338748885,3.146772537377339,-0.19501182516831156
2576,-0.754007640038964,-0.8091666242446708,-0.6220172902988811
2577,-0.38000179871349704,-0.3696178285088919,-0.6655052492544022
2578,1.3687282161326055,-0.8091666242446708,2.9856639971366716
2580,-0.06664555327864631,0.9490285586984446,-0.2856203331255564
2581,-0.9763894916378903,-0.3696178285088919,0.27042562972168666
2582,-0.5316257884400377,0.5094797629626657,-0.3036636020848433
2583,-0.3092439368411114,-0.3696178285088919,3.043812535522339
2584,1.409161280059683,-0.8091666242446708,-0.3640552234248584
2587,1.4394860780049912,-0.8091666242446708,-0.7236628201888788
2588,-0.9864977576196597,1.3885773544342235,2.6805761122741196
2590,-0.2688108729140339,0.9490285586984446,3.7870437709099183
2591,-0.8247655019113497,-0.8091666242446708,-0.7348549008761942
2592,-0.9561729596743516,-0.3696178285088919,-0.7715007041085533
2593,0.8936397149894446,-0.3696178285088919,-0.6169620738151895
2594,-0.8854150978019659,-0.3696178285088919,-0.7808493921263391
2595,0.3174685540285901,0.9490285586984446,-0.07535689837706239
2596,0.7217991932993653,-0.8091666242446708,-0.7831978548167974
2597,-0.673141512184809,-0.3696178285088919,-0.23611744937533904
2598,-0.5215175224582683,-0.3696178285088919,-0.4913682461817237
2599,-0.4911927245129602,-0.8091666242446708,-0.48148212150977543
2600,-0.9763894916378903,-0.3696178285088919,-0.4884364313806549
2601,-0.7034663101301172,3.5863213331131174,1.0099873921554254
2602,2.7535606556350105,-0.8091666242446708,-0.8275740144052482
2603,-0.8247655019113497,-0.8091666242446708,-0.29135750704436175
2604,1.6416513976403788,-0.8091666242446708,-0.8345253134265246
2605,-0.8247655019113497,0.9490285586984446,1.50017403078333
2606,0.1153032343932025,0.9490285586984446,1.0990227311950236
2607,-0.8854150978019659,1.3885773544342235,-0.09672414529822869
2608,-0.7641159060207334,-0.8091666242446708,-0.8283726422624843
2609,-0.8045489699478109,0.06993096722688691,-0.057159323375613996
2611,-0.8753068318201965,2.2676749459057812,-0.34657423062896014
2613,-0.6226001822759621,-0.3696178285088919,0.1740227417031766
2615,-0.5518423204035765,-0.3696178285088919,-0.8040675588410429
2616,-0.9763894916378903,0.5094797629626657,-0.4321756956961637
2617,-0.4608679265676521,0.5094797629626657,-0.17804719307935385
2618,-0.673141512184809,-0.3696178285088919,-0.07880808473467496
2620,-0.6832497781665784,-0.3696178285088919,-0.7216530780787752
2621,-0.5215175224582683,-0.3696178285088919,-0.19911034419060175
2623,1.3384034181872975,-0.8091666242446708,-0.8414841395718088
2625,-0.06664555327864631,1.3885773544342235,0.44697055976448574
2626,-0.9460646936925823,2.2676749459057812,0.15150233938400326
2627,-0.6933580441483478,0.06993096722688691,0.09182353668753437
2628,0.984614108825369,-0.8091666242446708,-0.8361075148929807
2629,-0.39011006469526643,-0.3696178285088919,0.16420285572249768
2630,0.822881853117059,-0.3696178285088919,-0.38645443904750487
2631,-0.40021833067703577,-0.3696178285088919,-0.4537484331027451
2632,-0.32946046880465013,0.5094797629626657,-0.14860861108453888
2633,-0.8449820338748885,0.06993096722688691,0.10591958181708935
2634,-0.8449820338748885,0.5094797629626657,0.511787377308733
2635,-0.2789191388958033,-0.8091666242446708,-0.6089908494908456
2636,-0.47097619254942147,0.5094797629626657,3.9121965090765225
2637,1.0048306407889078,-0.8091666242446708,-0.6142342440747341
2638,-0.9056316297655047,0.5094797629626657,-0.013422969327832872
2639,-0.8854150978019659,0.06993096722688691,-0.7303830365031133
2640,-0.8045489699478109,-0.3696178285088919,-0.7461606411360285
2641,2.207714292619464,-0.8091666242446708,-0.7670077637882504
2642,-0.5013009904947295,0.5094797629626657,2.1334543076506174
2643,-0.4507596605858827,0.06993096722688691,-0.29752146889441394
2644,0.5701752035728246,0.06993096722688691,0.1362448590200324
2645,-0.5720588523671152,-0.8091666242446708,-0.8157865382089097
2646,-0.966281225656121,1.8281261501700024,-0.17456364008850736
2647,-0.6327084482577315,0.06993096722688691,-0.5144418921154762
2648,-0.3193522028228808,-0.8091666242446708,-0.836309241816392
2649,-0.8449820338748885,0.5094797629626657,0.33412391663836305
2650,2.652477995817317,-0.8091666242446708,-0.8345667126085679
2651,-0.9864977576196597,2.2676749459057812,0.18637249406290374
2653,1.3181868862237587,-0.8091666242446708,-0.8488373870151058
2654,-0.4608679265676521,-0.8091666242446708,-0.6575438101912686
2655,0.6510413314269795,0.06993096722688691,-0.3277609368836672
2656,-0.3496770007681889,0.06993096722688691,0.509746773990197
2657,-0.7337911080754252,-0.8091666242446708,-0.8332306480971693
2658,0.3983346818827451,-0.3696178285088919,-0.49552171320927135
2660,2.0864151008382312,-0.8091666242446708,-0.7583628618652013
2661,-0.7843324379842722,-0.3696178285088919,-0.6160241941638077
2662,-0.9763894916378903,0.5094797629626657,0.16481405819193737
2663,2.096523366820001,-0.8091666242446708,-0.838913626723118
2664,-0.8146572359295803,-0.3696178285088919,1.4197241293871186
2665,-0.8348737678931191,1.8281261501700024,-0.20721254047268273
2666,-0.966281225656121,1.3885773544342235,0.7891634024238771
2669,-0.7742241720025028,-0.3696178285088919,-0.797703375492381
2670,1.6315431316586093,-0.8091666242446708,-0.7988753487004078
2671,0.41855121384628385,0.06993096722688691,0.10381575065688711
2672,-0.8854150978019659,1.8281261501700024,2.0000586159829856
2673,-0.06664555327864631,-0.8091666242446708,-0.572069553519798
2674,-0.47097619254942147,0.06993096722688691,-0.10175226413549184
2676,-0.4608679265676521,0.5094797629626657,0.3996708652113746
2677,-0.005995957388030038,-0.8091666242446708,-0.344537390872428
2678,-0.2890274048775726,0.06993096722688691,0.5544616541590023
2680,-0.4507596605858827,2.2676749459057812,0.4147635015595728
2681,-0.24859434095049512,0.5094797629626657,2.5915535693453355
2682,-0.2890274048775726,0.06993096722688691,0.18863740567687454
2683,2.3795548143095435,-0.8091666242446708,0.3185480389288589
2684,0.6005000015181327,-0.8091666242446708,-0.7657544976409385
2685,-0.3496770007681889,-0.8091666242446708,-0.6504050857821961
2686,-0.6630332462030396,0.5094797629626657,-0.43488470762659936
2687,-0.6124919162941928,-0.3696178285088919,-0.7273661652007554
2689,-0.6933580441483478,1.3885773544342235,2.4226509283077355
2691,-0.7337911080754252,0.06993096722688691,-0.7353817995567458
2692,-0.9763894916378903,0.06993096722688691,-0.6561001078065574
2693,-0.4507596605858827,0.06993096722688691,0.4496456996368857
2696,2.662586261799086,-0.8091666242446708,-0.8285088832070269
2698,-0.5619505863853459,0.06993096722688691,0.272354831604906
2699,-0.41032659665880516,0.5094797629626657,-0.4389094608336123
2701,0.822881853117059,-0.3696178285088919,0.17263022376171885
2703,-0.40021833067703577,0.06993096722688691,2.173075583003292
2704,1.2171042264060647,-0.8091666242446708,-0.6473972470286476
2705,2.025765504947615,-0.8091666242446708,-0.1650094615853066
2706,2.1976060266376947,-0.8091666242446708,-0.6361667780088921
2707,-0.8550902998566579,0.06993096722688691,2.9566567193475084
2708,2.6221531978720085,-0.3696178285088919,-0.4780414731257739
2709,-0.9258481617290435,-0.3696178285088919,0.9185049851008659
2710,-0.4608679265676521,-0.8091666242446708,-0.6522492311641265
2711,-0.9460646936925823,1.8281261501700024,1.0765919016515442
2712,-0.754007640038964,2.2676749459057812,2.0971133529405783
2713,-0.14751168113280133,-0.8091666242446708,-0.6896131220268373
2714,-0.6327084482577315,0.5094797629626657,0.6857956665608768
2715,-0.2688108729140339,-0.8091666242446708,-0.3656645225377429
2716,-0.3395687347864195,-0.8091666242446708,-0.541690833736399
2717,-0.9157398957472741,1.3885773544342235,1.6260839976251267
2719,-0.8247655019113497,0.9490285586984446,-0.25889979560998655
2720,-0.8146572359295803,3.5863213331131174,2.8252685116527774
2721,0.6005000015181327,2.70722374164156,-0.5878637178255307
2722,0.07487017046612499,0.06993096722688691,-0.07248831141765978
2724,-0.9864977576196597,0.9490285586984446,2.2541088365101136
2725,0.42865947982805325,-0.8091666242446708,-0.8523984693832334
2726,-0.3496770007681889,-0.3696178285088919,-0.6225494579662382
2730,0.10519496841143312,0.06993096722688691,0.026251748605296787
2731,0.2871437560832819,0.5094797629626657,1.202664454371911
2732,0.08497843644789436,0.06993096722688691,-0.16614681002289705
2733,-0.42043486264057456,0.5094797629626657,1.9909523013582537
2734,-0.2688108729140339,1.8281261501700024,0.4097255974610993
2735,-0.6226001822759621,-0.8091666242446708,-0.32055597378332545
2738,-0.6933580441483478,0.06993096722688691,-0.28301670093123105
2739,1.0250471727524466,-0.8091666242446708,-0.8068119482543155
2741,-0.5518423204035765,-0.8091666242446708,-0.8002580813806552
2742,-0.6933580441483478,1.8281261501700024,1.7095869005189337
2744,2.7535606556350105,-0.8091666242446708,-0.3597331488195342
2745,-0.5316257884400377,-0.8091666242446708,-0.6480776990389598
2746,-0.8854150978019659,-0.8091666242446708,-0.30897775163440583
2747,2.632261463853778,-0.8091666242446708,-0.6700350724823437
2748,0.2568189581379738,-0.8091666242446708,-0.8197608596850698
2749,0.0647619044843556,2.70722374164156,1.4409844911473733
2750,-0.2587026069322645,-0.8091666242446708,-0.17998241666177947
2752,-0.8146572359295803,3.146772537377339,2.6243116130276247
2753,-0.4810844585311908,-0.8091666242446708,-0.6621014837780395
2754,-0.4608679265676521,2.2676749459057812,0.9823259641388707
2755,-0.9157398957472741,0.06993096722688691,-0.47234042940220633
2756,-0.8348737678931191,-0.3696178285088919,-0.27664197960895826
2757,-0.673141512184809,0.06993096722688691,1.5875210359079608
2758,-0.7641159060207334,2.70722374164156,0.4610839172792589
2759,-0.6933580441483478,2.2676749459057812,0.9879494784851574
2763,1.5708935357679932,-0.3696178285088919,-0.462777218350196
2764,-0.2789191388958033,-0.8091666242446708,1.2842419189445022
2765,-0.9056316297655047,1.8281261501700024,0.7781685323855682
2766,0.37811814991920634,-0.8091666242446708,-0.7170156169775209
2767,-0.966281225656121,1.8281261501700024,-0.008841208944236838
2768,2.6120449318902392,-0.8091666242446708,-0.6013538294724515
2769,-0.8955233637837353,-0.3696178285088919,0.0551988094023972
2770,-0.7641159060207334,-0.8091666242446708,-0.3137439265561948
2771,-0.6124919162941928,3.146772537377339,0.005595062190474308
2772,-0.8550902998566579,-0.3696178285088919,-0.3760632443546278
2773,0.3174685540285901,-0.3696178285088919,-0.1373292157587321
2774,-0.7843324379842722,0.06993096722688691,0.5338380870898144
2775,-0.8247655019113497,0.5094797629626657,0.3852985746307302
2776,-0.8449820338748885,0.5094797629626657,-0.15741007718695185
2777,-0.43054312862234395,0.06993096722688691,2.4580690576144097
2778,-0.9763894916378903,1.8281261501700024,0.29398778600355047
2779,0.13551976635674126,0.06993096722688691,-0.5886239573503265
2780,-0.8854150978019659,0.5094797629626657,-0.30083791973228546
2781,-0.2587026069322645,-0.8091666242446708,-0.7652832996780453
2782,-0.41032659665880516,-0.8091666242446708,-0.7966510835560796
2783,-0.8146572359295803,0.5094797629626657,1.8563876473321979
2784,-0.9460646936925823,0.5094797629626657,-0.278921192758544
2785,-0.8247655019113497,1.8281261501700024,1.3853725935523613
2786,-0.9157398957472741,-0.8091666242446708,-0.06072492201814636
2787,-0.03632075533333817,-0.3696178285088919,-0.3853366611323348
2788,-0.9056316297655047,-0.3696178285088919,-0.6706425113897797
2789,0.4994173417004389,-0.8091666242446708,-0.8391560001161718
2790,-0.8146572359295803,-0.8091666242446708,-0.7039282064650215
2792,-0.8550902998566579,0.06993096722688691,-0.14472085153446937
2793,-0.9864977576196597,2.2676749459057812,0.34455651051328345
2794,0.3073602880468207,-0.3696178285088919,3.54983549035042
2796,-0.5316257884400377,0.06993096722688691,-0.8109405757726372
2797,-0.7742241720025028,-0.3696178285088919,-0.7393230016872713
2798,-0.8550902998566579,-0.8091666242446708,-0.34004294512732347
2799,-0.40021833067703577,-0.8091666242446708,-0.35745017210794455
2800,-0.24859434095049512,-0.3696178285088919,-0.025887886684880596
2801,-0.7742241720025028,0.06993096722688691,-0.06577863307703631
2802,-0.40021833067703577,1.8281261501700024,-0.01858582368483712
2803,1.29797035426022,-0.8091666242446708,-0.4291573189690043
2804,-0.2587026069322645,-0.8091666242446708,-0.28736662589538436
2805,0.07487017046612499,0.5094797629626657,0.7547659511326714
2806,1.8741415152210745,-0.3696178285088919,-0.7677454219410225
2807,-0.9056316297655047,-0.8091666242446708,-0.7996747292700446
2808,0.1153032343932025,-0.3696178285088919,0.7612362669298445
2810,2.7333441236714715,-0.8091666242446708,-0.843569905634392
2811,0.17595283028381878,-0.3696178285088919,-0.5752256766163018
2812,-0.7843324379842722,1.3885773544342235,3.1219531152729325
2813,2.652477995817317,-0.8091666242446708,-0.7541356290223764
2814,-0.40021833067703577,-0.3696178285088919,3.6689251301286774
2815,0.24671069215620442,-0.3696178285088919,2.473709668590382
2816,-0.4507596605858827,0.06993096722688691,0.31933913966208705
2817,-0.7034663101301172,-0.8091666242446708,-0.7411942447156299
2818,1.8539249832575357,-0.8091666242446708,-0.835620509969671
2819,0.14562803233851063,-0.3696178285088919,-0.7028608602807043
2820,-0.8753068318201965,0.5094797629626657,1.700835113434973
2821,0.07487017046612499,-0.8091666242446708,-0.8373931476735266
2822,-0.005995957388030038,-0.8091666242446708,-0.7757173989777671
2823,0.014220574575508719,0.5094797629626657,1.159392523875416
2824,-0.8348737678931191,0.5094797629626657,-0.061924745585002314
2825,-0.966281225656121,1.3885773544342235,0.9150199266852179
2826,0.13551976635674126,-0.8091666242446708,-0.8011048828315416
2827,1.651759663622148,0.5094797629626657,0.0370825273402339
2828,-0.6630332462030396,0.5094797629626657,-0.6521995521456745
2829,0.14562803233851063,-0.8091666242446708,-0.7378920954133735
2830,-0.32946046880465013,0.06993096722688691,-0.3432600379282909
2831,2.76366892161678,-0.8091666242446708,-0.8088006144171972
2832,-0.7135745761118866,0.5094797629626657,1.1563726417234548
2833,2.339121750382466,-0.8091666242446708,-0.5980915739274367
2834,-0.966281225656121,-0.3696178285088919,-0.4634155184660641
2835,-0.3395687347864195,0.06993096722688691,0.5054796473901302
2837,-0.4911927245129602,-0.3696178285088919,-0.5370977826667913
2838,-0.3092439368411114,-0.8091666242446708,-0.7886550197225097
2839,-0.7438993740571946,0.06993096722688691,0.47731314935264696
2840,0.7420157252629039,-0.8091666242446708,-0.7613895184287695
2841,-0.8348737678931191,0.9490285586984446,1.2207551442124474
2842,0.8835314490076752,-0.3696178285088919,-0.44109232679589727
2844,1.651759663622148,-0.3696178285088919,-0.6578373680275759
2845,1.1564546305154484,-0.8091666242446708,-0.5418564304645723
2847,-0.8045489699478109,3.146772537377339,-0.5228933469515228
2849,1.014938906770677,-0.8091666242446708,-0.6715615732311417
2850,-0.35978526674995825,0.5094797629626657,1.8753281494732237
2851,-0.39011006469526643,0.5094797629626657,-0.7509313323322223
2853,-0.3193522028228808,0.5094797629626657,-0.579912816736008
2854,0.2972520220650513,-0.8091666242446708,-0.7256221305681299
2855,0.8936397149894446,1.8281261501700024,-0.18110696898855663
2857,-0.23848607496872573,-0.3696178285088919,-0.4665302423805245
2858,-0.2587026069322645,0.06993096722688691,2.7550539934824796
2859,-0.5619505863853459,-0.8091666242446708,-0.6218991144519573
2860,0.46909254375513076,0.06993096722688691,0.06521515331968182
2861,0.2062776282291269,-0.8091666242446708,-0.5907157451121161
2862,-0.7843324379842722,-0.8091666242446708,-0.5374222017115309
2863,-0.754007640038964,2.70722374164156,1.0404293397804907
2864,-0.32946046880465013,-0.8091666242446708,-0.31513268093564856
2865,-0.8955233637837353,0.9490285586984446,-0.18406211787404997
2868,-0.8449820338748885,0.06993096722688691,-0.3838703773755999
2869,-0.8854150978019659,-0.8091666242446708,-0.5728794720630459
2870,-0.8753068318201965,0.06993096722688691,-0.7920760975840907
2871,-0.8247655019113497,-0.8091666242446708,-0.6947481260250123
2872,-0.6933580441483478,-0.8091666242446708,0.31795715969424054
2873,-0.8753068318201965,1.8281261501700024,0.5617727497078553
2874,-0.2587026069322645,-0.8091666242446708,-0.718470610048244
2875,-0.966281225656121,1.8281261501700024,1.8893790318587314
2876,1.2069959604242955,0.06993096722688691,0.1794791538964881
2877,-0.8045489699478109,-0.8091666242446708,-0.6403511062448721
2878,-0.2789191388958033,-0.8091666242446708,-0.8349837152786044
2879,-0.2688108729140339,0.5094797629626657,0.015520327907263659
2880,-0.14751168113280133,-0.8091666242446708,-0.7568717385992405
2881,-0.5417340544218071,0.06993096722688691,-0.5831427056477889
2882,-0.8146572359295803,-0.3696178285088919,-0.7036647571247459
2883,-0.6124919162941928,0.06993096722688691,-0.5519111627142973
2884,0.07487017046612499,-0.3696178285088919,-0.8053087815899421
2886,-0.6832497781665784,-0.3696178285088919,-0.7999494692963321
2887,-0.5518423204035765,-0.3696178285088919,-0.7075645600732279
2888,-0.673141512184809,0.9490285586984446,0.09335304828593524
2889,-0.3395687347864195,-0.3696178285088919,-0.052844023181896946
2890,-0.9763894916378903,0.06993096722688691,-0.6149071689610385
2891,-0.7641159060207334,-0.8091666242446708,-0.024134066791044694
2892,-0.6832497781665784,0.5094797629626657,-0.09547313728811913
2893,1.9246828451299214,-0.8091666242446708,-0.7732620511263971
2894,0.7420157252629039,0.06993096722688691,-0.6302504585386991
2895,-0.6327084482577315,0.5094797629626657,-0.5087935382599638
2896,-0.5013009904947295,-0.3696178285088919,-0.5544380182437423
2897,-0.9460646936925823,3.5863213331131174,0.24132351017002382
2898,-0.7034663101301172,2.70722374164156,0.11568000351810612
2899,0.13551976635674126,-0.8091666242446708,-0.7547415625050106
2900,1.6719761955856869,-0.8091666242446708,-0.8205316371834767
2901,-0.7438993740571946,-0.8091666242446708,-0.6787394386850552
2902,-0.6832497781665784,2.2676749459057812,2.952083238800321
2904,-0.9460646936925823,-0.8091666242446708,-0.8196328985769359
2905,-0.12729514916926257,-0.3696178285088919,-0.8106778791447622
2906,-0.7438993740571946,0.5094797629626657,-0.19675284895133408
2907,1.29797035426022,-0.8091666242446708,-0.7481801685073425
2908,-0.8348737678931191,1.8281261501700024,2.0331004322403725
2909,2.7434523896532412,-0.8091666242446708,-0.3335297247233057
2910,-0.9460646936925823,0.06993096722688691,-0.6837607831107114
2911,-0.7034663101301172,0.5094797629626657,-0.6970852980294587
2912,-0.8854150978019659,-0.8091666242446708,-0.7631749522434383
2913,-0.3193522028228808,0.06993096722688691,-0.6563108672787781
2914,1.2171042264060647,-0.3696178285088919,-0.6604545490451154
2915,-0.7337911080754252,1.3885773544342235,2.3183212259965282
2916,0.2972520220650513,-0.8091666242446708,-0.8483037139229471
2917,-0.5518423204035765,-0.3696178285088919,-0.5847211435522413
2918,1.1564546305154484,-0.3696178285088919,-0.3675455508273119
2919,-0.673141512184809,-0.8091666242446708,-0.4986085867649026
2920,-0.8753068318201965,0.06993096722688691,-0.7208913331291779
2922,-0.8146572359295803,-0.8091666242446708,-0.3729808870734014
2923,-0.5013009904947295,0.06993096722688691,-0.40089146289461686
2924,-0.8247655019113497,0.9490285586984446,-0.11102718633800034
2925,-0.5518423204035765,-0.8091666242446708,-0.7324928893625218
2926,-0.1677282130963401,0.9490285586984446,0.14403543236818733
2927,0.4994173417004389,0.06993096722688691,-0.3224114098512676
2928,2.076306834856462,0.06993096722688691,-0.6377565065993562
2929,-0.8247655019113497,-0.3696178285088919,-0.5045136155490837
2930,2.6221531978720085,-0.8091666242446708,-0.6512436073966738
2931,0.3073602880468207,-0.8091666242446708,-0.8025914898230977
2932,-0.4608679265676521,0.06993096722688691,-0.5725008577254496
2933,1.429377812023222,-0.3696178285088919,-0.8218759815312839
2934,0.5802834695545939,-0.8091666242446708,0.3079257615289401
2936,-0.7742241720025028,0.06993096722688691,-0.8158618094489885
2937,1.2878620882784504,-0.3696178285088919,-0.7385454497772572
2938,0.08497843644789436,-0.8091666242446708,-0.8112190793609287
2939,1.227212492387834,-0.3696178285088919,1.1728818828099359
2940,0.9947223748071384,-0.3696178285088919,-0.3735318725507781
2941,1.6921927275492257,-0.3696178285088919,-0.49863493169893014
2942,0.6813661293722877,-0.3696178285088919,-0.5964770058277467
2943,1.5001356738956075,-0.8091666242446708,-0.864310143125702
2947,2.692911059744394,-0.8091666242446708,-0.8101118394193697
2948,1.2878620882784504,-0.3696178285088919,0.2016849224321321
2949,-0.43054312862234395,-0.3696178285088919,-0.30054586732077976
2950,-0.8045489699478109,2.2676749459057812,1.2425002527588094
2952,0.07487017046612499,-0.3696178285088919,-0.2162872411765818
2953,0.5196338736639776,-0.8091666242446708,-0.7829968806057871
2954,-0.673141512184809,1.8281261501700024,-0.3740203828988894
2955,-0.7034663101301172,0.06993096722688691,0.1732105650227264
2956,-0.2890274048775726,-0.3696178285088919,-0.5329443156392436
2957,-0.8955233637837353,-0.8091666242446708,-0.7483164094518852
2958,-0.3193522028228808,-0.8091666242446708,-0.661303608633204
2959,-0.9258481617290435,0.9490285586984446,0.5809947662867759
2960,2.2178225586012332,-0.8091666242446708,-0.20668865264173442
2961,-0.3092439368411114,0.5094797629626657,1.0356082168534444
2962,0.7521239912446733,-0.8091666242446708,-0.8219256605497359
2963,1.1564546305154484,-0.3696178285088919,-0.7015247957693059
2964,-0.8348737678931191,-0.3696178285088919,-0.6144133896261217
2965,-0.2688108729140339,-0.8091666242446708,-0.7348210288181587
2966,-0.5013009904947295,-0.8091666242446708,-0.15450611274471213
2967,0.7824487891899815,-0.8091666242446708,-0.6071391769849074
2968,-0.18794474505987885,0.06993096722688691,1.041838417394766
2969,-0.3193522028228808,0.06993096722688691,-0.016320912070866302
2971,-0.8955233637837353,1.3885773544342235,0.9064262092054225
2972,-0.8955233637837353,0.06993096722688691,-0.3713136291056562
2973,-0.8045489699478109,-0.8091666242446708,-0.021915070633521987
2974,1.591110067731532,-0.3696178285088919,-0.6949159808903881
2975,-0.6832497781665784,1.8281261501700024,0.35216944373485226
2976,1.1059133006066015,-0.8091666242446708,-0.8241612163800759
2977,1.6921927275492257,-0.8091666242446708,-0.8194642909991594
2978,-0.9157398957472741,1.3885773544342235,0.44215621124904636
2979,-0.6630332462030396,0.06993096722688691,-0.663022051044203
2980,-0.8449820338748885,0.9490285586984446,0.6066539793172347
2981,-0.42043486264057456,-0.3696178285088919,-0.595034808867837
2982,-0.9864977576196597,0.06993096722688691,-0.7216131843215334
2983,-0.9864977576196597,0.5094797629626657,-0.500786183740382
2984,-0.4810844585311908,0.06993096722688691,0.6597600973300237
2985,-0.2789191388958033,-0.3696178285088919,-0.425925171920021
2986,-0.4810844585311908,1.8281261501700024,0.7350012289127827
2987,-0.1677282130963401,-0.3696178285088919,-0.7209553136832448
2989,1.227212492387834,-0.8091666242446708,-0.4291008655389451
2990,-0.39011006469526643,-0.8091666242446708,0.06824557344525395
2991,0.14562803233851063,0.06993096722688691,0.07060984309612887
2992,2.076306834856462,-0.8091666242446708,-0.8452514651377522
2993,-0.8247655019113497,0.5094797629626657,0.3185149195832242
2995,1.8134919193304582,-0.8091666242446708,-0.5768605679508132
2996,-0.7843324379842722,-0.8091666242446708,-0.5034861631220082
2997,1.8033836533486889,-0.8091666242446708,-0.8542162698311362
2998,0.7925570551717509,0.06993096722688691,-0.3237038170434205
2999,-0.9056316297655047,1.8281261501700024,0.5681504818797312
3000,-0.4911927245129602,-0.8091666242446708,-0.754907159233184
3001,2.7535606556350105,-0.8091666242446708,-0.6320833132346177
3002,-0.6226001822759621,-0.8091666242446708,-0.7527845102629622
3003,1.29797035426022,-0.8091666242446708,-0.4741793057973312
3004,0.5701752035728246,0.5094797629626657,-0.13143547766056274
3005,-0.8854150978019659,-0.8091666242446708,0.3888212686664178
3007,0.8430983850805978,-0.8091666242446708,-0.8130760208536725
3008,1.378836482114375,-0.8091666242446708,-0.8621573856594485
3011,-0.40021833067703577,0.5094797629626657,1.5939138223278524
3012,-0.9056316297655047,-0.8091666242446708,-0.8074622917685963
3014,-0.7742241720025028,0.9490285586984446,0.3503200293661164
3015,0.42865947982805325,0.5094797629626657,3.7300807545554924
3016,-0.8854150978019659,3.146772537377339,2.1341919658033905
3018,-0.6630332462030396,-0.8091666242446708,-0.7934008714094773
3019,-0.6630332462030396,1.3885773544342235,0.36620451915994356
3020,0.13551976635674126,-0.8091666242446708,-0.7192060100638138
3022,1.0755885026612935,-0.8091666242446708,-0.8111874654400957
3023,-0.5720588523671152,0.06993096722688691,1.1057941319525113
3025,1.702300993530995,0.5094797629626657,3.5130963507803634
3027,-0.6832497781665784,1.8281261501700024,2.2510776636721403
3028,-0.40021833067703577,-0.3696178285088919,-0.21639111548789047
3029,-0.43054312862234395,-0.3696178285088919,-0.4387370896938319
3030,2.0560903028929234,-0.8091666242446708,-0.6872383144023514
3031,1.651759663622148,-0.8091666242446708,-0.722977099191761
3032,-0.38000179871349704,-0.8091666242446708,-0.6797149539564763
3033,-0.9056316297655047,-0.3696178285088919,-0.6766137788652302
3035,1.3181868862237587,-0.3696178285088919,-0.6268805651203717
3036,-0.18794474505987885,-0.3696178285088919,0.3141032722022064
3037,-0.7742241720025028,0.5094797629626657,0.3616227587763474
3038,-0.12729514916926257,-0.8091666242446708,-0.7056888007704646
3039,-0.6327084482577315,-0.3696178285088919,-0.4769831594902661
3041,-0.7337911080754252,0.9490285586984446,-0.4602902565779928
3042,-0.8753068318201965,0.5094797629626657,-0.41248624471635376
3043,-0.9763894916378903,0.06993096722688691,-0.6696429093215334
3044,-0.7843324379842722,-0.8091666242446708,-0.7208770315935629
3045,-0.8955233637837353,1.8281261501700024,0.7475647515943337
3046,-0.7337911080754252,-0.3696178285088919,-0.5071330547038256
3047,-0.754007640038964,-0.8091666242446708,-0.6551012584507119
3048,1.0048306407889078,-0.3696178285088919,-0.20669542705334137
3049,2.642369729835547,-0.8091666242446708,-0.20888055115282883
3050,-0.592275384330654,-0.3696178285088919,-0.6830968907732163
3051,-0.6428167142395009,3.5863213331131174,1.4820893626419998
3052,-0.09697035122395445,-0.3696178285088919,0.11714929812444413
3053,-0.6023836503124234,0.9490285586984446,0.15952098458959685
3054,-0.8449820338748885,0.9490285586984446,0.658439087066641
3055,-0.6124919162941928,-0.3696178285088919,-0.4774724225507782
3056,1.651759663622148,-0.8091666242446708,-0.6153708397999239
3057,-0.8045489699478109,0.06993096722688691,0.31143791759101647
3058,-0.7438993740571946,0.5094797629626657,0.9726874818467817
3059,0.8127735871352896,-0.8091666242446708,-0.8032538767357911
3060,-0.6226001822759621,0.06993096722688691,-0.33227495315119226
3061,-0.41032659665880516,0.5094797629626657,0.38301258706953745
3062,-0.5619505863853459,-0.3696178285088919,-0.7889034148147697
3063,-0.5619505863853459,-0.8091666242446708,-0.7137638994061172
3064,0.18606109626558814,1.8281261501700024,0.5026539650375725
3065,0.22649416019266566,-0.3696178285088919,-0.5708990857365729
3066,-0.9157398957472741,0.9490285586984446,2.7146536607949905
3067,-0.5720588523671152,-0.8091666242446708,-0.4730841092541847
3069,-0.9561729596743516,1.3885773544342235,-0.3785035379579822
3070,-0.5417340544218071,-0.8091666242446708,-0.595439768139461
3071,-0.6630332462030396,-0.8091666242446708,-0.7059507446859388
3072,2.4098796122548514,-0.8091666242446708,-0.6704076651207338
3073,-0.4810844585311908,-0.8091666242446708,-0.36887709906430566
3074,-0.41032659665880516,-0.8091666242446708,-0.5713371643538314
3075,2.7535606556350105,-0.8091666242446708,-0.7835742110171914
3076,-0.13740341515103197,-0.8091666242446708,3.548455015807375
3077,-0.2081612770234176,-0.3696178285088919,-0.5694975352463059
3078,-0.07675381926041569,-0.3696178285088919,-0.5036638032485942
3079,0.5802834695545939,-0.8091666242446708,-0.7678718776243548
3080,-0.43054312862234395,1.3885773544342235,0.7452117726294706
3081,1.2474290243513728,-0.8091666242446708,-0.741403498763049
3083,-0.9561729596743516,0.9490285586984446,-0.07892626058159863
3084,-0.5215175224582683,1.8281261501700024,0.9961164080337058
3086,-0.9561729596743516,0.9490285586984446,-0.4563279785002452
3088,0.7824487891899815,0.5094797629626657,0.9349404603720699
3089,-0.6933580441483478,-0.8091666242446708,-0.8476036913902144
3090,2.692911059744394,-0.8091666242446708,0.377548647752218
3091,1.0755885026612935,-0.8091666242446708,-0.840535721946816
3092,1.6012183337133012,-0.8091666242446708,-0.7866475357496083
3093,-0.7641159060207334,1.8281261501700024,-0.2829760544615885
3094,-0.7034663101301172,2.70722374164156,1.7204891869319454
3095,2.1874977606559254,-0.8091666242446708,-0.7765468880434354
3096,-0.21826954300518697,-0.3696178285088919,0.3456095551619858
3097,-0.6124919162941928,-0.3696178285088919,-0.42178224286608434
3098,-0.5215175224582683,-0.3696178285088919,-0.25815310490840493
3099,-0.9763894916378903,0.06993096722688691,-0.08340565207868747
3100,0.6611495974087489,-0.3696178285088919,0.45778402611420477
3101,1.8033836533486889,-0.8091666242446708,-0.681540281528387
3102,0.7116909273175959,-0.8091666242446708,-0.6238787480660296
3104,-0.7438993740571946,2.70722374164156,-0.05487032496481799
3105,-0.7337911080754252,-0.8091666242446708,-0.6181265198992084
3106,-0.7034663101301172,-0.3696178285088919,-0.7553625502356607
3107,-0.4507596605858827,-0.3696178285088919,-0.7827040754818805
3109,-0.5215175224582683,0.06993096722688691,-0.35189816543973296
3110,2.632261463853778,-0.8091666242446708,-0.7697732291487451
3111,0.9947223748071384,-0.3696178285088919,-0.7474891785234192
3112,-0.8348737678931191,1.8281261501700024,0.27814394267936576
3115,-0.4810844585311908,0.5094797629626657,-0.17514623948671734
3116,1.5708935357679932,-0.3696178285088919,-0.38610518049353926
3118,-0.6327084482577315,0.5094797629626657,-0.5285326682582258
3122,-0.6226001822759621,-0.3696178285088919,-0.5931191558078319
3124,2.096523366820001,-0.8091666242446708,-0.5587646091234711
3125,1.0048306407889078,-0.8091666242446708,1.2067787803546177
3127,-0.9763894916378903,2.70722374164156,1.4314476250293902
3128,-0.9460646936925823,0.9490285586984446,2.5111044206615247
3129,-0.9561729596743516,2.2676749459057812,0.3558148298918681
3130,-0.8753068318201965,-0.3696178285088919,-0.6868363659803307
3132,-0.19805301104164824,-0.3696178285088919,-0.14114697305552845
3133,-0.592275384330654,-0.8091666242446708,-0.8102428113771067
3134,-0.9258481617290435,2.2676749459057812,-0.6141401550246356
3135,-0.8045489699478109,-0.3696178285088919,-0.39599657415229306
3136,-0.7135745761118866,0.06993096722688691,0.48321290915002235
3137,1.8741415152210745,-0.8091666242446708,-0.8151068389109982
3138,-0.6023836503124234,0.06993096722688691,1.9947309176102093
3139,0.6712578633905183,-0.8091666242446708,-0.6710805900070382
3141,0.42865947982805325,0.9490285586984446,1.1129170494011675
3143,0.7420157252629039,-0.8091666242446708,-0.5562430225808317
3144,-0.6832497781665784,-0.8091666242446708,-0.7330928011459498
3145,1.6416513976403788,-0.8091666242446708,-0.7784053349609809
3147,-0.06664555327864631,1.8281261501700024,1.731800948890986
3149,-0.754007640038964,2.70722374164156,1.4664065997715838
3151,-0.9157398957472741,-0.8091666242446708,-0.7956815899838648
3153,0.044545372520816855,0.5094797629626657,-0.05720674425686371
3154,-0.592275384330654,1.3885773544342235,-0.13001209851067294
3155,-0.5417340544218071,-0.8091666242446708,-0.7292434299283204
3156,-0.32946046880465013,-0.8091666242446708,-0.7042797231561896
3157,2.7838854535803184,-0.8091666242446708,-0.661868142933795
3158,-0.8146572359295803,-0.8091666242446708,-0.5019333174391828
3160,-0.8045489699478109,1.3885773544342235,0.2111457645976353
3161,0.15573629832028002,0.06993096722688691,-0.620100884526475
3162,-0.9157398957472741,0.9490285586984446,-0.4819171892774308
3163,-0.05653728729687693,0.9490285586984446,0.4973616441476327
3165,-0.2688108729140339,-0.3696178285088919,-0.8185452291577975
3166,-0.40021833067703577,0.5094797629626657,-0.3273687737228567
3167,-0.966281225656121,1.3885773544342235,0.21420328236963568
3168,-0.4810844585311908,-0.8091666242446708,-0.7577742407677851
3169,-0.5013009904947295,0.06993096722688691,-0.4543814642318077
3171,-0.5619505863853459,-0.8091666242446708,-0.8271223869647755
3172,-0.9157398957472741,-0.3696178285088919,-0.6015344804486406
3174,-0.2688108729140339,-0.8091666242446708,-0.6724437521648651
3175,-0.8753068318201965,0.5094797629626657,-0.6293750540165829
3176,-0.5417340544218071,-0.8091666242446708,-0.5257498905125129
3177,-0.7034663101301172,-0.8091666242446708,-0.5834784153785404
3178,-0.6630332462030396,0.5094797629626657,-0.39416748301837845
3179,-0.592275384330654,0.06993096722688691,-0.48932914828798935
3180,-0.8045489699478109,2.2676749459057812,0.21315851755734214
3181,-0.8045489699478109,0.06993096722688691,-0.7330694670615253
3182,-0.8348737678931191,0.9490285586984446,-0.6059664510644799
3183,-0.9864977576196597,0.06993096722688691,-0.10553840751145507
3184,-0.7034663101301172,0.9490285586984446,-0.4911213565142653
3185,0.9239645129347528,0.06993096722688691,-0.7656400853560188
3186,-0.3092439368411114,-0.3696178285088919,-0.7973480952392092
3187,2.1874977606559254,-0.3696178285088919,-0.5029389412066354
3188,1.1564546305154484,-0.3696178285088919,-0.5654697711896898
3189,0.07487017046612499,0.06993096722688691,-0.212861647040596
3190,-0.3092439368411114,0.5094797629626657,-0.4639145667877865
3191,-0.43054312862234395,-0.8091666242446708,-0.21584464628491842
3192,-0.8550902998566579,0.06993096722688691,0.867989703171589
3194,-0.09697035122395445,-0.3696178285088919,-0.7500243138892728
3195,-0.9561729596743516,0.9490285586984446,0.22708369697191838
3196,0.024328840557278096,-0.3696178285088919,-0.5180865255600913
3197,-0.8247655019113497,-0.8091666242446708,-0.8469300137915092
3198,2.258255622528311,-0.8091666242446708,-0.6724121382440321
3199,-0.7641159060207334,1.3885773544342235,0.5641708914167657
3200,-0.7034663101301172,-0.8091666242446708,-0.6787176100254324
3201,-0.8550902998566579,0.06993096722688691,2.5549943280390663
3202,-0.7034663101301172,0.9490285586984446,-0.028095592156391513
3203,-0.754007640038964,-0.8091666242446708,-0.6868092683339022
3204,-0.2081612770234176,0.06993096722688691,-0.28106642310078955
3205,1.0250471727524466,-0.8091666242446708,-0.8104347530393078
3206,-0.3496770007681889,-0.3696178285088919,-0.5232042171730482
3207,-0.23848607496872573,-0.3696178285088919,0.06332358705650187
3208,2.1369564307470785,-0.8091666242446708,-0.17398179340269834
3209,-0.9056316297655047,0.9490285586984446,-0.2419050550249972
3210,-0.5720588523671152,-0.3696178285088919,-0.3603052102441331
3211,0.6813661293722877,-0.3696178285088919,-0.48076328116702294
3213,1.4192695460414524,-0.3696178285088919,-0.7348360830661745
3214,-0.3496770007681889,1.3885773544342235,1.265565618856153
3216,1.0048306407889078,-0.3696178285088919,-0.4431999215181034
3217,1.5708935357679932,-0.8091666242446708,-0.7253511541038462
3218,1.1564546305154484,-0.3696178285088919,-0.3425163580763125
3219,1.5708935357679932,-0.8091666242446708,-0.6512699523307014
3220,-0.8753068318201965,0.06993096722688691,-0.14577464889557246
3221,-0.4608679265676521,-0.3696178285088919,0.5023001902092021
3222,-0.4608679265676521,-0.3696178285088919,-0.6473934834666437
3223,-0.2081612770234176,-0.8091666242446708,-0.37278518184919646
3225,-0.47097619254942147,0.9490285586984446,2.406016736962724
3226,-0.10707861720572383,0.06993096722688691,2.7900897448895536
3227,-0.7337911080754252,0.06993096722688691,-0.0022783095217671985
3228,0.8532066510623671,0.5094797629626657,0.049749171620692804
3229,-0.9763894916378903,-0.3696178285088919,-0.44227860153953896
3230,-0.2890274048775726,-0.3696178285088919,-0.10390502160174513
3231,-0.6226001822759621,-0.8091666242446708,-0.6815515722143987
3232,2.288580420473619,-0.8091666242446708,-0.8124986904422682
3233,-0.6933580441483478,0.06993096722688691,-0.779110626480519
3234,0.0647619044843556,-0.8091666242446708,-0.5091029030566876
3235,-0.35978526674995825,0.06993096722688691,3.749264382801973
3237,-0.8449820338748885,-0.8091666242446708,-0.7969175437459586
3238,-0.2587026069322645,1.3885773544342235,0.6626730943210729
3239,-0.6023836503124234,-0.8091666242446708,-0.770529705111537
3240,0.3073602880468207,-0.8091666242446708,-0.006510811351397552
3242,0.9441810448982916,-0.3696178285088919,-0.6554392263186656
3243,-0.7843324379842722,-0.8091666242446708,-0.7183795318477485
3244,-0.06664555327864631,-0.8091666242446708,-0.7989709431753079
3245,-0.6327084482577315,-0.3696178285088919,-0.6595384980533565
3246,-0.6327084482577315,0.06993096722688691,-0.7260353696761623
3247,-0.6630332462030396,0.06993096722688691,-0.12498548509821142
3248,0.13551976635674126,0.06993096722688691,-0.034342352370530176
3249,-0.9258481617290435,1.8281261501700024,-0.6841657423823352
3250,0.9239645129347528,-0.3696178285088919,-0.7819475995190887
3251,-0.9763894916378903,-0.3696178285088919,-0.8339946511839692
3252,0.3983346818827451,0.06993096722688691,-0.47423726465219185
3253,-0.24859434095049512,0.5094797629626657,-0.4597129261665884
3254,0.9340727789165222,-0.8091666242446708,-0.8566023681416337
3255,-0.9561729596743516,0.06993096722688691,-0.6262098983712696
3256,-0.8550902998566579,-0.3696178285088919,-0.16653295148450117
3257,2.692911059744394,-0.8091666242446708,-0.8324034171687035
3258,-0.8348737678931191,-0.3696178285088919,-0.5143116728701398
3259,-0.966281225656121,1.8281261501700024,-0.2044109449169502
3260,-0.9258481617290435,3.5863213331131174,0.33742305509101644
3261,-0.3496770007681889,0.06993096722688691,-0.5439595089123738
3262,-0.9864977576196597,0.9490285586984446,-0.32903678440300277
3263,2.6221531978720085,-0.8091666242446708,-0.6597500102379779
3264,1.7427340574580725,-0.3696178285088919,-0.7269777656019488
3265,-0.42043486264057456,0.5094797629626657,0.3539142310798786
3266,1.9044663131663826,-0.3696178285088919,0.3718920140602968
3267,-0.7742241720025028,0.9490285586984446,-0.6635956178936033
3268,-0.9157398957472741,0.06993096722688691,-0.6793544047164989
3269,1.7124092595127645,-0.8091666242446708,1.252183145082545
3270,-0.41032659665880516,3.146772537377339,-0.021430323847414535
3272,-0.5215175224582683,-0.8091666242446708,-0.7584260897068674
3273,-0.2081612770234176,-0.3696178285088919,-0.6797352771912976
3274,1.1059133006066015,-0.8091666242446708,-0.7370799187329232
3276,0.7824487891899815,-0.8091666242446708,-0.7710791851641121
3277,-0.9258481617290435,0.9490285586984446,-0.6511848958294124
3278,-0.9056316297655047,3.146772537377339,-0.037494711905029995
3279,-0.9460646936925823,0.06993096722688691,-0.6112896331628519
3280,-0.40021833067703577,-0.3696178285088919,-0.8014661847839197
3281,-0.7438993740571946,1.8281261501700024,0.5890999734184601
3282,-0.8045489699478109,0.5094797629626657,-0.2620837690653194
3283,-0.8247655019113497,0.06993096722688691,-0.5753581539988404
3284,-0.7843324379842722,-0.8091666242446708,-0.8082451126654158
3285,0.36800988393743694,-0.8091666242446708,-0.8173070172585013
3286,-0.8247655019113497,0.9490285586984446,0.8656525311671426
3287,0.2568189581379738,0.06993096722688691,-0.5512849059968418
3288,-0.12729514916926257,0.9490285586984446,1.65050575146869
3289,1.5001356738956075,-0.8091666242446708,-0.8495231080122235
3290,1.4799191419320687,-0.8091666242446708,-0.8355060976847513
3292,-0.8045489699478109,0.9490285586984446,-0.17172967789954094
3293,-0.005995957388030038,0.06993096722688691,-0.2895630406808834
3294,-0.3395687347864195,0.5094797629626657,-0.09079277158001992
3295,-0.966281225656121,2.2676749459057812,3.3322240771454346
3296,-0.21826954300518697,0.06993096722688691,-0.6262272107564878
3298,-0.9561729596743516,0.5094797629626657,0.8943941014788279
3299,-0.2789191388958033,-0.8091666242446708,-0.17112299170450593
3300,-0.7337911080754252,0.9490285586984446,-0.27607368174636343
3301,-0.754007640038964,-0.3696178285088919,-0.44914258592232387
3302,-0.5417340544218071,-0.8091666242446708,-0.6541084307940727
3303,2.7333441236714715,-0.3696178285088919,-0.6497193647850784
3304,1.651759663622148,-0.8091666242446708,-0.8321806142980703
3305,-0.8146572359295803,-0.3696178285088919,-0.6519850291114498
3306,-0.7742241720025028,-0.8091666242446708,-0.7688323386477602
3307,0.6005000015181327,-0.3696178285088919,-0.575874514705781
3308,-0.40021833067703577,0.06993096722688691,0.34345077599652596
3309,-0.6832497781665784,0.5094797629626657,-0.6210899486211103
3310,2.0560903028929234,-0.3696178285088919,-0.6808214411856345
3311,-0.8045489699478109,0.06993096722688691,0.4527340786173187
3312,-0.3496770007681889,-0.8091666242446708,-0.5714839432719852
3313,-0.9460646936925823,0.9490285586984446,1.846390873937334
3314,-0.592275384330654,1.8281261501700024,3.545803210019399
3316,-0.17783647907810948,2.70722374164156,1.6855633315353866
3317,-0.8753068318201965,0.5094797629626657,-0.7041668162960714
3318,-0.8449820338748885,-0.8091666242446708,-0.6849387780179442
3319,-0.41032659665880516,-0.8091666242446708,0.377548647752218
3320,-0.42043486264057456,-0.8091666242446708,-0.0657515354306079
3321,-0.7641159060207334,2.2676749459057812,0.955498541462389
3322,0.00411230859373934,-0.3696178285088919,0.9598733059357683
3323,-0.8146572359295803,0.06993096722688691,-0.3626755015942142
3324,-0.18794474505987885,-0.8091666242446708,-0.696722490652279
3325,-0.673141512184809,-0.3696178285088919,-0.22340488963843216
3326,-0.8753068318201965,2.2676749459057812,2.734722478824798
3327,-0.19805301104164824,0.5094797629626657,0.9576761384378685
3328,-0.6124919162941928,0.5094797629626657,-0.3653212856829836
3329,-0.7135745761118866,-0.3696178285088919,1.385121940322899
3330,0.07487017046612499,-0.3696178285088919,2.777394497537865
3331,-0.7135745761118866,0.5094797629626657,-0.3763620711777406
3332,-0.2587026069322645,-0.8091666242446708,-0.7352485694618063
3333,-0.3395687347864195,-0.8091666242446708,-0.7174491793203748
3334,0.8936397149894446,-0.8091666242446708,0.0030682066610291984
3335,1.864033249239305,-0.3696178285088919,1.1932600656364667
3336,2.652477995817317,-0.8091666242446708,-0.5617611571910077
3337,1.146346364533679,-0.8091666242446708,-0.45610291749240967
3339,-0.7641159060207334,0.5094797629626657,0.535497817933552
3340,-0.9561729596743516,2.2676749459057812,0.6804800115865124
3341,0.8026653211535202,-0.3696178285088919,-0.03067739569109397
3342,-0.2081612770234176,1.3885773544342235,1.826416144957625
3343,-0.3092439368411114,-0.8091666242446708,-0.7553136239296094
3344,-0.4608679265676521,0.06993096722688691,-0.23286347366673296
3345,-0.9056316297655047,0.5094797629626657,2.5670256830532607
3346,-0.9460646936925823,-0.3696178285088919,-0.8292337452489856
3347,-0.1677282130963401,0.06993096722688691,-0.5875370406435888
3348,1.196887694442526,0.06993096722688691,0.21330303833829342
3351,1.4192695460414524,0.9490285586984446,0.9990354267239615
3352,-0.6630332462030396,-0.8091666242446708,-0.5162785103733987
3353,-0.5417340544218071,-0.3696178285088919,-0.41454566584490943
3354,1.29797035426022,-0.3696178285088919,-0.5412693147919578
3355,-0.8045489699478109,-0.8091666242446708,-0.7576545594960599
3356,-0.4810844585311908,-0.8091666242446708,-0.14237916325561817
3357,1.429377812023222,-0.8091666242446708,1.904620705262286
3358,0.8835314490076752,-0.8091666242446708,-0.8562854762209021
3359,-0.6630332462030396,0.06993096722688691,-0.5398745387132979
3360,-0.8854150978019659,0.5094797629626657,0.3215731900676255
3362,-0.8753068318201965,-0.3696178285088919,-0.5933043230584256
3363,-0.18794474505987885,0.5094797629626657,1.2425589643260706
3364,-0.3193522028228808,0.06993096722688691,-0.0416135541621415
3365,-0.2587026069322645,0.5094797629626657,0.4037091672416016
3366,-0.8854150978019659,3.146772537377339,1.5041317925866728
3367,-0.8854150978019659,0.5094797629626657,2.5121070335793743
3368,-0.1677282130963401,0.06993096722688691,-0.6137246577794008
3369,-0.17783647907810948,-0.8091666242446708,-0.7743610112315473
3370,2.7838854535803184,-0.8091666242446708,-0.7809284269284218
3371,1.3485116841690667,-0.8091666242446708,-0.7671831457776339
3372,-0.9460646936925823,0.9490285586984446,0.9250663790985342
3373,-0.9864977576196597,0.5094797629626657,-0.5658672033373058
3374,-0.5619505863853459,1.3885773544342235,0.7732834289044548
3375,1.7629505894216113,-0.3696178285088919,-0.7756142773788592
3376,2.662586261799086,-0.8091666242446708,-0.7675617601152304
3377,2.642369729835547,0.06993096722688691,0.390335726016803
3379,-0.9056316297655047,1.3885773544342235,2.395135526496934
3380,-0.5316257884400377,-0.8091666242446708,-0.8222553485812809
3381,-0.8247655019113497,0.5094797629626657,0.320311644083905
3382,1.6416513976403788,-0.8091666242446708,-0.625655149331889
3383,1.0048306407889078,-0.8091666242446708,-0.7754599713366976
3384,-0.3395687347864195,1.3885773544342235,-0.30345961702422974
3385,-0.7135745761118866,0.06993096722688691,-0.5759023650646101
3386,1.166562896497218,-0.8091666242446708,-0.03523883283986869
3387,-0.8449820338748885,0.9490285586984446,0.16387693125295638
3388,-0.6832497781665784,0.5094797629626657,-0.7332839900957498
3389,-0.6933580441483478,0.5094797629626657,2.427557860448472
3391,-0.673141512184809,-0.8091666242446708,1.828842889737765
3393,2.773777187598549,-0.8091666242446708,-0.6698800137277815
3394,-0.7742241720025028,-0.8091666242446708,-0.7655693303903447
3395,-0.8955233637837353,1.3885773544342235,0.864003338297016
3396,-0.966281225656121,3.5863213331131174,1.9150344813271867
3397,-0.2587026069322645,1.8281261501700024,2.6656904718361383
3398,1.3080786202419894,-0.8091666242446708,-0.7179971539481483
3399,-0.40021833067703577,-0.8091666242446708,-0.7468230280487219
3400,-0.32946046880465013,0.5094797629626657,1.3807674990843408
3401,-0.8045489699478109,1.8281261501700024,1.2669874925812414
3402,-0.9864977576196597,-0.3696178285088919,-0.7931532290296183
3403,-0.8247655019113497,0.06993096722688691,-0.4995698005007087
3404,0.7116909273175959,-0.8091666242446708,-0.5032355098925458
3405,-0.6933580441483478,0.06993096722688691,0.08255011990982734
3406,2.6221531978720085,-0.8091666242446708,-0.4098276645167709
3407,-0.40021833067703577,-0.8091666242446708,-0.5399618533517893
3408,-0.7438993740571946,-0.8091666242446708,-0.687881883505025
3410,2.025765504947615,-0.8091666242446708,-0.8084513558632316
3411,-0.5720588523671152,-0.3696178285088919,-0.5659296784665712
3412,0.5802834695545939,-0.3696178285088919,-0.7872587382190481
3413,-0.38000179871349704,-0.8091666242446708,-0.5539939179272774
3414,0.3983346818827451,-0.8091666242446708,-0.8116488781417786
3415,1.1261298325701403,1.3885773544342235,0.1928924888785286
3416,0.8633149170441365,0.5094797629626657,0.13273420838275765
3417,1.8741415152210745,-0.8091666242446708,-0.45911226167075964
3418,-0.6124919162941928,-0.8091666242446708,-0.6663098988108446
3419,-0.754007640038964,0.06993096722688691,-0.4212327628135092
3420,-0.23848607496872573,-0.3696178285088919,-0.014506875184967426
3421,-0.8247655019113497,0.5094797629626657,-0.4509852258794527
3422,-0.3496770007681889,0.9490285586984446,0.3274458522185728
3423,0.5802834695545939,-0.8091666242446708,-0.8585142576396352
3424,-0.10707861720572383,-0.3696178285088919,0.9254630585337494
3426,-0.2081612770234176,-0.8091666242446708,-0.8085981347813852
3427,-0.9258481617290435,0.5094797629626657,-0.08891851770205807
3428,2.015657238965846,-0.8091666242446708,-0.577790920478187
3429,-0.47097619254942147,1.3885773544342235,-0.26181806158784127
3430,-0.7438993740571946,1.3885773544342235,1.9881100593328789
3432,-0.4507596605858827,0.5094797629626657,-0.697808654646616
3433,-0.592275384330654,0.06993096722688691,-0.6712996293156676
3434,-0.4608679265676521,-0.3696178285088919,-0.5988089088453876
3436,-0.2789191388958033,3.146772537377339,2.6423006866940546
3437,-0.10707861720572383,0.9490285586984446,0.030463927200105833
3438,-0.11718688318749321,-0.8091666242446708,-0.8321128701819994
3439,-0.8753068318201965,1.3885773544342235,-0.39784222495902505
3440,2.7535606556350105,-0.8091666242446708,-0.6710851062814429
3441,-0.38000179871349704,-0.8091666242446708,-0.09647951376797262
3442,0.6510413314269795,0.9490285586984446,1.0000689008502432
3443,0.2871437560832819,-0.8091666242446708,-0.41972809072433415
3445,0.8532066510623671,-0.3696178285088919,-0.43057919269409256
3446,0.14562803233851063,-0.3696178285088919,-0.5640712315490258
3448,-0.18794474505987885,-0.8091666242446708,-0.206626177512469
3449,-0.17783647907810948,-0.3696178285088919,-0.2892295890873344
3450,-0.8247655019113497,0.9490285586984446,0.13531074293065462
3451,-0.8449820338748885,0.06993096722688691,-0.40490417270321716
3452,0.3579016179556676,-0.8091666242446708,-0.5756306358879257
3453,1.166562896497218,-0.8091666242446708,-0.6982467332638745
3454,-0.8955233637837353,-0.3696178285088919,-0.6366620627686105
3455,2.0055489729840765,-0.8091666242446708,-0.8059515979802149
3456,-0.32946046880465013,-0.3696178285088919,0.8092073809444582
3457,0.6409330654452102,-0.3696178285088919,0.07397446752765059
3458,0.42865947982805325,-0.8091666242446708,-0.8508253004655866
3459,2.713127591707933,-0.8091666242446708,-0.7397633384417321
3460,-0.8146572359295803,0.06993096722688691,-0.47629141679394205
3461,-0.41032659665880516,1.8281261501700024,0.211756967067075
3462,-0.9056316297655047,-0.3696178285088919,0.4212548933039678
3463,-0.41032659665880516,-0.3696178285088919,-0.5903341199249166
3464,1.0755885026612935,-0.3696178285088919,-0.7904374426875755
3465,1.29797035426022,0.06993096722688691,-0.8054487860964887
3466,0.6409330654452102,-0.8091666242446708,-0.005991439794853925
3467,-0.1677282130963401,1.3885773544342235,1.7869755205811404
3468,0.984614108825369,0.06993096722688691,-0.46260861077241955
3470,-0.9561729596743516,3.5863213331131174,0.3778512381373348
3471,0.7420157252629039,-0.8091666242446708,-0.8403799104798529
3472,-0.7742241720025028,-0.3696178285088919,0.7078779902627914
3473,0.6813661293722877,-0.8091666242446708,-0.12927368764549993
3474,1.9448993770934602,-0.8091666242446708,0.07057747646289483
3475,-0.35978526674995825,-0.8091666242446708,-0.8173521800025486
3476,-0.9864977576196597,-0.3696178285088919,-0.6302519639635008
3477,1.2069959604242955,-0.8091666242446708,-0.4695162524744501
3478,-0.7641159060207334,0.5094797629626657,2.6234188961202904
3479,0.610608267499902,0.06993096722688691,-0.3584271928041672
3480,-0.43054312862234395,-0.8091666242446708,-0.7492053627972156
3483,-0.47097619254942147,-0.3696178285088919,3.2574255404543395
3484,1.914574579148152,-0.8091666242446708,-0.7306374532945796
3485,-0.6832497781665784,-0.8091666242446708,-0.8014210220398726
3487,-0.7135745761118866,-0.8091666242446708,-0.7599285036588402
3488,-0.9460646936925823,1.3885773544342235,0.09623217321894897
3489,-0.04642902131510755,-0.3696178285088919,0.22723499216447676
3490,-0.9763894916378903,1.8281261501700024,0.6566461261279642
3491,0.014220574575508719,-0.8091666242446708,-0.5889227841734394
3492,0.9239645129347528,-0.8091666242446708,-0.8535313015464192
3493,1.5810018017497625,-0.8091666242446708,-0.7104218563466188
3494,-0.9561729596743516,2.70722374164156,0.28220106251961263
3495,-0.47097619254942147,-0.8091666242446708,-0.7981309161360286
3496,-0.4608679265676521,1.8281261501700024,-0.3585619283239083
3497,1.29797035426022,0.06993096722688691,-0.09448407319348387
3498,0.14562803233851063,0.9490285586984446,0.317455100522915
3499,-0.9561729596743516,-0.3696178285088919,-0.7614482299960309
3500,0.38822641590097573,-0.8091666242446708,-0.7647390886122757
3501,1.196887694442526,-0.8091666242446708,-0.6991274067727964
3502,-0.18794474505987885,-0.3696178285088919,0.7450883277957414
3503,-0.9561729596743516,1.8281261501700024,2.134891988336123
3504,-0.966281225656121,1.8281261501700024,-0.12833656070651905
3507,-0.14751168113280133,-0.3696178285088919,-0.696612594641764
3508,-0.9157398957472741,1.8281261501700024,1.0501438460250594
3509,-0.5316257884400377,1.3885773544342235,1.4935072570495516
3510,-0.8854150978019659,-0.3696178285088919,-0.48212192705044515
3512,-0.7641159060207334,0.06993096722688691,2.2315507985709013
3513,1.3485116841690667,-0.8091666242446708,-0.6857629980968071
3515,-0.06664555327864631,0.06993096722688691,2.502455755176472
3517,-0.8045489699478109,0.5094797629626657,0.038012127155206986
3518,2.288580420473619,-0.8091666242446708,-0.539813569008834
3519,0.8430983850805978,-0.3696178285088919,-0.8415473674134749
3520,0.18606109626558814,-0.8091666242446708,-0.8144956364415584
3521,-0.3496770007681889,-0.8091666242446708,-0.8443361668583942
3522,-0.8146572359295803,-0.3696178285088919,-0.6098632431633588
3523,-0.6226001822759621,-0.8091666242446708,-0.7760094513892729
3524,-0.7337911080754252,-0.3696178285088919,-0.6896394669608648
3525,0.18606109626558814,0.06993096722688691,-0.036979856622891195
3526,-0.2688108729140339,-0.3696178285088919,-0.3217113873185348
3527,-0.673141512184809,-0.3696178285088919,-0.7446702705824685
3528,-0.9561729596743516,0.9490285586984446,-0.23816633253028383
3529,-0.5215175224582683,-0.8091666242446708,-0.8351651189671943
3530,0.46909254375513076,-0.8091666242446708,-0.76615719877536
3532,-0.39011006469526643,-0.8091666242446708,-0.7203207771293806
3533,0.36800988393743694,-0.3696178285088919,-0.8292232072753746
3534,-0.17783647907810948,1.8281261501700024,1.978278129953787
3535,-0.7843324379842722,-0.8091666242446708,-0.6966562519610098
3536,0.0647619044843556,-0.3696178285088919,0.39402100593106054
3537,2.76366892161678,-0.8091666242446708,-0.8111596150812664
3538,-0.39011006469526643,-0.8091666242446708,-0.7602860420492145
3539,-0.6832497781665784,-0.8091666242446708,-0.7173317561858518
3540,-0.8045489699478109,-0.8091666242446708,-0.8356400804920914
3541,-0.6124919162941928,-0.8091666242446708,-0.6545299497385139
3542,1.035155438734216,-0.8091666242446708,-0.8506973393574527
3543,-0.24859434095049512,-0.8091666242446708,-0.7400335621936149
3544,-0.8955233637837353,1.3885773544342235,2.556142967162669
3545,-0.06664555327864631,-0.3696178285088919,-0.4631430365769789
3546,-0.8550902998566579,-0.8091666242446708,-0.6010693041849536
3547,-0.7438993740571946,-0.8091666242446708,0.17926914713666836
3548,1.6719761955856869,-0.3696178285088919,-0.7417617898658241
3549,-0.6327084482577315,-0.3696178285088919,-0.2148269791190533
3551,-0.7337911080754252,0.5094797629626657,-0.20592464955493456
3552,-0.8753068318201965,1.3885773544342235,0.010693183281010888
3553,-0.8247655019113497,1.3885773544342235,0.6328190150810232
3554,0.09508670242966374,-0.3696178285088919,-0.38955486142635015
3555,-0.6933580441483478,2.2676749459057812,2.495958341732871
3556,2.0864151008382312,-0.3696178285088919,0.23418328033614985
3557,2.7030193257261637,-0.8091666242446708,-0.6360832269324046
3558,-0.8955233637837353,0.06993096722688691,0.11682864264170847
3559,-0.23848607496872573,-0.3696178285088919,-0.6996588217277526
3560,-0.7337911080754252,-0.3696178285088919,-0.17673822621438373
3561,1.6315431316586093,-0.8091666242446708,-0.8471370097017259
3562,0.7217991932993653,-0.8091666242446708,-0.6454703032826307
3567,-0.8247655019113497,-0.3696178285088919,-0.7444640273846527
3569,-0.7135745761118866,0.5094797629626657,3.9278544324377127
3570,-0.7034663101301172,2.70722374164156,1.7550808380225547
3571,-0.8854150978019659,0.9490285586984446,1.4306926544914
3572,-0.43054312862234395,-0.8091666242446708,-0.8508591725236221
3573,2.652477995817317,-0.8091666242446708,-0.7979306946374191
3574,2.0864151008382312,-0.8091666242446708,-0.8524586863752964
3575,-0.9561729596743516,0.5094797629626657,0.3248610378342671
3576,-0.6933580441483478,0.5094797629626657,-0.5417450290292558
3577,-0.8753068318201965,0.9490285586984446,-0.4321674158597551
3578,-0.5619505863853459,0.9490285586984446,-0.5765248582200617
3579,-0.9763894916378903,2.70722374164156,1.299357889377125
3580,-0.5316257884400377,-0.3696178285088919,-0.39850762272132156
3581,-0.5518423204035765,-0.3696178285088919,-0.825190174231953
3582,-0.5417340544218071,-0.3696178285088919,-0.6536334692691755
3583,2.126848164765309,-0.8091666242446708,-0.5113670619582575
3584,2.713127591707933,0.06993096722688691,-0.6799776505843512
3585,0.822881853117059,-0.3696178285088919,-0.8599180662671045
3586,0.6611495974087489,0.9490285586984446,0.11566419655768964
3587,-0.5720588523671152,-0.8091666242446708,-0.5585613767752584
3588,-0.8045489699478109,-0.3696178285088919,-0.4705580064371406
3589,0.09508670242966374,-0.8091666242446708,-0.571338669778633
3590,-0.8854150978019659,2.70722374164156,1.3953753886464317
3591,-0.9864977576196597,-0.3696178285088919,-0.7575416526359416
3593,-0.9763894916378903,0.06993096722688691,-0.16989682320362237
3594,-0.8449820338748885,0.5094797629626657,0.8309464677916137
3595,-0.8753068318201965,0.9490285586984446,-0.28049360896378994
3596,2.6828027937626246,-0.8091666242446708,-0.6744828500585995
3597,-0.8854150978019659,1.3885773544342235,1.3559016449243126
3599,-0.2587026069322645,0.5094797629626657,0.36227385500302905
3600,-0.8348737678931191,0.5094797629626657,2.0800576426511252
3601,-0.6933580441483478,0.06993096722688691,-0.48220465014329167
3602,-0.35978526674995825,2.70722374164156,0.0694581931229233
3603,2.3593382823460045,-0.8091666242446708,-0.8554206096723969
3606,-0.7742241720025028,-0.8091666242446708,-0.42786190092724824
3607,0.9239645129347528,0.5094797629626657,0.9401221325390938
3608,-0.8753068318201965,0.06993096722688691,-0.6749450154726834
3609,1.8741415152210745,-0.8091666242446708,-0.8271148598407676
3610,-0.7843324379842722,0.06993096722688691,-0.6367109890746617
3611,2.157172962710617,-0.3696178285088919,-0.543050232332222
3612,-0.6327084482577315,0.9490285586984446,-0.5905049856398955
3613,-0.6832497781665784,0.06993096722688691,0.5560890183695057
3615,-0.7742241720025028,1.8281261501700024,2.6595347898224944
3616,-0.3092439368411114,-0.3696178285088919,0.026864456499538236
3617,-0.8854150978019659,1.3885773544342235,2.106663767881775
3619,1.62143486567684,0.06993096722688691,-0.8117730756879086
3621,-0.4507596605858827,0.06993096722688691,-0.3828519574973339
3622,-0.6832497781665784,-0.8091666242446708,-0.7741224014004977
3623,-0.3193522028228808,-0.8091666242446708,-0.7451181344609373
3624,-0.592275384330654,-0.3696178285088919,-0.7528898899990725
3626,-0.8955233637837353,-0.8091666242446708,-0.8636025934689613
3627,-0.2890274048775726,0.06993096722688691,0.39561374537112776
3629,-0.2789191388958033,1.8281261501700024,1.1685470120937982
3630,-0.09697035122395445,-0.8091666242446708,-0.7737099150048657
3631,0.044545372520816855,-0.8091666242446708,-0.5991521457001469
3632,-0.7843324379842722,-0.8091666242446708,-0.7848839305945623
3635,-0.43054312862234395,-0.8091666242446708,-0.6956385847951444
3636,-0.12729514916926257,-0.8091666242446708,-0.6686199731688626
3637,-0.5316257884400377,-0.3696178285088919,-0.4052398824339686
3638,0.45898427777336137,-0.8091666242446708,-0.6781304943528178
3639,-0.9258481617290435,1.8281261501700024,2.1727903050033937
3640,-0.47097619254942147,-0.8091666242446708,-0.34496417880367475
3641,1.196887694442526,0.06993096722688691,0.17097049291798158
3642,0.7925570551717509,-0.8091666242446708,-0.8338252908937919
3644,-0.12729514916926257,-0.8091666242446708,-0.7984553351807682
3646,-0.9763894916378903,3.5863213331131174,2.0909245515813004
3647,-0.5215175224582683,-0.8091666242446708,-0.1502683419282763
3648,0.37811814991920634,-0.3696178285088919,0.12033327157977705
3650,-0.7742241720025028,-0.3696178285088919,-0.4140579082091988
3651,-0.9157398957472741,3.146772537377339,1.5251354794182588
3652,-0.592275384330654,-0.3696178285088919,1.65504310182064
3655,0.8633149170441365,-0.8091666242446708,-0.7989739540249111
3656,-0.7641159060207334,-0.8091666242446708,-0.5571635898469952
3657,-0.966281225656121,2.2676749459057812,1.1865496345834428
3658,-0.9056316297655047,0.5094797629626657,-0.5338279999977686
3659,-0.7742241720025028,0.06993096722688691,0.30274634749911844
3660,-0.8247655019113497,0.9490285586984446,0.9824862918802386
3661,-0.7034663101301172,-0.8091666242446708,0.05638282600883668
3662,-0.10707861720572383,1.8281261501700024,3.221411262926241
3664,-0.673141512184809,-0.3696178285088919,-0.1580002037091696
3665,-0.9864977576196597,0.06993096722688691,-0.4614765313216345
3666,-0.7843324379842722,1.8281261501700024,-0.31377779861423033
3667,-0.7843324379842722,-0.8091666242446708,-0.798526842858843
3668,-0.5215175224582683,-0.8091666242446708,-0.41798179795450624
3669,-0.5518423204035765,0.06993096722688691,-0.5614028660882328
3670,0.6712578633905183,-0.8091666242446708,-0.6922340666063808
3671,-0.18794474505987885,0.5094797629626657,-0.22784739822788241
3672,1.9448993770934602,-0.8091666242446708,0.1867360541524843
3673,0.8734231830259059,-0.8091666242446708,-0.49275549513637584
3674,2.723235857689702,-0.8091666242446708,-0.6303972374568528
3675,-0.8247655019113497,2.70722374164156,1.031729489852184
3677,-0.7641159060207334,1.3885773544342235,0.50050196028372
3679,-0.005995957388030038,1.3885773544342235,-0.2853975302549232
3680,-0.9864977576196597,-0.3696178285088919,-0.22246851541185197
3682,-0.8247655019113497,-0.8091666242446708,-0.7702655030588603
3684,0.984614108825369,-0.3696178285088919,-0.6019876133139149
3685,0.6005000015181327,-0.3696178285088919,0.29168072249513544
3686,-0.38000179871349704,1.8281261501700024,1.2014939865886858
3687,-0.6832497781665784,-0.8091666242446708,-0.8280858588377841
3688,-0.8854150978019659,-0.8091666242446708,-0.7651289936358838
3690,-0.966281225656121,1.8281261501700024,0.9879080793031139
3691,0.1153032343932025,-0.8091666242446708,-0.670087762350399
3692,1.6719761955856869,-0.8091666242446708,-0.8296221448477922
3693,-0.5518423204035765,-0.3696178285088919,-0.48877816281061254
3694,1.378836482114375,-0.8091666242446708,1.7241210242657476
3695,-0.6832497781665784,-0.3696178285088919,-0.6050616907587327
3696,1.5102439398773768,-0.3696178285088919,-0.37634400608012175
3697,-0.5518423204035765,-0.3696178285088919,0.5918910310005818
3698,1.7124092595127645,-0.8091666242446708,-0.43528740876102096
3699,-0.18794474505987885,-0.8091666242446708,-0.5744978037247399
3700,0.24671069215620442,-0.3696178285088919,-0.5221617104979569
3701,-0.4911927245129602,-0.8091666242446708,-0.7527145080096889
3702,1.146346364533679,-0.3696178285088919,-0.45800803257880385
3703,2.6828027937626246,-0.8091666242446708,-0.8043566004029454
3704,1.8033836533486889,-0.8091666242446708,-0.6378302724146334
3705,-0.754007640038964,-0.3696178285088919,-0.3826110895290818
3707,0.15573629832028002,-0.3696178285088919,-0.2856850663920242
3708,-0.7843324379842722,-0.8091666242446708,-0.8175110023191149
3709,0.38822641590097573,-0.8091666242446708,-0.8299977483357853
3710,-0.7337911080754252,-0.8091666242446708,-0.7342482146811591
3711,1.014938906770677,0.06993096722688691,-0.10377931863081367
3712,-0.7337911080754252,-0.3696178285088919,-0.6003489584173997
3713,0.9947223748071384,-0.8091666242446708,-0.3570858593059632
3715,0.8835314490076752,0.06993096722688691,0.8928826549780458
3717,-0.43054312862234395,-0.8091666242446708,-0.6470675589971026
3720,-0.5518423204035765,-0.3696178285088919,0.04469922412380674
3721,2.0864151008382312,-0.8091666242446708,-0.6972057320135848
3722,-0.6933580441483478,0.9490285586984446,-0.6657077288902142
3723,-0.8550902998566579,-0.8091666242446708,-0.8233279637524037
3724,-0.38000179871349704,-0.3696178285088919,-0.7222138488173622
3726,-0.6933580441483478,-0.3696178285088919,-0.4980779245223471
3727,-0.24859434095049512,-0.3696178285088919,-0.5128167860421751
3728,-0.6630332462030396,-0.3696178285088919,0.4146724233590775
3730,1.490027407913838,-0.3696178285088919,-0.029201326673148845
3731,-0.9864977576196597,0.06993096722688691,-0.637409506182593
3732,0.6510413314269795,-0.3696178285088919,-0.2681521364404715
3733,-0.7843324379842722,-0.8091666242446708,-0.8303831370849887
3734,-0.2890274048775726,-0.8091666242446708,-0.8015602738340183
3735,-0.11718688318749321,0.5094797629626657,0.1481557800501003
3736,-0.43054312862234395,-0.3696178285088919,-0.29953798541612475
3737,1.6719761955856869,0.06993096722688691,-0.09525485069189067
3738,-0.8045489699478109,0.5094797629626657,0.09654605429007768
3739,0.46909254375513076,-0.8091666242446708,-0.8503857164235264
3740,1.8033836533486889,-0.3696178285088919,-0.756709905433071
3741,0.8734231830259059,-0.8091666242446708,-0.812779452167762
3742,-0.7337911080754252,0.06993096722688691,-0.3724908713004884
3743,-0.7337911080754252,0.06993096722688691,-0.23717199944884293
3744,-0.8854150978019659,-0.3696178285088919,-0.4954660124916131
3745,-0.8550902998566579,0.06993096722688691,-0.15571496886037747
3746,-0.6630332462030396,1.3885773544342235,-0.06493333705095151
3747,-0.9157398957472741,3.146772537377339,1.333711683349085
3749,-0.38000179871349704,0.06993096722688691,-0.6747041475044312
3750,-0.8449820338748885,-0.8091666242446708,-0.7560159045995446
3751,2.723235857689702,-0.8091666242446708,-0.8541899248971085
3752,-0.7034663101301172,-0.8091666242446708,-0.8194394514899334
3753,0.4994173417004389,-0.8091666242446708,-0.5527286083815529
3754,-0.6832497781665784,0.5094797629626657,2.0004304559089747
3755,-0.7337911080754252,0.06993096722688691,-0.7759906335792532
3756,1.166562896497218,-0.3696178285088919,-0.6119986882443941
3757,1.2474290243513728,-0.8091666242446708,-0.8432372067532438
3758,-0.9157398957472741,-0.3696178285088919,-0.15973370036818405
3759,1.7225175254945337,-0.8091666242446708,-0.6860437598223009
3760,0.8026653211535202,-0.8091666242446708,-0.8072643284071891
3761,-0.9056316297655047,1.8281261501700024,-0.3271979080078778
3762,2.0661985688746927,-0.8091666242446708,-0.7012538193050221
3764,1.8438167172757665,-0.3696178285088919,-0.6185796527644828
3765,0.1153032343932025,1.3885773544342235,-0.366594122352716
3766,1.166562896497218,-0.8091666242446708,-0.7971252923685759
3767,-0.8753068318201965,-0.3696178285088919,-0.7660917127964915
3769,-0.1677282130963401,0.5094797629626657,0.21119092734168246
3770,0.984614108825369,-0.8091666242446708,-0.7838527146054828
3772,-0.17783647907810948,0.06993096722688691,0.42527588294897667
3773,1.5810018017497625,-0.8091666242446708,-0.7500747456201255
3774,1.6719761955856869,-0.8091666242446708,-0.8338553993898233
3775,-0.673141512184809,0.5094797629626657,2.1977946582451664
3777,-0.966281225656121,-0.3696178285088919,-0.781349945872863
3778,2.7838854535803184,-0.8091666242446708,-0.8318945835857708
3779,-0.5417340544218071,1.3885773544342235,3.6044523021515906
3780,-0.13740341515103197,-0.3696178285088919,1.039687165353314
3781,-0.9561729596743516,1.8281261501700024,3.677280237777423
3782,-0.4507596605858827,0.5094797629626657,0.6989267343926215
3783,-0.8247655019113497,-0.8091666242446708,-0.38043575069080476
3784,0.14562803233851063,-0.8091666242446708,-0.8493763290940699
3785,-0.8348737678931191,-0.8091666242446708,-0.6380342574752469
3786,0.09508670242966374,2.2676749459057812,0.8982585269444728
3787,1.5607852697862237,0.06993096722688691,0.27073574723081134
3788,-0.41032659665880516,0.5094797629626657,-0.6046875926955412
3789,1.2878620882784504,-0.8091666242446708,-0.7725243929736249
3790,2.773777187598549,-0.8091666242446708,-0.8182253263874626
3791,-0.8753068318201965,-0.8091666242446708,-0.6174776818097293
3792,-0.13740341515103197,-0.3696178285088919,-0.758090379976116
3793,-0.6124919162941928,1.3885773544342235,0.05725145611934585
3794,0.7824487891899815,0.9490285586984446,-0.15910292737632384
3797,-0.7641159060207334,0.06993096722688691,-0.5322337551328998
3798,-0.966281225656121,-0.3696178285088919,3.0665384283269272
3799,0.9643975768618303,-0.8091666242446708,-0.4640598402811385
3800,-0.8045489699478109,2.2676749459057812,0.9683721816530647
3801,-0.592275384330654,0.06993096722688691,2.235980511049538
3802,1.3586199501508363,-0.3696178285088919,0.010216716331312013
3803,-0.5417340544218071,1.3885773544342235,-0.2931843400410741
3804,-0.2587026069322645,-0.3696178285088919,-0.4366776685652762
3805,-0.1677282130963401,0.5094797629626657,2.1469888293291852
3806,1.409161280059683,-0.8091666242446708,-0.635776872985284
3807,0.15573629832028002,-0.8091666242446708,0.559590636457971
3808,-0.754007640038964,-0.3696178285088919,-0.30523677100248997
3809,-0.8955233637837353,0.5094797629626657,-0.5561971071243835
3810,-0.8449820338748885,0.06993096722688691,-0.15128826723134384
3811,-0.39011006469526643,0.06993096722688691,0.039448302415910304
3813,-0.7641159060207334,0.9490285586984446,-0.39581441775130244
3815,-0.3395687347864195,0.06993096722688691,0.38623193800770733
3816,-0.9056316297655047,-0.3696178285088919,-0.629580544501998
3817,-0.6933580441483478,2.70722374164156,1.5184739746712856
3818,-0.9864977576196597,3.146772537377339,1.057622796439288
3819,2.0864151008382312,-0.3696178285088919,-0.6894663431086836
3820,-0.7843324379842722,-0.8091666242446708,-0.4825314025964737
3821,0.0647619044843556,-0.3696178285088919,-0.5058948428045296
3822,0.3579016179556676,1.3885773544342235,0.6915381094664875
3823,-0.9763894916378903,0.06993096722688691,0.5725041704058884
3824,-0.32946046880465013,-0.8091666242446708,-0.7790692272984757
3825,-0.9157398957472741,0.06993096722688691,-0.43001164754389853
3826,2.773777187598549,-0.8091666242446708,-0.7928611766181125
3827,2.0055489729840765,-0.3696178285088919,-0.17438223639991748
3829,0.1153032343932025,-0.3696178285088919,-0.3516542866218777
3830,0.3073602880468207,-0.8091666242446708,2.30564554916726
3831,0.14562803233851063,0.06993096722688691,3.062288614112078
3832,-0.2789191388958033,0.5094797629626657,0.5608694948269098
3834,-0.9864977576196597,-0.3696178285088919,-0.11763449579211661
3835,-0.4608679265676521,0.5094797629626657,1.3785304378291992
3836,-0.8854150978019659,1.8281261501700024,1.949942271626126
3837,-0.9561729596743516,-0.8091666242446708,1.2136691096714298
3839,-0.9763894916378903,0.9490285586984446,0.41374809253091005
3841,1.4192695460414524,-0.8091666242446708,-0.5743352178461697
3842,0.5903917355363633,0.9490285586984446,1.7617957853499835
3843,-0.8045489699478109,-0.3696178285088919,-0.727956291722973
3844,1.3586199501508363,0.9490285586984446,1.496561011259548
3845,-0.9561729596743516,1.3885773544342235,0.9564334102641677
3846,-0.7843324379842722,0.06993096722688691,0.2915068459305535
3848,-0.40021833067703577,-0.3696178285088919,0.5480899436863326
3849,-0.43054312862234395,-0.8091666242446708,-0.6177584435352231
3850,-0.7034663101301172,-0.8091666242446708,-0.728712767685765
3851,-0.754007640038964,-0.3696178285088919,-0.5416396492931456
3852,-0.9763894916378903,2.2676749459057812,1.596457237530115
3853,-0.9561729596743516,0.06993096722688691,-0.6048501785741113
3854,-0.673141512184809,2.2676749459057812,2.1513395070057397
3855,0.4893090757186695,-0.3696178285088919,2.169863006476729
3856,-0.6933580441483478,0.06993096722688691,2.8294791848227847
3858,0.13551976635674126,-0.3696178285088919,-0.27400673349379984
3859,-0.8247655019113497,3.146772537377339,3.0408581393492464
3860,-0.8045489699478109,-0.3696178285088919,0.28604516475043645
3861,-0.4507596605858827,-0.8091666242446708,-0.5687779421911525
3862,-0.07675381926041569,-0.3696178285088919,-0.5031067960720111
3864,-0.8753068318201965,1.3885773544342235,0.2366860490687695
3865,-0.6124919162941928,-0.3696178285088919,-0.51968077042496
3866,0.07487017046612499,0.5094797629626657,-0.48107038782654443
3867,-0.40021833067703577,-0.8091666242446708,-0.7123217024462075
3868,-0.8146572359295803,0.5094797629626657,0.3505571337723645
3869,-0.39011006469526643,0.5094797629626657,-0.19008682792995643
3870,1.3080786202419894,-0.8091666242446708,1.4941523315770269
3872,-0.42043486264057456,-0.8091666242446708,-0.5502386357597465
3873,1.833708451293997,-0.8091666242446708,-0.5486421327576754
3874,-0.966281225656121,1.8281261501700024,1.0351851924842013
3875,1.9853324410205377,-0.8091666242446708,-0.5618642787899157
3876,-0.9763894916378903,-0.3696178285088919,1.916523346455945
3877,-0.8854150978019659,-0.8091666242446708,-0.40376682426562666
3878,-0.6832497781665784,1.8281261501700024,-0.29981122001761074
3879,-0.592275384330654,-0.3696178285088919,-0.014083850815724563
3880,1.3485116841690667,-0.8091666242446708,-0.46452200569522234
3881,-0.8146572359295803,1.8281261501700024,3.3195235608069407
3882,1.6012183337133012,-0.3696178285088919,-0.6374102588949937
3883,-0.9157398957472741,2.2676749459057812,0.7451598354738163
3884,0.6308247994634408,0.06993096722688691,-0.4586854737395129
3885,-0.966281225656121,2.2676749459057812,3.169058610026641
3886,-0.6832497781665784,2.70722374164156,1.9948302756471132
3888,-0.7438993740571946,1.3885773544342235,0.4283206046101638
3889,-0.5720588523671152,-0.3696178285088919,-0.6797563531385197
3890,-0.3496770007681889,2.70722374164156,0.16526192207040624
3891,-0.14751168113280133,-0.8091666242446708,-0.3232868143733839
3892,-0.8348737678931191,-0.8091666242446708,0.16158341656775568
3893,0.14562803233851063,-0.3696178285088919,-0.6132542125289083
3894,0.08497843644789436,0.06993096722688691,1.233869652371375
3895,0.6510413314269795,-0.8091666242446708,-0.6925788088859415
3896,0.8430983850805978,-0.8091666242446708,-0.6993765545774572
3897,-0.42043486264057456,-0.8091666242446708,-0.7579466119075655
3898,0.014220574575508719,0.5094797629626657,-0.7111896229954225
3900,-0.8854150978019659,0.06993096722688691,-0.476674547405943
3902,-0.35978526674995825,0.5094797629626657,0.5942537952266548
3903,-0.7034663101301172,-0.3696178285088919,-0.6050360985371059
3904,-0.9056316297655047,0.9490285586984446,0.23662884292630976
3905,-0.06664555327864631,-0.8091666242446708,-0.7540227221622582
3906,1.9246828451299214,0.06993096722688691,-0.8512054202279846
3907,-0.6124919162941928,0.06993096722688691,-0.41741199466710976
3908,-0.14751168113280133,-0.8091666242446708,-0.8387653423801629
3909,-0.8247655019113497,-0.3696178285088919,-0.6792136474975515
3910,-0.5316257884400377,-0.8091666242446708,-0.7773342252146597
3911,-0.7641159060207334,0.5094797629626657,1.3324358358297497
3912,-0.8045489699478109,1.8281261501700024,0.8745495917444555
3913,-0.2688108729140339,-0.3696178285088919,-0.7959676206961642
3914,-0.7135745761118866,-0.8091666242446708,-0.8432304323416366
3915,0.5196338736639776,-0.3696178285088919,-0.5657016066091325
3916,-0.6630332462030396,0.9490285586984446,0.054993318916982135
3917,-0.7742241720025028,-0.3696178285088919,-0.70231213294053
3918,2.0055489729840765,-0.8091666242446708,-0.39019541967942073
3919,2.0661985688746927,0.06993096722688691,-0.7482072661537709
3920,-0.8146572359295803,-0.3696178285088919,0.14531278531232436
3921,0.4994173417004389,-0.8091666242446708,-0.8123662130597296
3922,0.8835314490076752,-0.8091666242446708,-0.8102270044166903
3923,-0.17783647907810948,-0.3696178285088919,-0.639769259559063
3924,-0.9258481617290435,-0.8091666242446708,-0.1484001097495206
3925,2.0055489729840765,-0.8091666242446708,-0.6929551650863356
3926,-0.8550902998566579,1.3885773544342235,-0.14949304815546466
3927,0.044545372520816855,-0.3696178285088919,-0.727190030498971
3928,2.258255622528311,-0.3696178285088919,-0.7718206068788883
3929,-0.9460646936925823,0.5094797629626657,-0.7788516934146481
3930,-0.6832497781665784,0.9490285586984446,-0.3126570098494571
3931,1.196887694442526,-0.8091666242446708,-0.774887909912099
3932,-0.7438993740571946,3.146772537377339,0.34988646702326254
3933,-0.11718688318749321,0.06993096722688691,-0.12791052548767312
3934,-0.9157398957472741,2.2676749459057812,1.7829500146617263
3935,-0.7135745761118866,-0.8091666242446708,-0.8013389763881867
3936,-0.8753068318201965,0.06993096722688691,-0.7952788888494433
3938,-0.6832497781665784,0.06993096722688691,-0.6787033084898173
3939,0.8633149170441365,0.5094797629626657,-0.7336445393357273
3941,2.076306834856462,-0.3696178285088919,-0.7948159707229587
3942,-0.8955233637837353,2.2676749459057812,0.45707045475825786
3943,-0.9561729596743516,0.5094797629626657,-0.6330783990284593
3944,-0.8854150978019659,-0.3696178285088919,2.744711725095654
3945,-0.7034663101301172,-0.8091666242446708,1.560758346497947
3946,-0.9864977576196597,0.06993096722688691,-0.8492852508935747
3947,-0.8550902998566579,0.06993096722688691,-0.7372808929439336
3948,2.773777187598549,-0.8091666242446708,-0.8290598686844035
3950,-0.8955233637837353,-0.8091666242446708,-0.7970515265532987
3951,-0.5720588523671152,-0.8091666242446708,-0.10246809362864115
3952,-0.43054312862234395,0.9490285586984446,3.5661580587615056
3953,-0.42043486264057456,-0.3696178285088919,-0.75142586437954
3954,1.3687282161326055,0.5094797629626657,2.415914905033085
3955,-0.8955233637837353,-0.8091666242446708,-0.8165686063933284
3956,1.6012183337133012,-0.8091666242446708,-0.6175890832450459
3958,2.632261463853778,-0.8091666242446708,-0.6871028261702095
3959,-0.4911927245129602,-0.3696178285088919,0.9833443840171366
3961,-0.19805301104164824,-0.8091666242446708,-0.8185053354005556
3963,1.409161280059683,-0.8091666242446708,-0.6679169397865267
3964,-0.5215175224582683,-0.8091666242446708,-0.7980458596347396
3965,0.9340727789165222,0.5094797629626657,-0.575345357888027
3966,0.529742139645747,-0.3696178285088919,-0.7852896425785869
3968,0.17595283028381878,0.5094797629626657,-0.6930763517828623
3970,-0.41032659665880516,1.3885773544342235,-0.13345726316907922
3971,-0.754007640038964,0.06993096722688691,-0.6209341371541472
3972,-0.5619505863853459,0.06993096722688691,-0.05960488596577388
3973,-0.005995957388030038,0.5094797629626657,-0.16530979383322097
3974,-0.9157398957472741,-0.8091666242446708,-0.6933872220043878
3977,-0.9561729596743516,0.5094797629626657,0.5139883083686366
3978,-0.7843324379842722,3.146772537377339,1.6124523760468579
3979,-0.7843324379842722,0.06993096722688691,-0.3183964419054649
3980,-0.9460646936925823,1.8281261501700024,2.711718835144319
3981,-0.7843324379842722,-0.3696178285088919,-0.6599916309186309
3983,0.2163858942108963,-0.3696178285088919,1.7198832534493116
3984,-0.5316257884400377,2.2676749459057812,-0.681348339866186
3985,-0.7742241720025028,-0.8091666242446708,-0.7570260446414019
3986,-0.9561729596743516,0.06993096722688691,-0.19284175531684017
3988,-0.6630332462030396,0.5094797629626657,0.2522318182822421
3989,-0.8247655019113497,-0.8091666242446708,-0.5378497423551784
3991,2.27847215449185,-0.8091666242446708,-0.8073621810192915
3993,-0.6832497781665784,-0.3696178285088919,0.22007218095857906
3994,1.78316712138515,-0.3696178285088919,-0.6282256621805797
3995,-0.8449820338748885,-0.3696178285088919,-0.748820726760413
3996,0.7723405232082121,0.06993096722688691,-0.7576410106728456
3998,-0.2587026069322645,0.06993096722688691,-0.06864496189923663
4000,-0.8955233637837353,0.9490285586984446,-0.6332327050706209
4001,-0.9763894916378903,3.5863213331131174,-0.5218124519439913
4002,-0.966281225656121,2.2676749459057812,0.799462766203858
4003,-0.10707861720572383,-0.3696178285088919,-0.8332871015272284
4004,0.5903917355363633,-0.3696178285088919,-0.816328491137477
4005,0.8430983850805978,-0.8091666242446708,0.02352843513924613
4006,-0.6933580441483478,-0.8091666242446708,-0.7491195535835259
4009,-0.9056316297655047,0.9490285586984446,-0.43373079951619153
4010,2.773777187598549,-0.8091666242446708,-0.8076308993463728
4011,2.662586261799086,-0.8091666242446708,-0.6916642633189843
4012,-0.8854150978019659,-0.8091666242446708,-0.8487824390098483
4014,0.8936397149894446,-0.8091666242446708,-0.6786822325425953
4015,1.6719761955856869,-0.3696178285088919,-0.8059282638957905
4016,0.37811814991920634,0.06993096722688691,0.37397326384847546
4017,-0.24859434095049512,-0.8091666242446708,1.6906644634755266
4019,-0.8449820338748885,1.3885773544342235,-0.4997767964109254
4020,0.8127735871352896,-0.8091666242446708,-0.7436240003453733
4021,0.6510413314269795,-0.3696178285088919,0.14834772171230115
4022,-0.9056316297655047,-0.3696178285088919,0.5256824482272776
4023,-0.9157398957472741,-0.8091666242446708,0.45837189449922017
4024,-0.18794474505987885,0.06993096722688691,-0.08259949709744369
4025,2.6120449318902392,-0.8091666242446708,-0.6026635490498224
4026,1.0958050346248323,-0.8091666242446708,-0.5176221020088051
4030,1.7124092595127645,-0.8091666242446708,-0.8172851885988784
4031,-0.5720588523671152,-0.8091666242446708,-0.6615708215354839
4032,-0.6327084482577315,0.9490285586984446,-0.392668079916009
4033,-0.43054312862234395,-0.8091666242446708,-0.8408797115139761
4036,-0.40021833067703577,-0.8091666242446708,-0.830364319274969
4037,2.3593382823460045,0.06993096722688691,-0.6467032461951212
4039,-0.9864977576196597,1.3885773544342235,-0.49232870720512906
4040,-0.9056316297655047,-0.3696178285088919,0.23888999097827668
4041,-0.8550902998566579,0.5094797629626657,0.2532479800233058
4042,0.7824487891899815,-0.8091666242446708,-0.8086764168710672
4043,-0.966281225656121,2.70722374164156,-0.10018436420465063
4045,2.6828027937626246,-0.8091666242446708,0.13725725719909218
4046,1.3080786202419894,-0.8091666242446708,-0.49722735950945685
4047,0.6005000015181327,-0.3696178285088919,-0.8524436321272806
4049,0.8734231830259059,0.06993096722688691,-0.5280742664061459
4050,0.08497843644789436,0.5094797629626657,-0.6909514446754381
4051,-0.9157398957472741,-0.8091666242446708,-0.6960345115179589
4053,1.29797035426022,0.9490285586984446,1.8831111956973707
4054,-0.9258481617290435,-0.3696178285088919,-0.8231405383646075
4055,-0.9056316297655047,0.5094797629626657,0.034697934454537935
4057,0.8633149170441365,-0.8091666242446708,-0.812765150632147
4058,-0.8247655019113497,0.06993096722688691,-0.21050415180132834
4060,-0.9157398957472741,-0.8091666242446708,-0.8022911575751834
4061,-0.6327084482577315,-0.8091666242446708,1.5780489030564462
4063,-0.7034663101301172,-0.8091666242446708,-0.7993616009113168
4064,-0.5316257884400377,-0.8091666242446708,-0.3786578440001437
4065,2.1976060266376947,-0.8091666242446708,-0.7480860794572439
4066,-0.6832497781665784,-0.8091666242446708,-0.6963363491906749
4067,-0.7135745761118866,0.5094797629626657,-0.33325347927221655
4068,-0.8753068318201965,0.5094797629626657,0.024716968020090296
4069,0.24671069215620442,1.3885773544342235,-0.8197917208935022
4070,-0.8449820338748885,-0.8091666242446708,-0.5756073018035013
4071,-0.8348737678931191,0.06993096722688691,0.15560010569389265
4072,1.29797035426022,-0.8091666242446708,-0.8086711478842616
4073,-0.7438993740571946,-0.8091666242446708,-0.7763858075896669
4074,1.5607852697862237,-0.8091666242446708,-0.7436729266514245
4075,-0.754007640038964,1.8281261501700024,2.726856634236564
4076,-0.8146572359295803,-0.3696178285088919,-0.6405912215007235
4077,-0.8449820338748885,0.06993096722688691,-0.4011406106992777
4078,-0.8348737678931191,0.06993096722688691,0.5997041857207602
4079,-0.9763894916378903,-0.3696178285088919,-0.7883170518545559
4080,1.0250471727524466,-0.8091666242446708,-0.44067457141345995
4081,-0.13740341515103197,0.5094797629626657,-0.29870247465125016
4082,-0.8854150978019659,0.5094797629626657,-0.8393637487387893
4083,-0.8753068318201965,-0.8091666242446708,-0.2627664792128341
4084,-0.8247655019113497,0.06993096722688691,-0.15209442221258776
4085,-0.7135745761118866,-0.8091666242446708,-0.7695052635340647
4087,0.8026653211535202,1.8281261501700024,-0.10434008936940073
4088,-0.9056316297655047,-0.3696178285088919,-0.7910930551886617
4089,2.632261463853778,-0.8091666242446708,-0.8168177541979892
4090,-0.5316257884400377,-0.3696178285088919,-0.7167070048931978
4091,-0.3193522028228808,-0.8091666242446708,0.377548647752218
4092,-0.6428167142395009,-0.3696178285088919,-0.3511108282685088
4093,0.8127735871352896,-0.8091666242446708,-0.7003219613528467
4094,0.46909254375513076,-0.3696178285088919,-0.7173001422650187
4095,-0.7843324379842722,0.5094797629626657,-0.5392091409510014
4096,-0.8449820338748885,1.3885773544342235,0.24845395474268775
4098,1.2171042264060647,-0.8091666242446708,-0.1145860105689256
4099,1.8134919193304582,-0.8091666242446708,0.03749802458546885
4100,-0.8550902998566579,-0.8091666242446708,-0.5669217534108096
4101,-0.8854150978019659,-0.8091666242446708,-0.5857598866653285
4102,-0.7843324379842722,-0.3696178285088919,2.405214345543484
4103,-0.7843324379842722,2.2676749459057812,-0.17814579840385703
4104,-0.42043486264057456,2.70722374164156,-0.8552512493822195
4105,0.9441810448982916,-0.8091666242446708,-0.7881612403875927
4106,-0.8955233637837353,0.5094797629626657,-0.5208399475221733
4108,0.7925570551717509,-0.8091666242446708,-0.8273256193129883
4109,-0.9763894916378903,-0.8091666242446708,-0.7921619067977805
4110,-0.7641159060207334,2.2676749459057812,0.07216645234095814
4111,1.8842497812028438,-0.8091666242446708,-0.8340074472947826
4112,-0.8247655019113497,-0.3696178285088919,-0.8166679644302324
4113,0.3073602880468207,-0.8091666242446708,-0.80912804431154
4114,-0.2587026069322645,-0.3696178285088919,-0.4519434287656557
4115,-0.7034663101301172,-0.8091666242446708,-0.5319251430485769
4118,0.6308247994634408,-0.3696178285088919,-0.6431858211462393
4119,-0.7135745761118866,-0.8091666242446708,-0.7482230731141875
4120,-0.966281225656121,1.3885773544342235,1.8172074614463856
4121,1.5708935357679932,-0.8091666242446708,-0.6885969602857737
4122,-0.7034663101301172,0.06993096722688691,0.3412054349049756
4123,0.7925570551717509,-0.3696178285088919,1.5883166529155937
4124,-0.5518423204035765,-0.3696178285088919,0.14382090933396274
4126,-0.7742241720025028,0.06993096722688691,0.24051359162677616
4127,-0.7337911080754252,-0.3696178285088919,-0.603747454906957
4130,-0.7742241720025028,-0.3696178285088919,0.03486880016951682
4131,-0.8045489699478109,1.3885773544342235,0.46440187354193185
4132,2.0864151008382312,-0.8091666242446708,-0.6336301372182368
4133,-0.9864977576196597,0.9490285586984446,-0.10308004881048179
4134,-0.9056316297655047,-0.3696178285088919,0.09750802073828453
4135,-0.8955233637837353,3.146772537377339,1.698185565784199
4136,-0.8348737678931191,-0.8091666242446708,-0.2701957506086106
4137,-0.9763894916378903,2.2676749459057812,0.5161388076976877
4138,-0.38000179871349704,-0.3696178285088919,-0.3074700686956277
4140,-0.6630332462030396,-0.8091666242446708,-0.3758615174312167
4142,-0.9056316297655047,0.06993096722688691,-0.27085286853449847
4144,-0.1677282130963401,-0.8091666242446708,-0.5294434502631791
4145,-0.42043486264057456,-0.8091666242446708,-0.3810258772130225
4146,1.3181868862237587,-0.8091666242446708,-0.20463901677438898
4151,-0.2081612770234176,0.06993096722688691,-0.541580937725884
4152,-0.7843324379842722,0.9490285586984446,2.6259066106048943
4153,-0.673141512184809,-0.8091666242446708,-0.7118535153329175
4154,0.8835314490076752,-0.8091666242446708,-0.41118405226299065
4155,-0.8955233637837353,0.06993096722688691,-0.7651177029498719
4157,0.8734231830259059,-0.8091666242446708,-0.8381345693883027
4158,0.13551976635674126,0.9490285586984446,-0.5730759299996515
4159,-0.2081612770234176,-0.8091666242446708,-0.839694942195136
4160,1.3485116841690667,-0.3696178285088919,-0.5890191313607401
4162,-0.5215175224582683,-0.8091666242446708,-0.7512015560841052
4163,1.277753822296681,-0.8091666242446708,-0.6120942827192942
4164,-0.4507596605858827,-0.3696178285088919,-0.567243161605946
4165,-0.9561729596743516,-0.8091666242446708,-0.45080833846526747
4166,2.3694465483277742,-0.8091666242446708,-0.8636966825190597
4167,-0.8753068318201965,0.9490285586984446,-0.6463697946015721
4168,-0.9460646936925823,0.5094797629626657,-0.6309519864962334
4169,-0.966281225656121,-0.8091666242446708,-0.6705672401497009
4170,0.5095256076822082,-0.8091666242446708,-0.8539603476148683
4171,0.09508670242966374,-0.8091666242446708,-0.8397024693191438
4172,-0.6023836503124234,-0.8091666242446708,-0.7837059356873293
4173,0.7521239912446733,-0.8091666242446708,-0.6749374883486755
4174,1.702300993530995,-0.8091666242446708,2.117181418257984
4175,0.41855121384628385,-0.8091666242446708,-0.7546060742728689
4176,1.3687282161326055,-0.3696178285088919,-0.7102110968743982
4177,-0.7135745761118866,0.9490285586984446,1.2165437183300392
4178,-0.5417340544218071,-0.3696178285088919,-0.14938239943254888
4179,0.8936397149894446,-0.3696178285088919,-0.8384108148393918
4180,0.10519496841143312,-0.8091666242446708,-0.47330917026202035
4181,-0.6226001822759621,-0.3696178285088919,-0.11030608785804553
4183,-0.8146572359295803,1.8281261501700024,3.805528882048468
4184,1.8539249832575357,-0.8091666242446708,-0.8075608970930995
4185,-0.592275384330654,0.5094797629626657,0.060559627120808604
4186,-0.43054312862234395,0.5094797629626657,-0.002498101542797272
4187,1.8539249832575357,-0.8091666242446708,-0.5179179179823147
4188,1.9853324410205377,-0.8091666242446708,-0.6281082390460568
4189,-0.754007640038964,0.06993096722688691,0.15267054903002625
4190,-0.9460646936925823,-0.8091666242446708,-0.8405801319784625
4191,1.0958050346248323,-0.8091666242446708,-0.6798414096398087
4192,-0.7742241720025028,-0.8091666242446708,-0.6397000100181905
4193,-0.8449820338748885,-0.8091666242446708,-0.7123435311058304
4194,2.723235857689702,-0.8091666242446708,-0.4981539484748267
4195,1.227212492387834,-0.8091666242446708,-0.13725996621785974
4196,1.62143486567684,-0.8091666242446708,-0.7496682809237002
4197,-0.9157398957472741,3.5863213331131174,0.8937806408721857
4198,-0.8955233637837353,1.3885773544342235,0.42766348668427595
4199,0.07487017046612499,0.5094797629626657,0.5852822161216638
4201,1.5102439398773768,-0.8091666242446708,1.7051406283674795
4202,1.4192695460414524,-0.8091666242446708,-0.7323257872095469
4203,2.147064696728848,-0.8091666242446708,-0.7156155719120554
4204,0.984614108825369,0.06993096722688691,0.7380715427955967
4205,-0.6124919162941928,1.8281261501700024,3.1519088106870887
4207,-0.6327084482577315,0.5094797629626657,-0.5792331174380966
4208,0.00411230859373934,-0.8091666242446708,-0.5532231404288706
4209,2.6221531978720085,-0.8091666242446708,-0.18652499284942795
4210,1.702300993530995,-0.8091666242446708,-0.5188241837128633
4211,-0.32946046880465013,0.06993096722688691,0.5808540090678287
4212,1.6416513976403788,-0.8091666242446708,-0.5201685280606706
4213,1.4192695460414524,0.06993096722688691,-0.44420705071035754
4214,0.14562803233851063,-0.8091666242446708,-0.30838310883778336
4215,-0.8348737678931191,-0.3696178285088919,0.27989550443599936
4217,-0.7641159060207334,-0.8091666242446708,-0.7916967305340936
4218,0.08497843644789436,-0.3696178285088919,-0.45058252474503113
4219,1.1362380985519098,-0.8091666242446708,-0.5384872897586458
4220,2.2279308245830025,-0.8091666242446708,-0.737666281693137
4221,2.6221531978720085,-0.8091666242446708,-0.6350821194393568
4222,-0.8247655019113497,0.06993096722688691,-0.8157624514120845
4223,0.9138562469529834,-0.8091666242446708,-0.5320079414126635
4224,0.36800988393743694,-0.8091666242446708,-0.38003003870678004
4225,1.035155438734216,-0.8091666242446708,-0.7100710923678517
4226,-0.8146572359295803,-0.8091666242446708,-0.7570636802614413
4227,2.1672812286923864,-0.8091666242446708,-0.7286901863137412
4229,-0.2587026069322645,0.5094797629626657,1.2492626209674875
4230,0.5095256076822082,-0.3696178285088919,0.19723112315667019
4231,1.3485116841690667,-0.3696178285088919,0.8113940104687473
4232,-0.9561729596743516,2.2676749459057812,0.2574804818529363
4234,-0.7337911080754252,-0.8091666242446708,-0.5432903475880734
4238,0.2163858942108963,-0.8091666242446708,-0.842221797724581
4240,-0.8550902998566579,-0.3696178285088919,0.5080780105976502
4242,0.8936397149894446,-0.8091666242446708,-0.8205963704499445
4243,-0.754007640038964,1.3885773544342235,-0.43726327881308913
4244,0.529742139645747,-0.8091666242446708,-0.6446528576153749
4245,-0.9157398957472741,-0.3696178285088919,-0.570082392781718
4246,-0.4810844585311908,0.5094797629626657,-0.3211114755351068
4247,-0.17783647907810948,0.5094797629626657,1.1826392936613495
4248,-0.4911927245129602,-0.8091666242446708,-0.5358241932846581
4251,1.4799191419320687,-0.8091666242446708,-0.27651627663802675
4252,-0.4911927245129602,0.06993096722688691,-0.26040446769916153
4254,0.8633149170441365,0.9490285586984446,1.108183993825013
4255,1.8134919193304582,-0.8091666242446708,-0.3328251859161682
4256,1.196887694442526,-0.8091666242446708,-0.6149929781747283
4257,-0.06664555327864631,-0.8091666242446708,-0.7223124541418653
4258,-0.7641159060207334,-0.8091666242446708,-0.7197524792667858
4259,-0.1677282130963401,0.5094797629626657,0.8668117082643558
4261,-0.9763894916378903,0.9490285586984446,1.6947050236429562
4263,-0.7034663101301172,-0.3696178285088919,-0.4628246392314456
4264,0.3579016179556676,-0.8091666242446708,-0.5647456618601318
4265,-0.2890274048775726,-0.8091666242446708,-0.6854468588884762
4266,2.1167398987835395,-0.8091666242446708,-0.698862452007719
4267,1.29797035426022,0.9490285586984446,0.5725576129863443
4268,-0.9763894916378903,-0.8091666242446708,-0.709789577929957
4269,-0.3092439368411114,-0.8091666242446708,-0.6460197833352057
4270,1.4799191419320687,-0.3696178285088919,0.4471331456430559
4271,0.8633149170441365,0.06993096722688691,0.5767238761247055
4272,1.2878620882784504,-0.8091666242446708,-0.17343682962452792
4273,1.166562896497218,-0.3696178285088919,0.32670518321619735
4274,-0.7135745761118866,0.9490285586984446,0.47758864209133534
4275,-0.6630332462030396,0.5094797629626657,-0.35065016827922657
4276,-0.592275384330654,-0.8091666242446708,-0.7767358188560333
4277,0.5701752035728246,-0.8091666242446708,0.37444446181136887
4278,-0.6933580441483478,-0.8091666242446708,-0.707422297429479
4279,1.1564546305154484,-0.8091666242446708,-0.7878127345460281
4280,-0.8146572359295803,1.3885773544342235,-0.7666743121947013
4281,-0.3193522028228808,-0.8091666242446708,-0.22563442376956602
4282,1.995440707002307,-0.8091666242446708,0.4318643745930731
4283,0.13551976635674126,-0.3696178285088919,-0.04322435869982758
4284,-0.8146572359295803,0.5094797629626657,3.7573801279072683
