CustomerID,Recency,Frequency,Monetary
12346.0,165,2,169.36
12347.0,3,2,15854.66
12348.0,74,1,4105.44
12349.0,43,2,21969.62
12351.0,11,1,3429.81
12352.0,11,2,4094.4
12353.0,44,1,2977.92
12355.0,203,1,7609.27
12356.0,16,3,104666.77
12357.0,24,1,421200.09
12358.0,11,3,83080.37
12359.0,61,6,42033.2
12360.0,28,3,20824.85
12361.0,98,3,2633.3500000000004
12366.0,269,1,49429.12
12368.0,264,1,16292.6
12369.0,49,3,31183.010000000002
12370.0,260,3,3975.7400000000002
12371.0,45,3,16250.02
12373.0,260,2,6097.25
12374.0,57,2,45694.43
12376.0,25,2,13553.15
12377.0,17,2,32400.34
12378.0,198,1,13143.92
12379.0,58,2,7177.66
12380.0,101,4,78798.88
12385.0,15,1,16576.0
12386.0,2,1,8170.2
12387.0,51,1,1751.16
12388.0,81,2,16490.29
12389.0,38,3,26883.11
12391.0,100,5,23202.15
12392.0,227,1,3851.5500000000006
12393.0,18,2,11390.65
12395.0,7,4,43994.92
12396.0,310,1,8349.99
12399.0,21,3,20099.63
12400.0,50,1,1778.1499999999999
12402.0,28,5,8789.6
12403.0,157,1,36362.520000000004
12406.0,35,3,146279.64
12408.0,21,3,26988.5
12409.0,56,4,662195.56
12410.0,138,1,2214.52
12411.0,45,1,2075.5
12412.0,38,3,27010.53
12413.0,38,1,540.95
12414.0,99,1,2341.4399999999996
12415.0,11,4,2252429.66
12416.0,292,1,2430.7200000000003
12417.0,46,11,21442.09
12418.0,49,3,13398.76
12419.0,21,2,3164.59
12421.0,51,2,2023.68
12422.0,30,9,122893.51
12423.0,23,2,7325.76
12424.0,58,2,41211.65
12425.0,84,1,11554.810000000001
12426.0,298,1,4682.02
12427.0,7,1,2111.8
12429.0,1,5,122981.07
12431.0,9,11,98870.82
12433.0,2,5,187682.51
12434.0,17,1,2065.73
12435.0,32,4,711505.5
12437.0,31,20,115470.35
12439.0,318,2,8370.72
12440.0,98,2,8211.98
12441.0,2,1,1568.5500000000002
12443.0,368,1,3311.6699999999996
12445.0,56,1,1988.3600000000001
12449.0,74,1,63222.24
12450.0,35,3,5551.9
12451.0,99,3,70624.6
12454.0,31,3,4294922.88
12455.0,81,4,56533.31
12457.0,71,1,7259.68
12458.0,63,2,8287.93
12459.0,241,1,5316.38
12460.0,92,1,2595.85
12467.0,59,1,1694.9
12468.0,162,3,57515.46
12469.0,158,2,366899.49999999994
12470.0,325,1,1045.95
12471.0,10,44,314148.57
12472.0,5,13,149740.46
12474.0,14,11,53074.66
12475.0,45,1,3864.44
12476.0,33,7,83731.23
12477.0,35,3,97579.99
12480.0,35,3,114227.36
12481.0,1,5,204193.25
12482.0,212,27,3444428.68
12483.0,14,11,55538.700000000004
12484.0,119,5,39015.41
12485.0,165,1,8156.6
12486.0,67,1,10744.18
12487.0,366,1,32362.2
12490.0,14,10,82131.49
12492.0,39,1,4117.5
12494.0,1,3,4396.51
12495.0,276,1,2339.5
12496.0,256,2,183.53
12497.0,36,2,794227.04
12499.0,196,1,4573.84
12500.0,71,7,30524.33
12503.0,220,1,501760.0
12504.0,53,2,14273.999999999998
12505.0,44,1,6096.700000000001
12507.0,220,1,6344.549999999999
12510.0,95,5,37103.98
12511.0,64,1,30801.420000000002
12514.0,277,1,7185.04
12516.0,66,2,27255.12
12519.0,112,1,3216.92
12523.0,10,12,25110.68
12524.0,24,9,398759.63
12525.0,134,3,7329.57
12527.0,130,2,9468.0
12529.0,164,1,2915.26
12530.0,51,5,69769.87999999999
12531.0,322,1,16201.52
12533.0,263,2,12437.49
12537.0,44,1,6341.2
12538.0,14,1,4141.5
12539.0,86,3,61566.0
12540.0,14,15,176169.91
12542.0,120,2,7301.179999999999
12543.0,84,1,19987.15
12547.0,136,1,2119.3199999999997
12549.0,211,5,130600.80000000002
12553.0,21,2,5711.79
12554.0,84,1,3523.52
12557.0,7,4,1173484.76
12562.0,21,2,25478.920000000002
12563.0,44,1,2260.32
12567.0,3,7,35088.02
12568.0,280,1,507.5
12573.0,17,4,5722.030000000001
12575.0,93,2,5381.88
12576.0,28,3,7386.03
12577.0,17,5,10164.43
12578.0,21,2,90269.26
12580.0,212,1,5550.0
12582.0,58,2,13263.32
12583.0,9,13,141014.08000000002
12586.0,10,3,15401.47
12588.0,35,2,5442.5199999999995
12589.0,57,4,28503.61
12591.0,26,2,7773.5
12592.0,155,2,36314.28
12594.0,14,5,35764.87
12595.0,140,1,4813.820000000001
12598.0,99,3,20543.030000000002
12599.0,17,6,22882.2
12600.0,7,11,26300.63
12601.0,40,1,1017.7
12605.0,12,3,14537.19
12608.0,40,1,22312.49
12609.0,10,6,16598.07
12613.0,24,5,83535.63
12615.0,49,4,41093.75
12616.0,24,1,3763.6
12619.0,196,1,1952.12
12621.0,1,16,669809.8
12623.0,52,6,42419.3
12625.0,145,2,45593.200000000004
12629.0,21,2,23434.58
12631.0,92,5,24676.83
12632.0,156,2,15545.060000000001
12633.0,18,3,33404.58
12634.0,184,1,6703.2
12635.0,28,2,11362.57
12637.0,14,4,19380.39
12638.0,275,1,1472.4
12639.0,70,2,8219.15
12643.0,21,5,722525.8
12644.0,66,3,12877.220000000001
12645.0,45,4,20460.62
12647.0,3,26,422189.77
12648.0,73,3,6920.45
12649.0,18,5,30185.58
12651.0,14,3,2239.15
12652.0,70,1,1381.3500000000001
12653.0,162,1,36654.6
12655.0,59,1,1320.05
12656.0,61,3,19517.84
12661.0,72,1,3052.7999999999997
12662.0,9,10,27509.06
12663.0,260,2,7069.2
12664.0,150,2,55667.520000000004
12665.0,53,2,2404.0
12666.0,30,1,23557.420000000002
12668.0,14,5,65057.49
12670.0,21,2,6362.56
12671.0,242,1,123653.50099999999
12672.0,231,1,941.0500000000001
12673.0,37,1,7265.8
12675.0,189,2,3005.44
12676.0,44,4,28045.899999999998
12677.0,191,2,3003.0
12678.0,11,6,1274782.92
12681.0,3,23,236105.66
12682.0,1,22,114572.73
12683.0,1,8,59085.97
12686.0,7,1,1199.56
12687.0,116,1,20739.81
12691.0,56,1,1031.2
12692.0,273,1,393.95
12693.0,32,3,5270.63
12694.0,57,1,19602.420000000002
12695.0,164,3,6105.56
12696.0,70,2,9255.69
12698.0,226,1,2114.65
12699.0,53,1,4788.73
12701.0,165,4,17583.420000000002
12703.0,269,3,5221.14
12705.0,19,5,58636.07
12708.0,4,9,19821.27
12709.0,2,18,926794.6
12711.0,247,2,19582.87
12712.0,1,10,24740.81
12714.0,24,7,122391.51
12717.0,226,1,1447.6100000000001
12720.0,5,5,22658.579999999998
12721.0,21,2,10592.45
12724.0,19,3,15070.91
12725.0,7,3,35650.82
12726.0,23,4,44462.52
12727.0,78,3,18524.190000000002
12728.0,19,1,1896.98
12730.0,157,1,3354.85
12731.0,78,5,326650.4
12733.0,25,3,14947.810000000001
12734.0,10,2,15285.85
12738.0,8,1,2002.35
12739.0,30,1,10904.81
12741.0,169,1,3447.63
12742.0,261,1,48214.899999999994
12744.0,95,4,108724.70999999999
12745.0,122,2,19301.31
12746.0,176,1,1479.45
12747.0,5,16,88426.67
12748.0,1,133,493589.91000000003
12749.0,35,4,17629.7
12751.0,80,1,1103.01
12755.0,1,10,5691253.8100000005
12758.0,95,5,182565.89
12759.0,22,5,36447.2
12760.0,91,1,3066.82
12761.0,100,1,8011.349999999999
12763.0,5,1,4356.5599999999995
12765.0,108,6,27675.64
12766.0,2,3,41668.97
12767.0,11,1,16876.36
12768.0,86,1,1758.57
12770.0,92,1,128485.28
12771.0,121,1,1641.8
12773.0,200,1,5629.67
12774.0,171,1,856.2
12775.0,24,2,4302.72
12776.0,303,1,432.5
12777.0,93,1,11915.35
12778.0,32,3,13740.99
12779.0,7,7,43987.35
12780.0,234,1,5033.54
12782.0,10,6,15501.980000000001
12784.0,165,1,7706.3099999999995
12785.0,171,2,6357.35
12786.0,245,1,15824.2
12787.0,49,1,4148.400000000001
12788.0,99,4,3444.6
12789.0,148,2,2227.5
12790.0,46,1,1808.35
12791.0,9,5,26043.83
12792.0,170,1,3614.31
12793.0,7,2,3598.45
12796.0,264,1,10530.0
12797.0,1,2,3282.12
12798.0,57,1,430233.41000000003
12799.0,165,1,2024.95
12800.0,106,2,4365.43
12801.0,136,1,8598.82
12802.0,80,4,42610.06
12803.0,29,1,19259.01
12804.0,101,2,2464.66
12805.0,17,4,17076.35
12806.0,208,2,347011.98000000004
12807.0,19,1,2312.95
12808.0,4,3,3011.35
12809.0,201,2,5531.71
12810.0,170,2,8152.35
12811.0,14,2,4221.95
12813.0,137,3,67978.0
12817.0,35,2,4003.04
12819.0,94,1,12315.44
12820.0,33,7,21574.18
12821.0,247,1,1885.76
12823.0,30,13,310500.0
12825.0,157,2,2616.61
12826.0,1,6,27931.489999999998
12829.0,186,1,2808.5
12831.0,99,2,3101.48
12835.0,63,41,36085.35
12836.0,25,11,26539.760000000002
12837.0,205,1,1446.19
12838.0,9,9,38210.59
12839.0,3,13,57310.23
12840.0,73,3,27639.600000000002
12841.0,5,17,52907.67
12842.0,40,2,47247.200000000004
12843.0,18,20,251507.76
12844.0,78,2,606.7
12847.0,23,1,25761.96
12848.0,311,1,875.4
12849.0,17,4,42593.98
12850.0,81,1,33000.0
12851.0,113,1,275.15
12853.0,63,5,26091.7
12854.0,197,4,15144.12
12855.0,8,4,2207.7
12857.0,72,4,44294.1
12858.0,19,1,271.72
12859.0,94,1,10356.2
12860.0,329,1,132.17
12861.0,255,1,519.75
12862.0,61,2,8138.16
12863.0,15,5,59265.549999999996
12864.0,144,1,14385.95
12865.0,14,2,19687.84
12866.0,110,2,5871.67
12867.0,33,6,34309.83
12868.0,9,3,6005.0
12869.0,317,1,3754.17
12870.0,11,3,24427.25
12871.0,75,1,18867.4
12872.0,1,11,23491.04
12873.0,33,2,42690.6
12874.0,21,2,12793.34
12875.0,107,3,489369.6000000001
12876.0,30,2,28121.15
12877.0,37,8,13144.94
12880.0,17,2,5222.73
12887.0,19,1,1949.2
12889.0,17,4,1621.1200000000001
12890.0,23,1,2788.84
12891.0,94,8,165462.5
12892.0,32,1,1869.6000000000001
12894.0,211,1,309.85
12897.0,17,2,6069.35
12898.0,99,2,22616.799999999996
12899.0,49,1,2201.9
12900.0,58,1,3581.4700000000003
12903.0,64,1,10371.11
12905.0,212,2,9310.82
12907.0,31,2,4191.13
12908.0,16,3,615600.0
12909.0,60,3,9090.699999999999
12910.0,15,5,102226.48
12911.0,187,1,10057.75
12913.0,4,9,420716.79000000004
12914.0,36,1,18517.8
12915.0,8,3,5595.599999999999
12916.0,78,3,26427.17
12917.0,36,5,168229.7
12920.0,207,3,4054.6200000000003
12921.0,2,39,364304.53
12923.0,26,2,6100.0
12924.0,29,8,191552.54
12925.0,228,1,907.2
12926.0,47,4,8038.74
12927.0,30,1,2423.19
12928.0,14,7,42970.37
12931.0,16,42,28337458.0
12932.0,175,8,43961.66
12933.0,16,5,4012.28
12934.0,372,1,3130.95
12935.0,11,8,22413.08
12937.0,99,5,23655.6
12939.0,15,12,2576042.4
12941.0,360,1,6596.429999999999
12942.0,1,1,978.95
12943.0,194,2,6538.999999999999
12945.0,292,1,4137.78
12946.0,72,1,2548.15
12947.0,9,1,3126.4
12948.0,366,2,7868.08
12949.0,18,14,140540.24
12951.0,22,9,19264.75
12953.0,158,1,4138.0
12954.0,274,1,1306.05
12956.0,320,3,5792.76
12957.0,177,5,42476.99
12958.0,36,2,2278.49
12959.0,120,1,3421.55
12960.0,49,4,38203.49
12961.0,15,1,1509.7299999999998
12963.0,1,5,18258.84
12964.0,73,1,291.28000000000003
12967.0,7,2,48393.24
12969.0,238,1,1294.55
12970.0,16,6,8100.47
12971.0,2,33,702099.0599999999
12972.0,49,4,12228.18
12973.0,49,1,1125.5500000000002
12974.0,201,1,916.39
12975.0,72,6,15861.99
12976.0,14,7,40205.34
12977.0,137,3,1738.03
12978.0,21,5,24876.260000000002
12979.0,365,1,15592.84
12980.0,22,12,249865.91999999998
12982.0,30,7,22163.07
12983.0,234,1,12189.72
12986.0,64,10,56095.00000000001
12987.0,56,3,6544.83
12989.0,60,18,1586329.6
12990.0,53,4,12870.0
12991.0,25,1,1219.3400000000001
12992.0,361,1,325.85
12993.0,81,4,9126.41
12996.0,11,1,1702.1000000000001
12997.0,30,4,9527.82
12998.0,128,3,32817.96
13000.0,361,1,2624.95
13001.0,40,20,349473.96
13002.0,52,2,2325.52
13004.0,22,18,56330.619999999995
13005.0,67,2,3810.7200000000003
13007.0,215,1,1046.1499999999999
13008.0,33,2,5414.24
13009.0,308,1,7020.0
13010.0,10,2,7728.3
13011.0,8,1,219.75000000000003
13012.0,65,3,16608.41
13013.0,7,18,138605.75
13014.0,68,1,17387.28
13015.0,74,6,36579.66
13018.0,49,7,21582.3
13019.0,15,6,9384.33
13020.0,198,2,4726.38
13021.0,10,8,24289.06
13022.0,65,1,422.2
13023.0,164,1,4769.91
13024.0,106,2,3359.41
13025.0,367,1,9568.19
13026.0,124,4,17807.760000000002
13027.0,21,13,6905376.0
13029.0,10,2,7773.599999999999
13030.0,4,1,1703.48
13031.0,43,5,28447.55
13032.0,28,7,22541.11
13033.0,65,1,247.5
13034.0,5,2,2417.39
13035.0,67,1,9965.76
13036.0,320,1,1819.8
13037.0,35,9,29180.54
13039.0,220,4,5773.31
13041.0,86,4,10777.77
13042.0,234,3,10392.08
13044.0,128,10,43160.81
13045.0,37,2,3748.7000000000003
13046.0,92,1,3391.12
13047.0,9,17,75221.96
13048.0,72,5,41575.58
13049.0,25,2,34451.04000000001
13050.0,2,18,49494.91
13051.0,214,2,4823.2
13052.0,56,6,25802.170000000002
13053.0,257,1,556.75
13055.0,65,1,12109.0
13056.0,187,1,2470.82
13057.0,166,3,20890.190000000002
13059.0,49,9,11780.47
13063.0,116,1,2032.4
13064.0,186,2,3661.15
13065.0,9,5,6931.530000000001
13067.0,45,2,3049.95
13069.0,5,16,1283789.01
13070.0,95,3,6647.4
13071.0,248,1,406.42
13073.0,47,2,3687.66
13074.0,147,4,121293.48000000001
13076.0,93,1,629.6
13077.0,2,8,24897.82
13078.0,2,32,460805.67
13079.0,53,1,1734.96
13080.0,37,3,1233.75
13081.0,7,19,792782.29
13082.0,60,12,893180.72
13083.0,61,1,4037.7599999999998
13084.0,127,1,9792.0
13085.0,315,6,26740.8
13086.0,18,1,2763.9300000000003
13087.0,362,1,2068.1800000000003
13088.0,53,1,941.73
13089.0,4,109,2045781.69
13090.0,1,12,189406.15
13091.0,365,1,28818.68
13092.0,50,7,8699.35
13093.0,9,48,1951195.94
13094.0,4,2,25849.440000000002
13096.0,30,1,2518.2000000000007
13097.0,24,17,49891.82
13101.0,134,3,10194.39
13102.0,1,14,76239.25
13103.0,73,2,6138.88
13104.0,51,3,21707.64
13105.0,72,1,7200.0
13106.0,49,1,11819.560000000001
13107.0,49,5,120254.91
13108.0,8,2,17879.78
13109.0,187,1,3143.4300000000003
13110.0,73,5,8661.720000000001
13111.0,354,1,5670.64
13112.0,177,1,173.5
13113.0,2,14,93695.67
13114.0,366,1,1059.56
13115.0,15,6,38912.54
13117.0,1,12,16232.94
13118.0,12,4,10852.460000000001
13119.0,304,1,1388.1999999999998
13123.0,108,2,3077.55
13124.0,21,1,11820.28
13125.0,159,1,411.85
13126.0,2,7,22534.27
13128.0,267,1,8168.5
13129.0,88,2,8418.75
13131.0,54,4,19415.850000000002
13133.0,95,1,397.15000000000003
13134.0,38,2,9029.45
13135.0,127,1,2022.75
13136.0,11,8,36021.55
13137.0,22,8,16505.31
13138.0,8,2,3262.43
13139.0,73,1,90667.86
13140.0,2,3,9152.72
13141.0,21,12,77699.47
13143.0,220,1,3285.7000000000003
13144.0,67,1,72.4
13145.0,8,4,27223.0
13148.0,25,14,32360.030000000002
13150.0,120,3,14306.47
13151.0,261,2,7083.49
13152.0,53,7,15014.76
13154.0,35,3,21586.02
13155.0,4,3,5408.04
13156.0,21,3,15783.039999999999
13157.0,45,5,91072.92
13158.0,24,1,3134.9
13161.0,136,1,1637.01
13162.0,16,12,252878.92
13163.0,246,1,31.55
13164.0,205,2,5662.8
13165.0,49,1,36718.4
13166.0,50,1,7844.16
13167.0,26,1,4602.44
13168.0,178,1,5040.78
13169.0,198,1,698.8000000000001
13172.0,36,1,3340.7999999999997
13173.0,3,10,25639.4
13174.0,5,9,38871.51
13175.0,218,2,6975.55
13177.0,66,1,1605.3500000000001
13178.0,33,10,118184.24
13179.0,254,1,6338.1900000000005
13180.0,243,1,1114.2
13181.0,17,1,3716.83
13183.0,30,6,138845.74000000002
13187.0,260,3,1549.51
13190.0,180,3,16458.36
13191.0,294,1,413.03
13192.0,171,4,18511.0
13194.0,57,1,17513.28
13195.0,50,1,422.26000000000005
13196.0,79,3,12653.12
13197.0,245,1,3127.9700000000003
13198.0,23,2,13522.91
13199.0,2,30,1102194.1500000001
13201.0,138,4,20922.57
13202.0,30,7,12961.52
13203.0,22,6,26737.010000000002
13204.0,367,1,7728.620000000001
13205.0,79,1,717619.2
13206.0,36,13,165700.42
13207.0,87,2,2998.8
13208.0,85,3,7659.0599999999995
13209.0,150,5,91429.96
13211.0,17,7,48901.26
13213.0,19,6,51578.36
13214.0,53,7,41583.89
13215.0,38,1,7833.599999999999
13217.0,291,1,33125.0
13219.0,254,1,76.23
13220.0,211,1,3238.3
13222.0,213,1,2655.0
13223.0,59,4,66634.56
13225.0,57,9,536675.39
13226.0,29,1,1696.75
13230.0,1,17,15244.93
13233.0,56,2,10850.36
13234.0,308,2,1035.45
13237.0,23,1,4258.0
13238.0,66,2,2795.8
13239.0,73,4,12995.85
13240.0,1,5,6084.5
13241.0,47,1,135.76
13242.0,87,4,4290.0
13243.0,85,4,1978.45
13245.0,68,1,4558.56
13246.0,29,5,15399.01
13249.0,37,6,60851.520000000004
13250.0,96,2,2521.2799999999997
13251.0,38,1,2647.32
13252.0,30,2,2417.3
13253.0,66,2,63744.81
13254.0,12,1,425.68999999999994
13255.0,9,2,18404.55
13257.0,72,1,623.15
13258.0,15,2,8608.8
13259.0,33,8,2654.33
13262.0,25,2,1273.54
13263.0,29,4,6069.3
13264.0,78,1,6814.04
13266.0,49,7,66550.66
13267.0,2,18,53476.57
13269.0,5,14,80197.17
13270.0,2,1,118000.0
13274.0,45,1,3186.35
13275.0,19,2,1666.6200000000001
13276.0,33,3,6266.57
13277.0,16,3,6068.1
13278.0,35,3,19606.92
13280.0,15,4,17473.45
13281.0,75,1,2976.45
13282.0,42,1,1144.95
13283.0,203,2,2601.0
13285.0,236,2,6967.99
13286.0,236,1,5936.81
13287.0,239,3,6015.63
13288.0,79,5,58228.79
13289.0,359,1,2110.15
13291.0,50,10,18031.27
13292.0,51,3,2741.67
13293.0,28,6,9065.24
13294.0,282,1,9745.289999999999
13295.0,12,3,10816.59
13296.0,59,5,8800.61
13297.0,21,3,99749.25
13299.0,59,2,6561.56
13300.0,24,2,8213.64
13302.0,162,1,477.95
13303.0,36,1,414.36
13304.0,91,3,6895.45
13305.0,8,7,19138.61
13306.0,66,1,842.05
13307.0,123,2,2878.84
13308.0,232,1,3520.12
13309.0,28,1,3846.52
13310.0,16,2,3949.53
13312.0,87,1,1717.45
13313.0,115,7,24815.68
13315.0,325,1,3045.78
13316.0,28,6,4591748.36
13317.0,21,13,55628.991
13319.0,1,34,127590.57
13320.0,70,2,6658.9
13324.0,64,8,243798.42
13326.0,68,1,3488.6400000000003
13327.0,1,13,89421.52
13329.0,2,7,198755.75
13330.0,91,3,31042.41
13331.0,37,1,960.7
13333.0,47,3,12215.32
13334.0,172,2,24824.91
13337.0,182,1,17417.1
13338.0,177,3,15195.4
13340.0,53,5,456055.52
13346.0,98,6,9111.6
13357.0,130,4,25400.170000000002
13359.0,39,1,3884.85
13360.0,67,4,24487.67
13361.0,108,2,18154.8
13362.0,14,3,20069.45
13363.0,45,1,8029.94
13367.0,67,1,9121.6
13368.0,50,2,5438.04
13369.0,1,1,3409.52
13370.0,7,1,6440.31
13371.0,141,2,24648.32
13373.0,51,3,69064.73999999999
13374.0,50,2,3624.1000000000004
13375.0,80,1,45565.340000000004
13377.0,32,2,13065.2
13380.0,68,1,1108.8
13381.0,15,6,84355.90000000001
13382.0,64,4,12563.210000000001
13383.0,179,1,87920.64000000001
13384.0,26,4,57262.96
13386.0,50,2,18880.04
13387.0,53,1,417.9
13388.0,239,1,5816.549999999999
13392.0,313,1,867.48
13393.0,219,4,12127.55
13394.0,15,11,52641.26
13395.0,36,2,46338.81
13397.0,73,5,60812.12
13398.0,84,1,988.0
13399.0,100,3,2304.9
13400.0,218,1,3072.63
13402.0,8,3,10306.82
13403.0,23,2,1973.4
13405.0,117,3,39788.079999999994
13406.0,63,2,21204.96
13407.0,214,3,42595.32
13408.0,7,46,1221424.042
13410.0,29,4,91405.88
13412.0,256,1,3288.4500000000003
13413.0,275,6,24849.120000000003
13414.0,99,3,250272.04
13415.0,108,4,12507.17
13416.0,372,1,2421.0
13417.0,183,4,7580.28
13418.0,8,15,159969.93
13421.0,42,6,29007.64
13423.0,64,1,2930.83
13424.0,85,1,7242.87
13425.0,144,2,27118.0
13426.0,18,12,85488.6
13427.0,113,3,7183.51
13428.0,150,2,1396.11
13431.0,42,6,33074.68
13432.0,207,2,1317.05
13433.0,137,4,7210.46
13434.0,21,3,35360.280000000006
13435.0,12,2,13995.7
13438.0,183,1,465.0
13439.0,24,2,8631.94
13440.0,59,7,14011.65
13441.0,67,1,5191.5599999999995
13442.0,303,3,1144.47
13443.0,84,6,7457.25
13444.0,10,2,3943.66
13445.0,262,1,6166.999999999999
13446.0,66,11,84373.41
13448.0,9,8,50397.090000000004
13450.0,10,7,95686.0
13451.0,17,6,28135.99
13452.0,108,1,559.2
13453.0,38,1,3930.9700000000003
13454.0,277,1,2177.25
13455.0,2,5,11484.43
13457.0,324,2,2022.7599999999998
13458.0,15,2,29646.22
13459.0,260,2,17112.71
13461.0,43,3,238896.8
13462.0,46,4,10005.45
13464.0,30,5,22762.02
13465.0,82,2,19063.1
13466.0,44,4,7393.3099999999995
13468.0,4,38,60218.16
13469.0,289,1,664.8
13472.0,99,2,6686.16
13473.0,210,6,46990.5
13474.0,79,2,1846.28
13476.0,42,3,5380.6
13477.0,91,5,23966.13
13478.0,105,5,24337.72
13479.0,88,2,7992.959999999999
13480.0,52,2,5345.04
13481.0,10,6,16422.36
13482.0,263,1,1228.25
13484.0,19,2,2751.24
13485.0,12,10,30110.04
13487.0,141,2,1802.51
13488.0,3,11,83303.77
13490.0,290,1,493.75
13491.0,8,18,32398.8
13495.0,4,6,73835.45
13497.0,4,5,8822.48
13498.0,366,1,8374.74
13500.0,37,1,3127.87
13501.0,122,2,17046.85
13502.0,51,2,9595.9
13503.0,115,4,10069.28
13506.0,5,4,14156.88
13508.0,278,1,2163.42
13509.0,143,1,5300.0
13510.0,11,7,25433.43
13511.0,312,1,4759.540000000001
13512.0,23,3,6792.38
13513.0,77,2,6729.41
13514.0,64,3,11626.6
13515.0,85,2,4576.92
13516.0,53,1,2280.05
13519.0,78,1,2030.84
13520.0,7,6,50286.65
13523.0,2,2,12644.92
13526.0,374,2,144272.46
13527.0,54,5,12959.57
13530.0,270,1,6814.280000000001
13531.0,2,5,8848.14
13534.0,15,10,19546.76
13535.0,38,1,895.0
13537.0,61,2,5357.45
13538.0,32,5,17389.5
13539.0,56,4,7243.2
13540.0,103,3,4485.7300000000005
13541.0,63,2,25618.05
13542.0,12,17,14314.11
13543.0,270,2,14979.59
13544.0,47,4,840.23
13545.0,26,2,3059.92
13546.0,18,2,2795.0699999999997
13547.0,44,1,392.26
13548.0,107,1,561.8399999999999
13549.0,23,1,1051.2
13550.0,19,1,5840.09
13551.0,302,1,3657.5999999999995
13552.0,64,10,45428.55
13553.0,310,1,1455.62
13554.0,16,7,7555.06
13555.0,14,9,78716.03
13556.0,65,2,2684.7599999999998
13557.0,51,11,32679.12
13559.0,148,2,198000.0
13561.0,33,10,14456.16
13562.0,37,5,26453.21
13564.0,4,35,129355.36
13565.0,47,1,995.6
13566.0,70,3,4746.5599999999995
13567.0,64,4,6540.13
13569.0,3,3,1134.77
13571.0,18,14,13715.54
13573.0,15,4,13256.220000000001
13574.0,47,1,1858.03
13576.0,9,11,148341.52
13577.0,18,7,22163.48
13578.0,45,1,4919.2
13579.0,5,4,10461.58
13580.0,42,1,787.55
13581.0,50,1,1163.71
13582.0,25,2,2600.96
13583.0,315,1,5510.481
13584.0,134,2,3919.65
13585.0,166,3,28090.3
13586.0,177,1,405.61
13587.0,85,3,46776.2
13589.0,85,4,7376.99
13590.0,11,12,89287.51
13591.0,71,4,8170.37
13593.0,23,9,24650.95
13594.0,121,1,657.75
13595.0,152,3,3282.5
13597.0,36,2,5119.01
13598.0,131,4,7880.74
13599.0,2,14,168090.66
13600.0,270,1,6765.9
13601.0,28,2,4103.36
13602.0,17,3,5168.8
13604.0,294,1,13462.54
13605.0,23,2,6831.93
13607.0,38,1,2812.3
13608.0,176,1,1322.2
13609.0,229,1,417.45
13610.0,23,7,2684.27
13611.0,10,7,22034.05
13612.0,268,1,6647.63
13613.0,88,5,7811.2300000000005
13614.0,29,2,3593.6099999999997
13615.0,35,7,47015.22
13616.0,204,2,1979.0
13617.0,44,5,5693.23
13619.0,180,2,542.49
13620.0,164,1,3164.98
13622.0,332,1,8618.53
13623.0,16,5,17003.13
13624.0,24,1,39012.439999999995
13625.0,232,1,1987.84
13626.0,15,1,2906.79
13627.0,124,2,5897.61
13628.0,312,1,2454.48
13629.0,49,8,758025.0
13632.0,30,3,12659.800000000001
13634.0,12,10,24658.98
13635.0,78,3,26097.350000000002
13639.0,72,1,3386.27
13640.0,247,1,11340.0
13641.0,276,4,27270.27
13642.0,68,3,367.06
13643.0,18,7,15238.550000000001
13646.0,35,2,495.05
13647.0,130,4,38744.16
13648.0,36,8,16930.37
13649.0,2,5,11819.32
13650.0,10,4,15161.359999999999
13651.0,17,1,411.45
13652.0,4,3,15014.41
13653.0,123,1,1255.7
13654.0,16,5,66505.71
13655.0,10,4,14255.04
13656.0,135,2,8363.68
13658.0,19,4,35681.93
13659.0,52,10,30406.88
13660.0,36,1,1087.83
13661.0,239,1,2467.98
13662.0,21,8,10083.31
13663.0,16,4,20130.6
13665.0,22,3,25517.28
13666.0,56,2,121.4
13668.0,19,14,151937.09
13669.0,43,1,7020.0
13671.0,30,1,329.15
13672.0,366,1,1731.91
13674.0,68,1,1736.76
13676.0,175,2,3565.4
13677.0,40,2,1317.05
13679.0,129,3,708.08
13680.0,107,8,254924.85
13683.0,93,1,4572.0
13684.0,26,3,4743.349999999999
13686.0,16,2,3915.2
13687.0,74,1,39345463.6
13688.0,271,1,11155.0
13689.0,80,1,33195.0
13691.0,32,1,1277.82
13692.0,44,2,46759.28
13693.0,10,9,15821.84
13694.0,9,94,22336775.47
13695.0,213,1,14970.4
13696.0,57,3,96334.4
13698.0,232,2,2861.27
13699.0,186,1,3219.19
13700.0,53,3,5776.18
13701.0,82,1,1402.0
13702.0,81,1,2077.56
13703.0,51,1,1525.06
13705.0,9,5,15186.51
13706.0,262,1,2252.96
13707.0,65,3,59309.630000000005
13709.0,82,5,10203.16
13710.0,59,2,7520.639999999999
13711.0,42,7,12824.74
13712.0,246,1,36985.58
13713.0,44,3,3222.88
13714.0,101,1,282.15
13715.0,8,13,158250.83
13717.0,93,2,2518.5499999999997
13719.0,29,6,11877.23
13721.0,31,1,3236.0
13722.0,56,7,52368.12
13723.0,28,5,15247.869999999999
13724.0,273,1,877.3499999999999
13727.0,247,6,3277.61
13728.0,23,10,13731.51
13729.0,71,3,7496.47
13733.0,46,2,6695.27
13734.0,144,4,511686.96
13735.0,12,9,59214.56
13736.0,61,5,7563.05
13738.0,32,1,2592.09
13739.0,163,1,691.8
13740.0,51,4,9462.02
13745.0,182,1,12109.84
13746.0,49,1,1594.63
13747.0,9,2,1588.0
13748.0,9,5,47514.1
13750.0,16,6,86096.9
13752.0,163,1,2810.9500000000003
13753.0,234,3,34785.79
13754.0,73,1,1612.1499999999999
13756.0,3,10,176757.88
13757.0,310,1,2215.45
13758.0,2,9,167281.13
13760.0,40,3,10803.67
13761.0,138,4,8237.1
13762.0,229,4,236741.76
13763.0,53,2,275824.24
13764.0,205,3,13091.59
13765.0,289,1,7308.840999999999
13766.0,131,1,1801.73
13767.0,5,39,567424.41
13768.0,362,2,11000.810000000001
13769.0,3,11,50450.39
13770.0,58,4,32267.43
13771.0,169,5,67714.97
13772.0,36,5,5806.45
13773.0,32,2,3240.6800000000003
13775.0,226,1,9081.52
13777.0,2,37,4518781.800000001
13778.0,127,3,31122.27
13779.0,151,1,547.89
13780.0,43,1,2715.59
13781.0,228,2,4703.89
13782.0,89,7,2332.76
13783.0,123,4,577277.01
13784.0,70,3,17132.66
13785.0,64,4,2688.03
13786.0,3,6,55388.78
13787.0,94,4,11217.24
13788.0,141,1,3.75
13789.0,24,1,3390.84
13792.0,58,1,1025.2
13793.0,282,1,780.0
13794.0,182,1,813.21
13795.0,24,4,74137.9
13796.0,135,1,2877.1
13797.0,72,3,7719.950000000001
13798.0,8,54,3127570.06
13799.0,80,7,71263.99
13800.0,66,2,21712.42
13802.0,10,16,1464308.55
13803.0,67,2,18606.5
13804.0,71,2,6099.51
13807.0,3,3,2516.9
13809.0,30,2,54997.649999999994
13813.0,163,4,13581.75
13814.0,163,1,11423.2
13815.0,42,4,85515.4
13818.0,65,1,686.72
13819.0,305,3,38480.0
13820.0,54,3,2457.59
13821.0,29,4,2513.09
13823.0,16,5,29458.81
13824.0,15,7,30116.600000000002
13825.0,257,2,3051.15
13829.0,57,1,1224.0
13830.0,217,1,538.25
13831.0,5,13,239038.25
13832.0,58,1,13017.730000000001
13833.0,40,1,2277.84
13834.0,212,2,8050.89
13835.0,155,3,1258.6
13836.0,35,2,5221.39
13838.0,5,7,3278.42
13839.0,122,1,541.95
13840.0,52,1,5254.5
13842.0,2,10,15099.630000000001
13843.0,17,1,2466.05
13846.0,35,1,5796.37
13847.0,355,1,1640.96
13848.0,2,6,2320000.0
13849.0,33,3,14709.43
13851.0,15,5,42452.4
13852.0,246,1,1434.75
13854.0,1,15,137367.96
13855.0,136,4,13742.14
13856.0,99,8,25447.55
13857.0,29,6,9930.21
13859.0,165,1,1958.7
13861.0,65,2,2649.92
13862.0,25,1,4023.17
13863.0,101,3,7194.21
13864.0,22,1,127180.80000000002
13869.0,17,6,28286.26
13870.0,23,7,85149.42
13871.0,64,4,18309.800000000003
13872.0,163,3,5542.21
13873.0,19,5,5556.2
13874.0,140,6,29624.16
13875.0,23,9,30338.96
13877.0,106,2,6636.46
13878.0,183,3,9680.61
13879.0,281,1,3071.58
13880.0,3,5,13703.75
13881.0,11,23,2770676.58
13883.0,39,9,57924.91
13884.0,12,5,6634.72
13888.0,40,5,11411.34
13889.0,18,5,21525.670000000002
13890.0,10,4,10229.09
13891.0,14,3,5775.14
13892.0,113,2,324674.64
13895.0,151,2,15229.77
13896.0,261,1,2534.75
13897.0,74,2,13036.42
13898.0,47,1,5944.37
13900.0,25,3,12303.0
13901.0,10,10,30031.62
13902.0,268,5,214433721.64000002
13903.0,36,1,1643.85
13905.0,368,1,4755.13
13906.0,45,1,4200.0
13907.0,327,1,2328.0
13909.0,59,2,2632.12
13911.0,15,11,60340.5
13912.0,59,1,527.85
13913.0,142,1,136.85999999999999
13915.0,30,1,1062.0
13916.0,99,4,10359.17
13919.0,60,2,13489.31
13920.0,67,4,45481.4
13921.0,38,4,3453.1000000000004
13922.0,73,2,14260.65
13927.0,73,1,4675.71
13929.0,52,9,138030.11
13931.0,28,9,79113.87
13935.0,232,3,243852.26
13936.0,18,2,5571.96
13937.0,38,1,7114.24
13939.0,67,4,13446.029999999999
13941.0,8,11,486405.28
13942.0,170,1,320000.0
13943.0,213,1,1588.6200000000001
13944.0,289,1,908.03
13945.0,30,2,7526.950000000001
13946.0,12,3,294933.58
13948.0,47,3,4383.9400000000005
13952.0,16,12,208199.25
13953.0,45,5,1712500.0
13955.0,11,1,1292.55
13957.0,53,3,2751.4500000000003
13958.0,15,8,76132.29000000001
13959.0,35,3,3644.2400000000002
13961.0,28,1,9152.800000000001
13962.0,71,1,1413.85
13963.0,3,14,29994.55
13964.0,23,2,4563.82
13965.0,112,3,24375.31
13966.0,71,1,37372.27999999999
13967.0,32,1,494.0
13968.0,59,1,2826.3599999999997
13969.0,1,18,28600.97
13970.0,22,2,87199.03
13971.0,59,6,22909.27
13974.0,218,1,1894.41
13975.0,29,6,21434.96
13976.0,142,3,5420.52
13977.0,47,1,11858.31
13979.0,29,6,17470.0
13980.0,75,4,4303.8
13981.0,51,1,3236.86
13982.0,1,6,52853.04
13983.0,2,10,100675.42
13984.0,2,8,21015.03
13985.0,10,7,36109.47
13987.0,15,2,7307.5
13988.0,19,2,4632.42
13989.0,100,3,14924.52
13992.0,16,2,2415.7999999999997
13993.0,15,10,31548.170000000002
13995.0,15,9,27033.58
13996.0,22,2,24915.6
13997.0,155,3,1520.3899999999999
13998.0,82,3,3484.9
13999.0,10,17,70938.47
14000.0,50,4,55665.36
14001.0,9,7,43170.63
14003.0,368,1,1727.65
14004.0,29,4,18307.83
14006.0,164,4,93422.71999999999
14007.0,148,1,239.35999999999999
14008.0,68,1,5145.06
14009.0,98,1,7688.279999999999
14010.0,201,2,5744.45
14011.0,116,2,9139.279999999999
14013.0,16,2,5682.849999999999
14014.0,12,2,45681.11
14016.0,32,7,109121.14
14017.0,207,1,1286.3500000000001
14018.0,281,1,6107.17
14020.0,112,2,3874.77
14021.0,10,4,11886.66
14022.0,122,1,3544.05
14024.0,26,1,1571.8400000000001
14025.0,100,8,87326.46
14026.0,106,2,5960.97
14028.0,186,3,8311545.0
14030.0,2,14,49011.18
14031.0,1,27,864618.6900000001
14032.0,2,6,48318.62
14033.0,191,1,63037.44
14035.0,42,4,25513.18
14037.0,114,4,9657.33
14038.0,33,2,20432.7
14039.0,211,1,5725.680000000001
14040.0,22,23,93447.01
14042.0,361,1,4750.76
14043.0,127,2,1726.77
14044.0,54,6,41306.369999999995
14045.0,9,13,1312420.24
14047.0,8,10,32612.36
14048.0,18,2,1604.1599999999999
14049.0,23,9,95536.41
14051.0,2,15,128206.05
14052.0,26,1,414.65
14053.0,33,2,29620.25
14055.0,213,2,19741.100000000002
14057.0,17,5,32527.52
14058.0,98,2,4224.15
14060.0,2,13,175873.84000000003
14061.0,143,3,22636.21
14062.0,10,12,918553.87
14063.0,322,7,840776.76
14064.0,66,10,110371.65999999999
14065.0,25,3,10441.3
14068.0,239,3,7945.08
14069.0,150,2,346.64
14070.0,320,1,716.75
14072.0,302,1,1599.95
14074.0,259,1,8980.0
14075.0,39,2,19409.95
14077.0,31,1,943.16
14078.0,9,4,4149.8099999999995
14080.0,49,4,3222.36
14081.0,5,9,25121.06
14082.0,28,1,1487.75
14083.0,7,3,2133.39
14084.0,148,1,6651.4
14085.0,4,15,42336.79
14086.0,98,1,39.95
14087.0,40,2,4485.14
14088.0,42,3,462342.37
14091.0,290,2,2732294.08
14092.0,10,10,31244.56
14094.0,75,1,3604.46
14095.0,358,1,2.95
14097.0,117,2,4113.5599999999995
14099.0,11,9,20717.04
14101.0,24,7,320960.44
14104.0,25,3,4681.79
14105.0,44,4,64933.94
14106.0,373,1,5155.200000000001
14107.0,84,4,33064.51
14108.0,367,2,8976.95
14110.0,71,21,162866.86
14112.0,87,6,38818.16
14113.0,11,12,337664.13
14114.0,31,5,8473.36
14115.0,137,2,18329.629999999997
14118.0,64,1,3027.85
14119.0,11,2,4736.71
14122.0,42,3,4016.3
14123.0,369,1,4477.16
14126.0,80,1,6632.47
14127.0,16,3,8203.41
14128.0,187,1,3528.69
14129.0,35,4,22701.600000000002
14130.0,11,3,27608.29
14131.0,284,1,542.87
14133.0,369,1,1792.3
14134.0,18,15,463433.89
14135.0,3,11,445038.77
14136.0,36,5,15135.25
14137.0,331,1,20781.0
14139.0,126,3,8486.64
14142.0,9,2,6988.56
14144.0,122,1,367.20000000000005
14145.0,95,3,328412.55
14146.0,19,7,116325.4
14147.0,24,7,182585.1
14148.0,50,1,3943.83
14151.0,309,2,6061.05
14152.0,23,5,21175.23
14153.0,119,1,4085.9999999999995
14154.0,17,6,78352.84
14156.0,7,91,30112528.82
14157.0,25,3,4636.0
14159.0,15,9,78005.21
14160.0,246,7,627053.63
14161.0,5,5,20402.84
14163.0,98,1,3033.39
14166.0,141,2,499.85
14167.0,100,4,3058.55
14168.0,56,2,4737.75
14169.0,66,2,2958.8100000000004
14170.0,11,3,1418.49
14171.0,366,1,3211.0
14172.0,241,3,1054.26
14173.0,277,2,2859.92
14175.0,54,5,34154.0
14176.0,3,2,3645.99
14177.0,17,9,21351.01
14180.0,8,9,4470.41
14181.0,46,2,1201.55
14182.0,79,4,3468.41
14183.0,47,2,513.15
14186.0,63,5,23632.149999999998
14187.0,109,1,766.1
14189.0,4,2,22743.65
14190.0,302,1,159.8
14191.0,30,2,1591.8
14192.0,24,1,4915.24
14193.0,32,1,3474.6
14194.0,28,15,97180.95
14195.0,75,4,295075.2
14197.0,46,1,2969.9500000000003
14198.0,36,5,6020.47
14199.0,59,3,13870.5
14200.0,253,1,2465.2
14201.0,45,3,6735.9
14202.0,17,3,4976.82
14203.0,33,1,2490.14
14204.0,58,3,3638.55
14205.0,30,7,22136.32
14206.0,24,2,10865.95
14207.0,323,1,3117.6
14208.0,187,1,7062.53
14209.0,21,9,22419.600000000002
14210.0,7,11,32044.14
14211.0,47,9,25570.35
14212.0,81,1,87668.28
14213.0,40,1,58155.600000000006
14215.0,4,4,17209.61
14216.0,50,1,1992.18
14217.0,2,7,11237.050000000001
14219.0,45,2,4870.13
14220.0,203,2,14616.0
14221.0,85,8,37512.13
14224.0,26,5,4942.24
14225.0,70,4,42210.36
14226.0,77,1,12904.44
14227.0,50,5,34485.92
14228.0,73,3,5876.9400000000005
14229.0,39,4,14016.000000000002
14230.0,71,3,6615.38
14231.0,86,1,3101.67
14233.0,101,3,52512.75
14235.0,134,4,30978.35
14236.0,8,4,23901.26
14237.0,9,2,4232.22
14238.0,298,2,5064.76
14239.0,67,10,16841.2
14240.0,59,1,4484.55
14241.0,332,1,5760.0
14243.0,1,8,62053.12
14244.0,296,1,39434.52
14247.0,40,4,3592.65
14248.0,95,2,11133.41
14249.0,46,12,72770.341
14252.0,17,1,2009.47
14253.0,129,2,3513.2000000000003
14254.0,68,1,8813.11
14256.0,127,3,14249.31
14257.0,16,4,47430.41
14258.0,31,16,1857813.92
14260.0,107,3,8797.04
14263.0,59,1,3515.71
14264.0,15,4,9431.07
14265.0,100,2,7610.570000000001
14266.0,64,1,973.44
14268.0,106,1,3184.85
14269.0,75,1,2439.67
14271.0,45,1,214.91
14272.0,198,2,7900.09
14274.0,322,1,3200.8
14275.0,31,6,42252.46
14276.0,43,4,12123.58
14277.0,47,5,39352263.3
14278.0,45,1,1747.47
14279.0,156,2,3159.64
14281.0,44,1,1743.75
14282.0,3,11,274705.36
14283.0,99,4,8939.06
14284.0,289,1,7577.58
14285.0,149,4,21743.57
14286.0,40,4,98392.27
14290.0,49,3,44564.53
14291.0,16,12,52837.89
14292.0,46,7,144029.8
14293.0,4,6,48487.53
14294.0,43,1,3029.88
14295.0,74,3,34577.090000000004
14296.0,57,2,5259.9
14298.0,11,38,1910228.11
14299.0,1,19,451246.49
14301.0,52,3,54044.36
14302.0,66,3,14269.900000000001
14303.0,43,2,2671.0
14304.0,15,2,12717.04
14306.0,14,4,130227.68000000002
14307.0,9,5,22060.87
14309.0,49,2,19617.98
14310.0,68,1,5619.8
14311.0,203,1,1769.43
14312.0,14,5,13406.619999999999
14314.0,66,1,2455.2
14315.0,200,2,10870.85
14316.0,58,5,488572.2
14318.0,96,1,2850.7599999999998
14319.0,60,1,6808.95
14320.0,182,3,6134.0
14321.0,67,2,9754.17
14322.0,65,4,7576.599999999999
14324.0,45,2,6910.67
14325.0,205,1,4306.48
14326.0,99,2,7679.150000000001
14327.0,18,5,19710.54
14329.0,11,8,44362.88
14330.0,259,1,1580.01
14332.0,17,2,14338.800000000001
14334.0,61,4,25717.71
14338.0,172,1,6347.44
14339.0,64,1,12120.65
14341.0,56,10,24319.66
14342.0,68,2,5135.26
14343.0,57,4,4008.35
14344.0,3,14,25824.11
14346.0,61,3,18731.989999999998
14347.0,372,1,617.2
14350.0,16,2,5551.56
14353.0,46,2,4117.68
14355.0,1,3,8424.39
14358.0,25,2,5672.44
14361.0,214,1,3706.91
14363.0,38,2,3409.8700000000003
14365.0,30,2,6243.26
14366.0,161,1,2176.0
14369.0,278,2,4827.09
14370.0,86,6,11437.760000000002
14372.0,79,2,7065.5199999999995
14374.0,177,1,304.9
14375.0,86,2,4916.77
14376.0,319,1,1076.64
14378.0,257,1,835.95
14379.0,29,2,5529.55
14381.0,87,1,3756.88
14382.0,26,1,3668.6099999999997
14384.0,136,1,585.0
14388.0,8,9,36597.72
14389.0,60,3,23001.55
14390.0,8,5,11887.01
14391.0,212,1,1627.1999999999998
14392.0,68,1,2208.6000000000004
14394.0,200,1,888.4
14395.0,8,12,30106.72
14396.0,7,6,9558.66
14398.0,37,2,3662.05
14399.0,30,8,26090.879999999997
14400.0,44,2,65382.490000000005
14401.0,60,9,62585.52
14402.0,288,1,27432.0
14403.0,225,2,18358.2
14404.0,5,8,25466.170000000002
14405.0,22,1,10140.0
14408.0,107,4,65005.920000000006
14409.0,4,5,58729.18000000001
14410.0,12,2,12791.55
14412.0,60,1,12113.16
14413.0,46,2,2266.81
14414.0,10,1,16203.55
14415.0,15,10,41949.98
14417.0,23,1,6693.5199999999995
14419.0,18,1,727.85
14420.0,32,3,16022.869999999999
14421.0,148,4,27308.7
14422.0,10,13,56836.96
14423.0,73,2,48893.030000000006
14425.0,70,3,5442.07
14426.0,39,7,95302.07
14427.0,130,2,6921.0199999999995
14429.0,39,1,6983.92
14430.0,147,3,15117.800000000001
14431.0,15,3,56687.24
14433.0,101,1,618.8
14435.0,137,1,7929.0
14436.0,189,1,22700.159999999996
14437.0,1,5,9887.58
14439.0,79,4,134291.84
14440.0,1,9,78906.59
14441.0,10,7,28629.02
14442.0,50,5,25505.1
14443.0,4,2,9418.869999999999
14444.0,92,1,2306.16
14445.0,91,1,591.55
14446.0,22,1,1940.23
14447.0,36,1,4758.14
14449.0,8,5,11387.68
14450.0,15,4,5375.45
14451.0,25,10,12366.4
14452.0,31,2,1145.15
14454.0,12,5,7550.56
14455.0,68,4,12552.27
14458.0,16,1,3433.66
14459.0,287,1,75776.121
14460.0,32,6,37809.240000000005
14461.0,18,10,35129.14
14462.0,68,1,616.89
14463.0,135,1,4029.45
14464.0,204,2,3117.0
14465.0,64,8,239385.57
14466.0,8,7,35407.5
14467.0,25,8,8199.93
14468.0,369,1,4446.08
14469.0,52,4,33539.01
14470.0,66,1,2454.65
14471.0,227,2,2221.13
14472.0,325,1,1261.3
14474.0,215,1,3674.52
14475.0,44,1,3970.2000000000003
14477.0,72,3,66000.0
14478.0,18,4,33298.520000000004
14479.0,1,3,6457.18
14480.0,38,3,11193.390000000001
14481.0,43,3,29783.820000000003
14482.0,15,6,115855.6
14483.0,372,1,2880.0
14484.0,37,3,11236.88
14486.0,147,2,2925.0
14487.0,4,2,932.26
14489.0,73,3,11511.65
14490.0,42,2,14961.41
14491.0,8,1,1575.6
14492.0,66,7,20161.99
14493.0,26,5,31074.39
14494.0,37,2,4914.6
14495.0,295,1,306.0
14496.0,9,6,34374.76
14497.0,309,1,2077.87
14498.0,37,5,24967.93
14499.0,10,4,10402.85
14505.0,40,11,31798.88
14506.0,5,3,4432.04
14507.0,14,5,13266.17
14508.0,12,3,1589.46
14509.0,170,1,174.75
14510.0,11,3,15506.800000000001
14512.0,19,5,17914.050000000003
14513.0,72,3,9362.96
14514.0,72,6,39636.79
14515.0,23,6,29408.11
14516.0,152,1,533.26
14519.0,319,2,573.39
14521.0,127,1,1884.0100000000002
14522.0,231,4,20800.140000000003
14524.0,45,4,7553.87
14525.0,64,8,146419.50999999998
14526.0,25,1,1190.6
14527.0,1,68,96782.88
14530.0,32,10,37622.81
14531.0,115,1,3314.02
14532.0,47,7,20775.65
14533.0,43,4,195132.97
14534.0,33,8,13214.35
14535.0,31,6,12995.74
14537.0,259,1,2942.04
14538.0,166,3,4279.03
14540.0,15,8,31360.2
14541.0,52,6,9427.31
14543.0,16,23,361697.54
14544.0,106,1,18017.18
14545.0,310,1,3062.05
14546.0,12,6,13624.19
14548.0,120,7,106103.75
14549.0,56,3,2681.59
14550.0,24,2,5319.65
14551.0,47,5,11092.61
14552.0,16,2,753.93
14553.0,47,4,8475.63
14555.0,17,4,17821.11
14556.0,232,3,1973.84
14558.0,290,3,7855.5
14559.0,26,1,2721.6000000000004
14560.0,15,22,168777.82
14562.0,26,8,10503.95
14563.0,145,2,4111.38
14564.0,70,2,30565.58
14565.0,109,1,9233.9
14566.0,53,3,421750.0
14568.0,71,1,14466.7
14569.0,88,3,6230.13
14570.0,79,1,5089.23
14571.0,61,1,410.55
14572.0,53,4,30283.72
14573.0,8,5,2248.66
14574.0,368,1,1678.7
14575.0,124,1,2050.43
14576.0,8,1,424.80000000000007
14577.0,30,3,3999.94
14579.0,68,1,264.58
14580.0,154,1,44.55
14581.0,180,1,590.6
14583.0,19,3,1984.18
14584.0,57,4,3922.6099999999997
14585.0,18,4,37214.08
14588.0,214,1,912.0899999999999
14589.0,7,1,71.55
14590.0,60,20,32754.440000000002
14593.0,33,9,18298.2
14594.0,9,1,1351.3
14595.0,89,2,4174.25
14596.0,262,1,373.55
14597.0,15,4,53499.170000000006
14598.0,205,1,863.07
14599.0,26,2,2324.5
14600.0,29,1,5391.92
14602.0,292,1,635.94
14604.0,269,1,1405.78
14605.0,10,4,5083.27
14606.0,2,97,132214.99
14607.0,103,8,495021.35
14608.0,15,6,49637.270000000004
14609.0,26,6,1139124.24
14610.0,31,2,49.849999999999994
14611.0,79,2,9216.57
14612.0,51,1,8835.8
14613.0,316,1,5495.040000000001
14614.0,22,1,2712.77
14615.0,30,5,9915.34
14616.0,21,2,3392.2
14617.0,38,2,2558.43
14618.0,12,4,19834.22
14619.0,177,1,11300.2
14621.0,147,4,13051.33
14623.0,16,5,11341.31
14624.0,51,4,6572.24
14625.0,10,9,34520.17
14626.0,31,7,53786.49
14627.0,15,1,4088.15
14628.0,78,3,17010.5
14630.0,120,1,1752.35
14631.0,22,3,15496.130000000001
14634.0,73,4,49365.22
14635.0,89,1,1508.56
14637.0,313,1,1525.92
14639.0,44,3,17652.91
14640.0,45,4,11829.0
14643.0,253,3,16174.64
14644.0,50,5,23673.48
14645.0,270,1,2926.3999999999996
14646.0,10,73,42812232.92
14647.0,159,1,1476.3500000000001
14648.0,52,15,128999.57999999999
14649.0,18,5,26026.42
14650.0,224,1,413.5
14651.0,30,7,10909.86
14653.0,149,4,21668.34
14654.0,374,1,3411.38
14655.0,24,3,91559.72
14656.0,51,3,831.76
14657.0,65,2,4365.51
14662.0,63,3,4165.92
14663.0,66,2,5018.66
14665.0,63,2,18991.45
14667.0,1,31,235360.30000000002
14668.0,81,1,531.61
14669.0,269,4,14547.82
14670.0,368,1,433.49
14671.0,185,2,15476.85
14672.0,151,2,3387.99
14673.0,3,3,22261.010000000002
14674.0,145,1,1182.58
14675.0,24,1,2033.03
14676.0,30,6,469395.20999999996
14677.0,228,1,1836.97
14678.0,215,1,3168.37
14679.0,17,3,18994.98
14680.0,7,43,854404.5
14681.0,23,3,5246.700000000001
14682.0,64,4,14612.03
14683.0,224,1,3201.74
14684.0,26,1,500.03
14685.0,212,8,114454.07
14686.0,50,5,3137.19
14687.0,36,2,16675.08
14688.0,9,8,51837.46
14690.0,28,2,1887.55
14692.0,16,8,20126.38
14693.0,61,6,7321.66
14694.0,253,1,3103.17
14695.0,155,3,23321.11
14696.0,9,2,9169.83
14699.0,71,3,5548.69
14700.0,51,2,5974.78
14701.0,78,6,15032.84
14702.0,1,13,19518.02
14704.0,60,2,669.26
14706.0,254,1,5228.09
14707.0,71,2,6681.599999999999
14708.0,4,3,72949.45
14709.0,15,12,54429.19
14710.0,15,9,5905.98
14712.0,54,1,5709.6
14713.0,1,11,24195.670000000002
14714.0,43,3,4842.73
14715.0,78,4,36171.369999999995
14716.0,80,1,854.71
14717.0,369,1,274.2
14718.0,46,1,5473.82
14721.0,15,1,373.46999999999997
14722.0,113,2,694.25
14723.0,7,7,4515.06
14724.0,226,1,1949.03
14725.0,30,3,11459.32
14726.0,290,1,1512.15
14727.0,182,2,4227.67
14728.0,49,1,900.6800000000001
14729.0,9,3,2404.37
14732.0,28,11,20616.34
14733.0,3,4,203300.46
14734.0,61,4,6935.400000000001
14735.0,24,24,108778.91
14736.0,121,2,783.84
14737.0,36,1,62254.76
14738.0,196,2,4758.650000000001
14739.0,3,19,449991.64
14740.0,45,8,29498.83
14741.0,8,2,5623.35
14742.0,71,1,7564.15
14743.0,228,1,647.36
14744.0,2,8,194208.14
14745.0,137,7,22074.25
14746.0,42,4,38967.4
14748.0,4,7,27212.49
14749.0,115,1,7877.95
14750.0,372,1,408.33000000000004
14751.0,320,2,1163.85
14753.0,96,1,3236.46
14754.0,61,4,6115.25
14755.0,17,14,47998.310000000005
14756.0,18,2,25087.920000000002
14758.0,32,3,8555.390000000001
14761.0,80,1,1116.1399999999999
14762.0,262,1,969.05
14766.0,2,6,67772.1
14767.0,110,1,2167.67
14769.0,26,9,54301.11
14770.0,103,6,23438.54
14771.0,257,2,7826.94
14773.0,228,1,739.65
14774.0,164,1,2136.4500000000003
14775.0,8,1,9881.28
14776.0,23,4,27305.82
14777.0,39,1,3574.56
14783.0,295,1,5051.88
14784.0,25,1,1652.12
14786.0,186,1,1458.24
14787.0,107,1,587.5500000000001
14788.0,232,1,5767.86
14790.0,10,6,34748.18
14791.0,242,1,1980.81
14793.0,171,1,3996.07
14794.0,38,3,2042.63
14796.0,2,11,23167.61
14797.0,143,1,2046.27
14798.0,17,5,7045.51
14799.0,373,1,9662.249999999998
14800.0,5,6,67876.61
14805.0,40,3,4251.49
14806.0,75,1,1148.88
14807.0,26,2,5215.29
14809.0,257,2,12041.46
14810.0,5,3,2149.94
14811.0,23,1,612.9
14812.0,234,1,656.9
14813.0,5,4,3403.8
14814.0,217,1,911.29
14817.0,31,5,31856.64
14818.0,94,3,2766.9900000000002
14819.0,130,2,383.23
14820.0,16,5,14013.37
14821.0,2,7,13489.050000000001
14822.0,121,1,1880.2
14824.0,15,6,37501.8
14825.0,4,13,39672.13
14826.0,217,2,5726.4
14828.0,24,10,857373.88
14829.0,8,4,9922.39
14831.0,316,3,19050.89
14833.0,134,1,758.4
14834.0,43,1,3712.9
14835.0,164,2,27799.199999999997
14837.0,78,5,30589.84
14838.0,59,2,4924.77
14839.0,54,3,14144.7
14840.0,175,1,2434.52
14841.0,10,8,67830.38
14843.0,72,1,3621.6000000000004
14844.0,66,6,135234.4
14845.0,235,1,90000.0
14846.0,63,1,10085.1
14847.0,43,2,13590.55
14848.0,40,1,8858.4
14849.0,9,21,180332.27000000002
14850.0,53,6,20247.34
14851.0,266,1,9887.64
14852.0,60,12,58581.63
14853.0,59,3,12059.71
14854.0,26,4,23965.19
14855.0,110,5,227566.99
14857.0,78,5,27195.871
14858.0,141,1,1758.7499999999998
14859.0,190,1,19740.9
14861.0,16,9,16839.02
14865.0,8,3,3047.04
14866.0,2,7,514024.64
14867.0,31,13,16205.02
14868.0,16,4,16377.44
14869.0,24,4,22498.94
14870.0,49,5,13689.6
14871.0,129,5,2979.23
14872.0,119,3,13267.92
14873.0,269,1,2176.85
14874.0,171,1,3716.1200000000003
14875.0,77,1,32769.94
14876.0,157,2,3276.28
14877.0,54,2,1565.7
14878.0,12,16,51950.56
14879.0,320,1,909.0
14882.0,26,12,132815.85
14884.0,305,1,1114.0
14885.0,63,2,33619.2
14890.0,254,2,7889.24
14891.0,52,2,5647.570000000001
14892.0,326,1,1199.3500000000001
14893.0,253,1,4672.6
14894.0,79,2,14489.640000000001
14895.0,19,18,261208.87
14896.0,1,7,7019.39
14897.0,45,4,15914.28
14898.0,7,9,24496.35
14899.0,31,1,7999.5
14900.0,158,1,668.1599999999999
14901.0,2,5,5937.12
14902.0,31,2,10254.26
14904.0,44,2,11928.4
14905.0,10,6,23432.04
14907.0,3,10,27510.25
14908.0,99,1,1114.2
14909.0,73,3,14526.42
14911.0,1,183,2846612.33
14912.0,37,3,38085.11
14913.0,24,4,44519.68
14915.0,11,9,12513.57
14916.0,67,4,69101.73
14917.0,232,2,48009.630000000005
14918.0,40,7,100607.02
14919.0,175,1,4212.55
14920.0,201,1,6006.66
14922.0,29,2,6090.52
14924.0,246,2,7403.08
14926.0,17,2,27698.399999999998
14927.0,32,1,3069.2
14928.0,263,1,2668.9700000000003
14929.0,57,1,10863.630000000001
14930.0,106,3,17320.17
14932.0,1,2,5369.610000000001
14933.0,79,4,354000.0
14934.0,14,3,15254.52
14935.0,255,1,74370.24
14936.0,26,4,71231.81
14938.0,198,2,74891.87
14940.0,53,2,6560.75
14941.0,214,1,3422.9999999999995
14942.0,37,4,23894.48
14943.0,299,1,863.32
14944.0,25,7,66066.18000000001
14945.0,49,1,2606.3999999999996
14947.0,24,4,4219.21
14949.0,105,4,5131.4800000000005
14952.0,32,21,304160.44
14953.0,54,3,6029.89
14954.0,339,1,702.39
14955.0,368,1,1128.27
14956.0,57,1,828125.0
14957.0,280,1,1982.0
14958.0,231,3,1934.74
14961.0,15,13,164485.27
14962.0,175,3,2589.9900000000002
14963.0,15,7,11462.46
14966.0,23,5,16091.04
14967.0,77,5,58249.79
14968.0,94,1,965.03
14969.0,339,1,33118.509999999995
14970.0,45,8,52678.95
14972.0,17,1,181.8
14975.0,57,1,2564.9500000000003
14977.0,361,1,257.61
14978.0,66,5,4053.28
14979.0,371,1,3249.04
14980.0,373,1,643.16
14981.0,59,1,2703.2
14982.0,208,1,863.6
14983.0,325,1,1107.1000000000001
14984.0,24,4,52318.399999999994
14986.0,12,2,2403.52
14987.0,1,7,93492.04999999999
14988.0,16,6,17653.260000000002
14989.0,297,1,3354.3999999999996
14990.0,248,2,1958.3400000000001
14991.0,66,1,3463.2899999999995
14992.0,78,1,1662.28
14993.0,199,1,89.11
14994.0,18,5,2217.64
14996.0,117,2,5916.23
14997.0,291,1,5745.599999999999
14998.0,64,2,881.1400000000001
14999.0,228,1,1159.6200000000001
15001.0,30,2,351.97999999999996
15002.0,3,6,31532.12
15003.0,109,6,3796.3
15005.0,2,29,32882.03
15006.0,89,1,870.15
15008.0,116,2,55536.0
15011.0,31,2,7337.9
15012.0,9,2,1138.4
15013.0,123,10,16422.06
15015.0,137,13,14673.039999999999
15016.0,29,4,1102.46
15018.0,3,1,460.75
15020.0,15,1,902.8399999999999
15021.0,2,4,1737.03
15022.0,313,1,5620.249999999999
15023.0,5,10,46062.21
15024.0,3,8,20853.899999999998
15025.0,204,1,3869.55
15026.0,11,2,3584.91
15027.0,31,6,250858.75000000003
15028.0,4,3,4834.96
15029.0,255,1,9934.2
15030.0,16,6,86375.41
15031.0,30,10,18623.94
15032.0,2,7,1240573.65
15034.0,22,6,84714.39
15037.0,12,2,5214.7300000000005
15038.0,5,4,1270.77
15039.0,4,47,575109.91
15040.0,177,1,7.49
15041.0,80,1,634.79
15042.0,231,1,11850.240000000002
15043.0,99,5,96675.1
15044.0,15,15,55761.64
15046.0,61,10,48872.4
15048.0,4,1,216.4
15050.0,57,2,67917.42
15051.0,15,6,68143.91
15055.0,110,3,3418.67
15056.0,156,1,1681.95
15057.0,79,3,35350.2
15058.0,12,5,15042.46
15059.0,12,10,9401.83
15061.0,3,86,12473444.09
15062.0,59,4,21557.02
15064.0,46,4,11697.89
15065.0,46,1,774.91
15067.0,49,2,27188.14
15068.0,54,2,4396.69
15070.0,8,3,9947.650000000001
15071.0,22,2,2626.19
15072.0,115,1,2131.36
15073.0,36,5,15559.869999999999
15074.0,65,2,21268.28
15076.0,128,2,5787.15
15077.0,130,2,84244.31999999999
15078.0,4,22,103340.69
15079.0,1,8,98389.24
15080.0,63,2,5229.650000000001
15081.0,3,8,12072.94
15082.0,304,1,678.95
15084.0,15,2,24859.4
15085.0,365,1,6594.34
15086.0,200,2,1833.51
15091.0,310,2,6680.0
15092.0,98,1,1585.3500000000001
15093.0,8,18,525710.87
15094.0,99,2,464.00000000000006
15095.0,56,6,39814.08
15097.0,219,2,41858.369999999995
15100.0,2,6,58720.2
15101.0,151,4,9529.11
15102.0,166,2,7105.7300000000005
15105.0,66,2,8232.64
15107.0,8,4,4514.25
15109.0,215,2,3307.05
15110.0,39,2,2541.35
15111.0,8,3,8785.93
15112.0,247,1,3036.6000000000004
15114.0,19,2,7015.5199999999995
15115.0,368,1,1173.92
15117.0,84,3,89887.67
15122.0,58,8,28722.09
15123.0,57,3,53935.22
15124.0,112,2,4079.85
15125.0,115,9,152201.61000000002
15126.0,172,2,4953.67
15127.0,155,1,5365.55
15128.0,66,1,4341.76
15129.0,21,12,80927.54000000001
15131.0,30,1,906.72
15133.0,18,2,15269.36
15134.0,17,2,3163.0
15135.0,192,1,635.81
15137.0,156,2,14391.36
15138.0,29,1,4668.4
15140.0,78,1,14101.28
15141.0,93,7,24215.57
15142.0,46,5,33723.479999999996
15143.0,68,1,2339.22
15144.0,15,12,112069.47
15149.0,213,3,4890.79
15150.0,92,3,41180.29
15151.0,59,2,23637.190000000002
15152.0,337,1,5247.8
15154.0,114,2,3429.23
15155.0,19,1,2766.65
15157.0,205,2,33919.76
15158.0,37,1,338.32
15159.0,31,4,95667.1
15160.0,10,3,4774.27
15161.0,24,1,669.32
15162.0,367,1,1865.4
15164.0,25,6,3166.45
15165.0,9,1,3146.8500000000004
15166.0,103,1,1875.54
15167.0,43,4,12336.829999999998
15169.0,18,2,5496.76
15170.0,42,1,706.95
15173.0,16,7,14755.2
15174.0,46,1,3579.43
15176.0,303,1,8562.98
15177.0,61,1,29549.39
15179.0,28,8,95779.71
15180.0,3,3,9990.81
15181.0,56,2,20482.559999999998
15182.0,21,9,37165.622
15183.0,183,3,4980.41
15184.0,23,2,4498.889999999999
15186.0,110,3,18954.91
15188.0,361,1,4455.57
15189.0,17,5,81178.91
15190.0,70,1,16437.079999999998
15191.0,99,3,4788.95
15192.0,1,3,13490.95
15194.0,4,14,115935.44
15196.0,68,2,1347.0500000000002
15197.0,30,3,23731.059999999998
15198.0,44,3,5589.67
15199.0,10,6,37492.1
15200.0,130,1,3855.75
15201.0,75,2,8967.27
15203.0,26,9,30713.36
15207.0,52,3,16970.56
15208.0,59,1,738.5
15209.0,366,1,1241.26
15210.0,14,2,21900.09
15211.0,1,1,2096.8100000000004
15212.0,12,1,912.96
15215.0,29,4,14223.550000000001
15216.0,254,1,2993.23
15217.0,199,1,2724.18
15218.0,25,11,264920.1
15219.0,284,1,4937.96
15221.0,2,4,18950.9
15222.0,108,10,140151.41
15223.0,245,3,10479.2
15224.0,148,3,10269.26
15227.0,32,4,10012.19
15228.0,64,2,23514.28
15229.0,222,1,2388.6
15231.0,257,1,3611.88
15233.0,37,1,712.8000000000001
15235.0,5,6,5470.18
15240.0,10,7,52063.55
15241.0,66,3,30967.84
15242.0,58,1,15638.880000000001
15243.0,71,1,6101.56
15244.0,302,1,1196.47
15245.0,38,5,81529.68
15246.0,191,1,1781.25
15247.0,113,2,24750.44
15248.0,47,3,19419.15
15249.0,66,5,23071.260000000002
15250.0,276,1,960.0
15251.0,50,10,624122.03
15252.0,57,3,18527.77
15253.0,39,3,13164.35
15254.0,182,2,6789.45
15255.0,32,8,49365.55
15256.0,197,1,732.95
15257.0,50,1,1031.65
15259.0,148,4,9608.24
15260.0,8,20,200851.12
15261.0,17,3,10139.32
15262.0,16,2,2139.31
15264.0,166,1,2387.42
15265.0,240,2,16175.720000000001
15266.0,15,4,8936.47
15268.0,114,3,51913.00000000001
15269.0,16,2,8358.62
15270.0,36,14,171234.83
15271.0,1,10,13922.710000000001
15272.0,86,4,2572.38
15273.0,235,1,49455.36
15276.0,30,3,1291.9
15277.0,61,1,2637.66
15278.0,197,4,8550.12
15279.0,16,4,10285.59
15280.0,124,2,4073.48
15281.0,14,7,61070.3
15282.0,206,1,6862.3099999999995
15283.0,26,3,426.11
15284.0,136,1,123.75
15285.0,43,1,1905.1199999999997
15287.0,15,3,30128.18
15288.0,1,6,23307.52
15289.0,94,2,14424.81
15290.0,29,8,73103.95999999999
15291.0,9,26,356178.5
15293.0,301,1,2362.2
15294.0,46,1,1474.3500000000001
15295.0,290,1,847.28
15296.0,56,6,103263.47
15298.0,2,12,61038.55
15299.0,8,6,2178878.1300000004
15301.0,4,6,28751.670000000002
15302.0,366,1,2310.6000000000004
15303.0,201,2,4521.34
15304.0,4,2,1320.75
15305.0,191,1,738.0
15306.0,136,6,215269.24000000002
15309.0,246,4,6424.9800000000005
15310.0,114,1,73491.36
15311.0,1,120,3042592.5
15312.0,19,8,20662.32
15314.0,49,2,11546.12
15317.0,313,1,1290.15
15321.0,73,9,46699.86
15322.0,112,1,9023.14
15323.0,198,3,2726.4
15324.0,337,1,1270.92
15325.0,31,7,11619.66
15326.0,245,4,12559.49
15328.0,43,1,1298.48
15329.0,10,8,14320.43
15331.0,135,3,13835.79
15332.0,2,6,83777.52
15336.0,37,1,1364.6000000000001
15337.0,47,1,3548.38
15338.0,313,1,1130.79
15339.0,57,5,14701.49
15340.0,197,1,1125.8000000000002
15341.0,85,1,11029.2
15346.0,61,2,2023.22
15347.0,2,4,30573.3
15350.0,9,2,5138.5
15351.0,5,4,21065.28
15352.0,184,1,138.95
15353.0,3,6,13805.75
15356.0,4,4,1249.01
15358.0,1,22,151858.16999999998
15359.0,298,8,2290.35
15361.0,162,3,3787.95
15362.0,84,2,5254.639999999999
15363.0,8,2,7786.790000000001
15365.0,39,6,23211.47
15366.0,45,5,42078.090000000004
15367.0,54,7,33148.78
15368.0,30,1,35479.6
15369.0,128,11,509728.28
15370.0,46,1,17700.28
15371.0,298,1,712.8000000000001
15372.0,86,7,644626.6
15373.0,7,6,4548.04
15374.0,260,1,3791.76
15375.0,326,1,1040.3999999999999
15377.0,18,4,22163.649999999998
15378.0,98,2,2855.0
15379.0,36,1,11769.369999999999
15380.0,1,7,104965.52
15381.0,59,3,61268.7
15382.0,10,6,126451.94
15384.0,17,2,20418.52
15385.0,28,2,41381.1
15387.0,128,1,7672.75
15389.0,36,4,1838212.0
15390.0,32,2,14084.74
15391.0,220,1,6312.990000000001
15392.0,10,3,38129.649999999994
15393.0,203,3,4976.3
15394.0,31,7,35425.88
15396.0,219,1,40687.200000000004
15400.0,56,3,15376.7
15401.0,88,2,1389.65
15402.0,23,4,25795.57
15403.0,127,2,11816.640000000001
15404.0,11,1,5517.719999999999
15405.0,212,1,1894.7
15406.0,89,2,3223.48
15409.0,357,1,786.75
15410.0,204,2,35904.920000000006
15413.0,327,5,824865.76
15416.0,114,3,5437.66
15418.0,61,2,3149.06
15420.0,70,6,11099.9
15421.0,21,6,19508.12
15422.0,15,5,14110.69
15423.0,217,2,2603.83
15424.0,99,1,4458.96
15425.0,36,4,25309.37
15426.0,5,5,8120.44
15428.0,23,3,4150.6900000000005
15430.0,103,2,7999.150000000001
15431.0,138,1,5891.040000000001
15432.0,177,1,596.41
15434.0,10,6,17616.06
15437.0,276,1,1434.0900000000001
15439.0,40,4,19363.75
15441.0,32,3,14356.650000000001
15443.0,110,7,15352.74
15445.0,226,1,1014.4
15446.0,12,3,1192.01
15447.0,163,4,2527.87
15448.0,310,1,3352.91
15451.0,70,2,399.41
15452.0,26,3,8811.84
15454.0,254,1,641.99
15455.0,233,1,63.75
15456.0,39,7,37834.93
15458.0,38,1,5011.2
15459.0,53,2,4920.2699999999995
15461.0,96,2,49561.0
15462.0,81,1,5655.45
15465.0,5,15,135326.73
15466.0,25,3,7385.4
15468.0,28,1,44286.06999999999
15469.0,74,1,2203.5
15470.0,211,1,4007.6399999999994
15471.0,16,2,18225.719999999998
15473.0,80,1,9859.2
15474.0,231,1,806.5400000000001
15476.0,16,4,44942.54
15477.0,285,1,42710.4
15478.0,211,1,8919.460000000001
15479.0,369,1,602.3
15480.0,105,2,44809.41
15481.0,37,1,87379.4
15482.0,22,7,186862.7
15483.0,21,6,4101.71
15484.0,176,2,18897.13
15485.0,9,5,73763.45
15486.0,163,1,4080.0
15487.0,315,1,2524.7200000000003
15488.0,92,4,15807.52
15489.0,36,5,13049.29
15490.0,66,1,1216.94
15493.0,25,4,5755.79
15494.0,114,3,45898.94
15495.0,15,1,2882.9
15496.0,267,1,909.54
15497.0,18,7,160155.43
15498.0,2,19,210716.94
15499.0,359,1,294.4
15501.0,40,2,1281.24
15502.0,4,5,69475.56
15503.0,362,1,159.96
15504.0,156,3,879.39
15506.0,17,3,12427.99
15509.0,16,1,526.55
15512.0,26,2,4344.02
15513.0,1,18,363550.99
15514.0,15,7,101187.65
15515.0,23,1,4572.63
15518.0,15,7,19869.85
15519.0,19,2,4206.389999999999
15521.0,36,8,56399.55
15523.0,24,15,2025852.5
15524.0,242,1,427.3
15525.0,9,2,2311.62
15527.0,30,15,30068.57
15529.0,2,2,10053.24
15530.0,148,1,4433.87
15532.0,12,6,11138.660000000002
15534.0,361,1,1378.15
15535.0,40,2,2112.2
15536.0,45,1,4142.05
15538.0,173,6,518740.9
15540.0,11,1,3789.96
15542.0,148,3,2324.21
15543.0,95,1,454.53999999999996
15544.0,8,12,66439.92
15545.0,7,1,472.13
15546.0,242,2,21549.300000000003
15547.0,12,12,44533.25
15548.0,231,1,769.79
15549.0,57,5,4255.46
15550.0,14,8,16111.45
15551.0,30,6,8225.22
15552.0,259,1,2440.7000000000003
15555.0,1,22,96468.82
15558.0,275,1,2168.8700000000003
15559.0,204,1,10744.2
15560.0,33,2,1094.16
15561.0,19,4,25127.039999999997
15562.0,60,2,19899.95
15563.0,150,3,24143.739999999998
15564.0,99,2,634.6800000000001
15566.0,28,2,3271.81
15569.0,26,5,163417.64
15570.0,5,14,36297.2
15571.0,22,10,78006.42
15572.0,16,3,12808.710000000001
15573.0,254,3,6080.61
15574.0,8,3,11263.39
15575.0,255,1,69.1
15577.0,359,2,323.9
15579.0,19,3,8506.800000000001
15580.0,12,8,7880.7300000000005
15581.0,2,25,42540.5
15583.0,12,1,164.18
15584.0,35,2,1624.23
15586.0,228,3,68734.44
15587.0,28,3,31155.840000000004
15588.0,313,1,13910.4
15590.0,18,5,14856.72
15591.0,218,3,2648.6000000000004
15595.0,123,1,15609.599999999999
15596.0,1,5,14202.41
15597.0,211,1,1676.1000000000001
15598.0,63,1,3575.22
15599.0,81,1,6040.24
15600.0,64,4,13144.75
15601.0,8,17,127013.26
15602.0,4,8,34855.62
15603.0,284,1,640.0
15605.0,9,5,4478.31
15606.0,26,8,38228.85
15607.0,179,8,22230.289999999997
15608.0,51,1,8844.26
15611.0,19,13,8673.31
15613.0,246,1,23081.199999999997
15614.0,73,4,103784.0
15615.0,26,24,181445.25
15616.0,74,1,3527.55
15617.0,32,3,9077.15
15620.0,45,1,4524.42
15622.0,63,8,42078.85
15623.0,29,7,35639.52
15625.0,12,5,31629.0
15626.0,57,1,4459.38
15627.0,93,2,11908.52
15628.0,2,9,34245.96
15629.0,86,4,59823.8
15630.0,280,1,2815.65
15631.0,278,1,8541.95
15633.0,145,13,77735.8
15634.0,19,1,2435.1000000000004
15635.0,31,1,275.54999999999995
15636.0,73,2,7255.360000000001
15637.0,49,4,34841.590000000004
15638.0,14,6,143945.88
15639.0,87,2,6723.0
15640.0,8,15,385953.76
15641.0,32,8,57685.67
15642.0,365,1,4650.84
15645.0,50,2,6315.12
15646.0,8,3,6542.71
15647.0,51,1,1862.8
15649.0,3,3,94155.35
15650.0,157,2,3021.32
15651.0,56,2,9924.800000000001
15652.0,23,4,14333.36
15658.0,8,4,10226.09
15659.0,22,2,1297.2
15660.0,1,7,16259.67
15661.0,15,6,19281.37
15662.0,297,2,4391.05
15664.0,85,3,7753.74
15665.0,47,3,20312.81
15666.0,108,2,6841.44
15670.0,192,1,1163.45
15672.0,361,1,163.5
15673.0,87,5,53896.67
15674.0,53,8,47055.13
15675.0,40,1,1485.55
15677.0,57,2,5464.0
15678.0,31,2,23349.77
15680.0,2,8,34851.64
15681.0,15,9,23475.72
15682.0,235,2,2680.68
15683.0,109,1,4582.1900000000005
15684.0,183,3,1262.95
15685.0,86,1,119.42
15686.0,56,1,6480.0
15688.0,54,1,849.27
15689.0,253,1,2035.01
15691.0,30,3,4895.8
15693.0,295,1,1125.0
15694.0,1,12,78559.34999999999
15695.0,233,2,5650.84
15696.0,59,5,9260.15
15697.0,325,1,2218.95
15698.0,260,1,1677.6000000000001
15702.0,112,1,930.37
15704.0,138,2,15296.16
15708.0,5,3,6419.32
15709.0,225,1,474.47999999999996
15710.0,53,1,9215.77
15711.0,192,2,3316.05
15712.0,15,7,17963.65
15713.0,2,3,5183.71
15714.0,89,3,9859.210000000001
15715.0,191,5,4615.04
15716.0,5,8,28371.68
15717.0,57,4,4558.6
15718.0,176,1,1856.23
15719.0,17,18,25535.510000000002
15720.0,186,1,253.19
15722.0,81,6,67483.5
15723.0,47,3,8947.27
15724.0,36,1,671.6
15726.0,26,1,1489.07
15727.0,23,8,38060.69
15728.0,15,2,7728.8
15729.0,36,2,342.45000000000005
15730.0,17,2,5268.46
15731.0,189,1,1929.7999999999997
15732.0,8,9,17414.53
15734.0,72,2,14896.85
15735.0,57,1,3655.54
15736.0,71,2,24826.58
15738.0,8,26,206377.39
15741.0,94,2,1344.8600000000001
15742.0,255,1,188.67
15747.0,11,6,23331.05
15748.0,85,2,75112.84999999999
15750.0,2,12,44743.231
15751.0,96,11,6808.76
15752.0,8,3,12637.02
15754.0,129,6,44408.04
15755.0,15,11,43173.11
15757.0,22,4,17886.56
15759.0,147,4,28168.35
15761.0,78,1,755.9499999999999
15764.0,70,2,15945.85
15765.0,302,1,4644.11
15766.0,92,2,6807.6
15768.0,112,31,68928.16
15769.0,7,21,8024236.8
15770.0,248,1,1255.65
15771.0,240,3,34583.94
15772.0,54,1,1851.52
15773.0,45,1,894.98
15774.0,54,5,7210.610000000001
15775.0,267,1,4815.360000000001
15777.0,32,3,12800.4
15778.0,67,1,1801.0500000000002
15779.0,99,2,342.16
15782.0,66,1,108389.44
15784.0,103,2,8132.01
15785.0,15,11,114217.96
15786.0,53,2,44714.56
15788.0,144,1,1943.91
15789.0,67,5,28872.45
15791.0,165,3,30698.79
15792.0,35,2,9976.8
15793.0,14,5,135476.96000000002
15794.0,372,2,24402.000000000004
15795.0,66,7,12311.36
15796.0,10,9,16990.09
15797.0,217,2,62207.04
15798.0,128,3,18605.93
15799.0,54,1,5594.51
15800.0,89,5,2118.3199999999997
15803.0,81,3,26700.48
15805.0,21,13,72964.09
15807.0,44,2,46274.28
15808.0,5,18,200535.1
15809.0,95,2,19242.65
15810.0,22,4,20743.68
15811.0,1,2,9218.78
15812.0,71,7,545368.27
15814.0,29,2,16263.21
15816.0,178,2,983.1500000000001
15817.0,56,3,31061.96
15818.0,224,1,22875.0
15819.0,67,6,24203.78
15822.0,129,4,22232.83
15823.0,365,2,52203.97
15824.0,89,2,15980.28
15826.0,204,1,15918.509999999998
15827.0,8,16,13760.019999999999
15828.0,11,1,6706.46
15833.0,373,1,375.3
15834.0,12,3,11423.88
15837.0,121,1,3025.31
15838.0,3,16,199379452.16000003
15841.0,22,5,67022.81
15842.0,29,2,10000.260000000002
15845.0,172,3,3852.3900000000003
15846.0,21,1,387.45
15847.0,64,3,3086.76
15848.0,257,1,223.34
15850.0,12,4,9744.03
15851.0,162,1,1516.61
15852.0,162,1,122.05
15854.0,12,9,67085.7
15855.0,112,1,9092.24
15856.0,1,26,572694.59
15857.0,66,1,8619.12
15858.0,3,9,22411.68
15859.0,68,1,2872.84
15860.0,4,10,9486.44
15861.0,92,4,12735.95
15862.0,9,10,8048.82
15863.0,253,3,2127.94
15864.0,17,1,33460.56
15865.0,49,2,13436.35
15867.0,5,17,38412.06
15868.0,219,1,1426.77
15869.0,262,1,1091.5
15870.0,32,3,1915.44
15871.0,73,1,33.099999999999994
15872.0,14,2,3054.33
15873.0,135,4,65111.04
15874.0,23,14,99115.02
15875.0,282,1,665.62
15876.0,45,2,220674.68
15878.0,197,2,2987.65
15879.0,40,4,6304.44
15880.0,5,1,1426.82
15882.0,4,6,15527.5
15884.0,68,2,7914.9000000000015
15885.0,19,12,10156.95
15886.0,52,3,15916.16
15887.0,42,3,24242.83
15888.0,36,2,653.95
15889.0,5,7,7865.820000000001
15890.0,30,5,9159.85
15892.0,305,1,183.57999999999998
15893.0,117,1,87920.64000000001
15894.0,5,1,690.83
15898.0,3,22,17672.3
15899.0,4,1,609.75
15900.0,49,3,8954.87
15901.0,87,3,3204.19
15902.0,16,1,1731.13
15903.0,14,5,146748.32
15905.0,179,1,593.33
15906.0,10,3,5106.85
15908.0,126,2,10249.570000000002
15910.0,36,7,6404.14
15911.0,259,8,7064.93
15912.0,72,7,18070.96
15913.0,170,1,18.900000000000002
15914.0,14,2,10260.970000000001
15915.0,37,1,4087.7599999999998
15916.0,2,7,13487.1
15917.0,242,4,890.61
15918.0,267,1,1316.65
15919.0,4,1,2012.94
15920.0,60,5,1907.24
15921.0,32,3,2087.29
15922.0,9,1,6290.200000000001
15923.0,8,1,1417.24
15924.0,367,1,1441.74
15926.0,178,1,3267.3399999999997
15927.0,283,1,778.83
15928.0,292,1,4044.41
15929.0,280,1,71280.0
15931.0,64,1,1793.3
15934.0,53,2,218240.28
15936.0,15,2,2727.4700000000003
15938.0,92,4,3357.19
15939.0,10,1,117176.61
15941.0,273,1,4374.0
15943.0,285,2,4551.09
15944.0,29,3,109341.14
15945.0,1,4,12576.57
15946.0,138,3,145420.04
15948.0,60,1,4633.55
15950.0,11,6,87308.52
15951.0,17,1,1769.75
15953.0,5,11,61204.15
15954.0,225,1,1837.8
15955.0,8,9,65913.88
15956.0,187,2,45218.5
15957.0,56,2,1849.81
15958.0,39,3,1209.24
15959.0,318,3,4437.09
15960.0,10,4,3292.25
15961.0,15,1,9109.63
15962.0,85,1,1812.09
15964.0,299,1,1710.06
15965.0,3,10,21864.989999999998
15966.0,86,1,4927.99
15967.0,15,10,8893.37
15968.0,24,1,3220.48
15969.0,61,2,2642.73
15970.0,234,1,51149.56
15971.0,21,6,192282.84000000003
15972.0,92,5,7689.61
15973.0,2,2,15076.84
15976.0,46,4,7449.9
15978.0,68,2,51922.08
15979.0,238,1,6647.58
15980.0,126,4,267765.72000000003
15981.0,37,13,116197.17
15982.0,241,1,1870.09
15983.0,1,6,47096.38
15984.0,4,21,162512.43
15985.0,72,5,61796.119999999995
15986.0,17,1,1721.4
15987.0,4,2,1234.5500000000002
15988.0,187,2,3287.64
15989.0,11,2,1110.35
15990.0,130,5,10483.02
15991.0,170,1,1079.15
15992.0,32,2,8347.27
15994.0,47,2,4956.1900000000005
15995.0,50,1,5087.53
15996.0,2,2,4995.139999999999
15998.0,29,11,24902.13
15999.0,371,1,489.59999999999997
16001.0,17,1,7613.39
16002.0,261,1,397.25
16003.0,17,5,31414.4
16004.0,110,5,26084.99
16005.0,11,6,10199.15
16006.0,23,1,478.98999999999995
16007.0,19,3,10724.78
16008.0,18,12,87322.95
16010.0,12,8,6879.82
16011.0,2,14,31552.19
16012.0,37,2,13796.1
16013.0,7,39,5568248.34
16014.0,44,2,801.89
16016.0,2,4,5742.58
16017.0,53,4,9118.75
16018.0,32,2,10437.17
16019.0,17,18,500347.01
16021.0,31,2,1896.79
16024.0,47,2,8838.92
16027.0,93,9,69905.08
16028.0,231,1,304.8
16029.0,8,47,10160818.84
16032.0,92,6,17422.29
16033.0,5,8,13496.91
16034.0,30,3,12704.060000000001
16035.0,196,1,376.23
16036.0,60,2,13665.640000000001
16037.0,180,2,6350.0
16039.0,59,2,5455.98
16040.0,66,4,9509.85
16042.0,15,3,12891.33
16043.0,15,4,18283.4
16044.0,71,1,3393.54
16045.0,52,4,63458.81
16046.0,198,1,3323.88
16048.0,9,4,11305.83
16049.0,11,3,1780.81
16050.0,19,2,1571.2
16051.0,317,1,1294.24
16053.0,49,4,39827.70999999999
16054.0,54,3,7531.5
16057.0,155,3,13294.21
16058.0,42,1,646.2
16059.0,3,7,9165.03
16060.0,36,3,4649.65
16061.0,67,1,373.55
16062.0,15,4,15923.09
16064.0,361,1,396.7
16065.0,1,8,13960.17
16067.0,198,3,95653.19
16068.0,229,1,207.11
16069.0,53,1,2748.5
16071.0,163,3,7129.76
16072.0,64,3,18256.29
16074.0,26,1,414.45
16075.0,138,2,4901.01
16077.0,261,1,515030.39999999997
16078.0,305,1,1409.0900000000001
16080.0,21,2,3300.1
16081.0,2,4,13673.76
16082.0,306,1,338.95
16083.0,18,2,30345.6
16085.0,16,7,8731.28
16086.0,3,6,21968.42
16087.0,25,5,149924.8
16088.0,211,2,92948.29
16089.0,22,2,886.4399999999999
16090.0,260,1,870.87
16092.0,140,3,12863.38
16094.0,11,7,38055.509999999995
16095.0,92,1,3884.05
16096.0,52,3,10132.35
16098.0,9,8,169949.51
16099.0,53,4,16793.9
16100.0,98,1,6906.88
16101.0,70,3,18850.34
16103.0,25,16,76321.35
16104.0,54,8,16994.41
16105.0,74,4,45913.69
16108.0,70,3,13990.26
16109.0,334,1,15716.16
16110.0,158,1,1310.8899999999999
16111.0,64,1,2843.3399999999997
16115.0,33,4,5706.59
16117.0,38,2,1820.89
16118.0,288,1,351850.19
16119.0,30,6,43669.77
16120.0,58,2,74054.79000000001
16121.0,26,3,1714.4
16122.0,2,3,2767.68
16124.0,54,3,17457.829999999998
16125.0,3,14,39749.3
16126.0,15,11,251895.75
16127.0,362,1,477.18
16128.0,16,6,69543.21
16129.0,43,3,15102.47
16130.0,58,4,5653.12
16131.0,11,6,178131.6
16132.0,180,2,13777.599999999999
16133.0,12,23,391623.66
16134.0,59,3,40354.090000000004
16135.0,219,1,2883.2999999999997
16136.0,299,1,9291.96
16137.0,316,1,3032.5
16138.0,14,3,50764.19
16139.0,358,2,5133.24
16140.0,7,2,23686.76
16141.0,53,1,2818.84
16143.0,5,7,25786.99
16145.0,24,8,39344.91
16146.0,84,1,2322.45
16147.0,36,4,20595.15
16148.0,72,1,6626.200000000001
16149.0,65,1,4287.64
16150.0,8,6,33087.15
16153.0,56,6,140789.08000000002
16155.0,17,5,8044.6
16156.0,18,11,49018.66
16158.0,158,9,3674.2200000000003
16159.0,106,3,10521.13
16161.0,4,25,59649.64
16163.0,1,5,41430.64
16165.0,141,1,159.8
16166.0,64,2,3213.4100000000003
16167.0,50,5,98805.41999999998
16168.0,5,40,208553.03
16170.0,31,14,69792.57
16172.0,109,3,11832.92
16174.0,127,4,27461.9
16175.0,107,3,9276.85
16176.0,57,4,37934.53
16177.0,72,7,16927.48
16178.0,37,1,7225.48
16180.0,114,5,346470.69
16182.0,74,5,331630.08
16183.0,30,3,7724.2
16185.0,200,1,765.4300000000001
16186.0,8,15,64783.29
16188.0,44,1,852.5
16190.0,30,7,34196.51
16191.0,11,11,950810.7200000001
16192.0,371,1,6705.0
16193.0,46,1,2874.26
16194.0,11,1,7379.3
16195.0,359,1,2582.55
16196.0,124,1,593.4
16197.0,105,9,30628.05
16198.0,73,1,9093.04
16199.0,28,7,68484.15
16200.0,18,10,46348.89
16201.0,51,1,2687.95
16202.0,53,8,24534.64
16203.0,8,3,5208.98
16204.0,16,2,7808.89
16205.0,32,3,32574.83
16206.0,23,9,17609.79
16208.0,30,8,24609.350000000002
16209.0,18,4,130504.15999999999
16210.0,4,18,3939705.47
16211.0,57,2,74982.03
16212.0,254,2,5336.03
16214.0,71,1,28545.679999999997
16218.0,9,7,21822.35
16219.0,136,1,1958.3999999999999
16221.0,3,7,11366.7
16222.0,357,1,3495.0000000000005
16223.0,10,2,12217.49
16224.0,23,1,7315.9800000000005
16225.0,38,10,11558.49
16226.0,14,2,6488.05
16227.0,130,2,9659.7
16228.0,21,3,18576.35
16229.0,17,4,16602.96
16231.0,15,4,9392.92
16232.0,56,3,44140.31
16233.0,2,7,15389.87
16234.0,112,3,3664.12
16235.0,11,4,7487.44
16237.0,73,1,1317.15
16238.0,58,1,900.4200000000001
16239.0,18,4,36146.8
16241.0,5,4,7778.610000000001
16242.0,17,7,29889.23
16244.0,8,1,10677.41
16246.0,95,2,6364.85
16250.0,9,2,2574.48
16251.0,148,1,335.73
16252.0,18,1,2132.27
16253.0,56,5,78514.95
16254.0,14,3,9561.5
16255.0,1,8,16061.69
16256.0,129,2,58644.74
16258.0,23,10,516026.95
16259.0,46,3,710.58
16261.0,22,2,1662.04
16262.0,14,1,6966.59
16263.0,59,1,6735.33
16264.0,74,2,11140.23
16265.0,22,3,10610.27
16266.0,59,7,11237.24
16267.0,227,1,5782.679999999999
16269.0,73,1,7666.41
16271.0,106,4,21511.44
16273.0,284,2,1284.44
16274.0,9,1,860.25
16275.0,110,2,21597.4
16276.0,115,2,232760.83000000002
16277.0,369,1,277.09
16278.0,116,2,3842.12
16279.0,21,6,52960.2
16280.0,361,1,1465.25
16281.0,59,2,60226.88
16282.0,123,2,44348.100000000006
16283.0,54,3,15726.67
16284.0,29,1,1637.18
16285.0,282,1,382.7
16286.0,113,2,2146.4500000000003
16287.0,12,4,34080.240000000005
16288.0,106,1,359.15000000000003
16289.0,98,1,1178.53
16290.0,100,4,26887.02
16292.0,16,4,10661.47
16293.0,3,6,23640.46
16294.0,112,1,841.25
16296.0,262,4,11976.81
16298.0,33,4,2819.5
16299.0,113,1,1681.05
16300.0,66,3,6923.85
16301.0,372,1,739.01
16303.0,28,4,26846.9
16304.0,330,1,3538.34
16306.0,3,2,5327.55
16307.0,65,3,18199.6
16308.0,42,3,7040000.0
16310.0,50,2,4348.66
16312.0,68,1,1006.65
16314.0,25,3,17825.4
16315.0,172,1,1368.88
16316.0,16,5,27702.24
16317.0,186,2,5624.12
16320.0,89,4,68814.05
16321.0,262,2,2744.6000000000004
16323.0,213,1,4285.4400000000005
16325.0,60,9,67318.92
16326.0,19,10,4537.37
16327.0,5,11,214961.69999999998
16328.0,199,1,2562.27
16329.0,63,4,36398.43
16330.0,60,4,1507.82
16331.0,68,6,103293.2
16332.0,67,4,3779.85
16334.0,128,1,1844.06
16335.0,187,7,9078.1
16336.0,56,4,96481.51000000001
16340.0,75,2,5286.17
16341.0,73,3,48085.84
16343.0,43,1,3222.05
16344.0,145,3,12350.56
16345.0,119,1,3636.33
16346.0,21,1,4344.35
16347.0,24,9,25306.56
16348.0,66,1,7297.53
16350.0,10,5,9038.84
16351.0,47,12,44113.31
16353.0,5,16,108150.65
16354.0,15,3,6384.330000000001
16355.0,11,1,3873.29
16356.0,12,3,961.2
16357.0,17,1,2254.23
16358.0,30,1,15708.310000000001
16359.0,12,7,18947.47
16362.0,73,1,1939.0700000000002
16365.0,3,7,36585.1
16366.0,218,3,13868.59
16367.0,19,1,2976.91
16368.0,71,1,391.15999999999997
16369.0,72,4,11690.35
16371.0,84,1,1428.8999999999999
16372.0,45,3,3736.94
16373.0,18,2,2135.77
16374.0,38,3,4151.86
16375.0,106,2,785.4
16377.0,253,1,328551.83999999997
16381.0,31,2,856.5999999999999
16382.0,44,2,2083.96
16383.0,32,5,12724.38
16384.0,65,2,10782.11
16385.0,2,3,3314.94
16386.0,23,1,11163.53
16387.0,31,4,10215.77
16388.0,289,1,1211.15
16390.0,172,3,3111.1000000000004
16391.0,36,4,4724.69
16392.0,49,2,4118.29
16393.0,5,11,14690.21
16395.0,29,9,13021.0
16396.0,112,1,1457.2
16397.0,264,1,583.16
16399.0,25,1,2466.9100000000003
16400.0,31,8,50703.43
16401.0,15,11,110358.05
16402.0,5,1,595.1
16406.0,86,2,714.07
16407.0,25,4,8870.24
16408.0,227,1,1544.37
16409.0,16,7,38494.48
16410.0,370,1,7053.12
16411.0,5,3,2400.2
16412.0,29,4,2223.18
16413.0,11,1,1345.16
16414.0,67,3,2764.88
16415.0,219,2,2709.83
16416.0,26,6,42283.72
16417.0,128,1,214.20000000000002
16418.0,44,2,3715.97
16419.0,213,2,6601.21
16420.0,32,1,4860.0
16421.0,12,3,1906.91
16422.0,5,57,4927430.18
16424.0,18,1,6529.0
16428.0,49,3,6158.2
16430.0,17,5,10009.130000000001
16433.0,44,1,1752.78
16434.0,82,5,13397.710000000001
16435.0,148,3,7200.83
16436.0,304,3,3011.38
16437.0,17,2,4781.55
16439.0,358,1,2832.2000000000003
16440.0,129,1,821.5
16441.0,53,3,3878.32
16442.0,240,2,565.3
16443.0,156,1,15575.04
16444.0,26,13,28555.93
16445.0,22,3,645.2
16447.0,226,2,1672.3700000000001
16448.0,107,1,706.88
16450.0,220,2,27066.23
16451.0,197,2,6521.68
16452.0,266,2,4859.650000000001
16453.0,166,2,3559.79
16454.0,247,1,1.55
16455.0,7,6,80363.87
16456.0,9,9,85976.64
16458.0,11,12,22513.48
16459.0,365,1,721.59
16461.0,226,2,14163.6
16465.0,56,2,7491.32
16466.0,19,8,27991.13
16467.0,144,7,1196477.76
16468.0,106,2,8610.72
16469.0,150,1,1081.8200000000002
16470.0,32,7,6515.1900000000005
16471.0,29,3,13785.31
16472.0,70,2,4403.84
16473.0,10,1,1542.56
16476.0,67,1,2698.55
16477.0,7,5,19202.84
16481.0,318,1,8738.24
16485.0,68,4,25242.510000000002
16486.0,173,1,564.64
16487.0,213,2,2164.2
16489.0,16,2,3321.5
16490.0,72,1,1721.8500000000001
16491.0,49,1,9431.5
16492.0,176,1,3418.14
16493.0,80,3,25325.280000000002
16496.0,67,3,11267.33
16497.0,49,17,33585.33
16499.0,10,6,23526.29
16500.0,10,3,6551.15
16501.0,19,1,11193.01
16502.0,256,2,2252.0
16503.0,31,7,16162.83
16507.0,208,1,534.9399999999999
16508.0,266,1,597.34
16510.0,8,6,17358.33
16511.0,33,3,2675.72
16515.0,15,5,19543.73
16518.0,57,2,3578.9500000000003
16519.0,1,3,1897.3200000000002
16520.0,1,4,4831.07
16521.0,51,3,20249.26
16522.0,71,2,5825.62
16523.0,51,7,21248.86
16524.0,82,2,1906.06
16525.0,2,23,831426.55
16526.0,220,1,5783.43
16527.0,60,1,12390.82
16529.0,113,3,12422.230000000001
16530.0,304,1,254.75
16531.0,17,4,15715.72
16532.0,67,2,536901.12
16534.0,278,1,3820.4
16535.0,21,1,4795.2
16537.0,277,1,135.65
16538.0,177,3,7183.659999999999
16539.0,9,7,19032.2
16540.0,50,1,1455.0
16541.0,371,1,3086.75
16542.0,37,1,1483.1999999999998
16543.0,227,1,5184.549999999999
16544.0,155,4,9738.000000000002
16545.0,11,1,16649.760000000002
16546.0,8,4,341050.8
16547.0,182,1,682.2099999999999
16548.0,235,1,30.15
16549.0,33,24,31599.31
16550.0,4,14,68578.3
16551.0,59,4,32659.76
16552.0,9,1,756.79
16553.0,32,21,1024816.49
16554.0,22,5,16138.26
16555.0,141,4,61039.35
16556.0,11,10,39837.51
16558.0,2,19,60054.36
16559.0,33,1,943.6
16560.0,33,6,16349.29
16562.0,112,1,1929.3
16563.0,36,5,182846.26
16564.0,205,1,707.3000000000001
16565.0,42,3,26174.949999999997
16568.0,63,2,118726.2
16569.0,267,4,58156.65
16570.0,15,10,92781.91
16571.0,31,7,41390.369999999995
16574.0,59,2,8609.34
16576.0,56,2,5655.41
16577.0,302,1,2354.0
16578.0,262,1,1879.2
16579.0,61,1,2453.9500000000003
16583.0,9,2,2495.15
16584.0,68,3,101737.61
16585.0,229,2,3155.8700000000003
16586.0,80,2,15657.11
16588.0,22,4,16288.419999999998
16589.0,86,1,2108.88
16590.0,36,2,5147.3
16592.0,11,12,46033.369999999995
16593.0,26,5,5369.07
16595.0,12,4,6004.16
16596.0,2,3,2587.76
16599.0,21,1,1907.1000000000001
16600.0,10,7,21415.77
16601.0,26,2,4746.75
16602.0,24,1,2780.95
16604.0,198,2,8738.150000000001
16605.0,360,1,8709.119999999999
16606.0,40,2,2409.02
16607.0,35,11,31174.14
16608.0,89,2,13040.52
16611.0,39,5,13603.44
16612.0,15,5,20231.71
16614.0,38,2,5140.8
16615.0,262,1,3308.7799999999997
16619.0,19,3,15621.7
16620.0,25,4,24406.59
16622.0,179,1,812.7
16623.0,37,3,7069.79
16625.0,58,4,16572.59
16628.0,43,2,1003.35
16630.0,43,1,2001.6000000000001
16631.0,117,7,18162.06
16632.0,121,2,3899.6
16634.0,8,5,47549.11
16635.0,42,1,5199.1
16636.0,74,4,182053.42
16638.0,4,6,6455.63
16639.0,45,1,3573.5699999999997
16640.0,33,1,2105.4
16641.0,337,1,2577.6
16642.0,51,1,6583.52
16643.0,58,1,3893.78
16645.0,371,1,1074.15
16646.0,85,1,58626.4
16647.0,78,2,3918.22
16648.0,91,2,4792.84
16649.0,156,1,1282.76
16650.0,56,6,21384.51
16651.0,222,1,1634.4
16652.0,40,9,354180.04000000004
16654.0,4,5,10435.6
16655.0,47,7,24717.85
16656.0,56,15,1831601.1300000001
16658.0,4,5,5421.71
16660.0,58,3,74784.51999999999
16661.0,176,4,23905.11
16662.0,30,1,223.5
16663.0,365,1,16500.0
16664.0,205,1,317.4
16666.0,257,1,1033.32
16668.0,23,7,7724.74
16670.0,29,9,34341.35
16673.0,315,1,1167.51
16675.0,77,2,16075.680000000002
16676.0,38,2,5880.66
16677.0,47,2,8054.52
16679.0,2,3,10376.09
16680.0,164,2,17565.95
16681.0,277,1,2429.7000000000003
16683.0,169,1,3195.75
16684.0,15,27,16520181.71
16686.0,25,9,10755.19
16687.0,26,1,3272.17
16690.0,29,2,1448.95
16691.0,54,2,1085.71
16692.0,44,2,387491.39999999997
16693.0,47,3,6809.09
16694.0,359,1,1257.5000000000002
16695.0,197,2,1553.55
16699.0,16,7,15179.38
16700.0,2,13,58309.98
16701.0,59,13,231348.49000000002
16702.0,51,4,9157.289999999999
16704.0,254,2,6354.64
16705.0,36,22,1874169.041
16707.0,36,4,4462.45
16709.0,15,9,85780.83
16710.0,4,13,29543.27
16711.0,15,4,64842.229999999996
16712.0,37,2,3604.4
16713.0,2,18,224664.98
16714.0,306,1,4060.81
16715.0,198,1,27516.56
16716.0,266,1,171538.56000000003
16717.0,2,9,30501.35
16718.0,5,5,44844.9
16719.0,4,8,16211.26
16720.0,12,2,2359.3399999999997
16722.0,2,11,96437.83
16723.0,79,2,9608.98
16724.0,40,1,719.85
16725.0,7,8,3325.13
16726.0,19,2,6223.2300000000005
16727.0,28,3,17903.78
16731.0,284,1,655.23
16732.0,39,3,37984.73
16733.0,165,1,2568.6600000000003
16735.0,29,9,64288.840000000004
16736.0,141,5,26269.58
16737.0,213,1,120268.8
16739.0,172,1,4094.31
16740.0,31,1,1744.81
16741.0,261,1,1142.8200000000002
16742.0,128,13,151935.45
16743.0,92,7,34491.63
16746.0,19,24,507114.32
16748.0,24,9,30965.79
16749.0,227,2,258261.2
16752.0,8,1,913.3
16754.0,8,29,44059183.63
16755.0,103,4,10724.15
16756.0,40,6,9756.91
16757.0,45,1,1795.95
16760.0,66,1,2127.6
16763.0,374,1,2691.05
16765.0,18,1,4815.83
16767.0,54,4,137744.05
16768.0,19,6,14289.29
16769.0,114,3,3245.94
16770.0,8,5,5081.75
16771.0,93,5,18091.75
16772.0,59,3,79544.05
16773.0,72,2,609.55
16774.0,59,4,7134.97
16775.0,3,6,14329.91
16776.0,51,1,1416.9099999999999
16777.0,49,3,5447.57
16779.0,2,32,861389.8
16780.0,43,1,495.6
16781.0,8,2,3492.6000000000004
16782.0,1,26,33401.11
16783.0,72,1,2550.55
16784.0,12,4,3122.73
16785.0,45,1,4499.42
16786.0,29,1,3732.4800000000005
16787.0,33,4,6247.530000000001
16788.0,40,3,4983.28
16791.0,19,8,14316.03
16792.0,19,3,1745.12
16794.0,16,5,3433.72
16795.0,1,3,10082.05
16797.0,29,5,4959.47
16798.0,190,3,1312.41
16799.0,68,2,891.16
16802.0,315,2,4802.47
16805.0,213,2,3971.73
16807.0,106,3,8656.23
16809.0,68,4,5320.92
16810.0,56,1,8616.6
16812.0,14,3,23015.65
16814.0,5,16,40321.49
16815.0,89,2,1519.8700000000001
16817.0,4,5,14501.03
16819.0,101,2,4601.23
16821.0,17,1,232.45
16822.0,322,1,2550.97
16823.0,23,6,18979.33
16824.0,29,1,2467.2
16825.0,14,3,45427.99
16827.0,29,5,11110.9
16829.0,24,1,2359.7000000000003
16830.0,78,3,7750.110000000001
16831.0,200,1,717.3
16832.0,64,2,4533.24
16833.0,75,2,12325.43
16834.0,310,1,9172.76
16835.0,9,5,8270.380000000001
16836.0,42,2,6697.4
16838.0,166,2,5097.08
16839.0,5,11,214809.80000000002
16840.0,239,2,1721.6499999999999
16841.0,64,6,28297.56
16843.0,58,19,468427.16000000003
16844.0,198,2,5596.12
16845.0,254,1,1847.66
16846.0,213,2,6933.7300000000005
16847.0,254,1,2831.85
16848.0,12,3,9547.5
16854.0,53,2,18157.36
16856.0,53,2,2883.35
16857.0,78,1,6531.6
16858.0,4,10,71003.23000000001
16859.0,52,5,43448.78
16860.0,88,3,48551.3
16861.0,26,3,11453.89
16862.0,183,4,12145.09
16863.0,2,2,5608.360000000001
16864.0,70,2,10103.750000000002
16865.0,37,1,2429.55
16867.0,325,1,689.88
16868.0,30,3,1133.45
16870.0,105,1,4720.58
16872.0,63,3,61294.21
16873.0,65,6,269520.43
16874.0,15,1,896.8800000000001
16875.0,73,6,20287.96
16876.0,39,1,1247.45
16880.0,129,1,11397.66
16883.0,7,18,16331.46
16884.0,192,2,2776.46
16885.0,21,1,1940.28
16886.0,92,1,869.6000000000001
16887.0,36,2,2722.0
16888.0,36,3,1838.5700000000002
16889.0,33,3,9823.689999999999
16890.0,112,3,11027.910000000002
16891.0,7,7,2394.82
16892.0,190,2,1095.76
16893.0,2,2,404.3
16894.0,138,3,5183.78
16895.0,74,4,5376.740000000001
16896.0,191,1,103.95
16898.0,4,3,3164.78
16899.0,14,2,9271.720000000001
16901.0,365,1,425.44
16903.0,16,2,4651.38
16904.0,3,7,8768.5
16905.0,7,11,15966.92
16906.0,64,3,4257.5
16907.0,1,5,7112.8099999999995
16908.0,358,1,2719.19
16911.0,271,2,1826.05
16912.0,57,4,16186.01
16913.0,287,2,16424.85
16915.0,22,5,2668.1000000000004
16916.0,8,3,2458.7400000000002
16917.0,268,1,28119.77
16918.0,58,10,11199.45
16919.0,4,14,10405.14
16920.0,47,1,1408.25
16921.0,78,2,2453.68
16922.0,208,1,1691.8400000000001
16923.0,11,13,59214.85
16925.0,176,1,1240.15
16926.0,7,5,2832.98
16928.0,9,10,10986.03
16931.0,5,3,3363.0
16932.0,59,2,836.45
16933.0,25,7,19310.52
16934.0,19,4,8002.3
16935.0,17,3,3840.36
16936.0,21,1,746.39
16937.0,135,1,626.0
16938.0,17,5,22984.600000000002
16939.0,124,3,4160.179999999999
16940.0,86,5,33411.6
16941.0,247,1,198.00000000000003
16944.0,245,1,384.22
16945.0,29,14,97908.58
16946.0,19,5,9202.68
16947.0,98,3,7637.2300000000005
16948.0,65,4,10277.95
16950.0,3,8,55753.71
16952.0,77,3,3164.55
16954.0,15,11,114300.7
16955.0,4,4,23366.440000000002
16958.0,71,1,9210.74
16960.0,26,5,7816.44
16961.0,24,2,5517.17
16962.0,45,1,2794.14
16964.0,369,2,2852.45
16970.0,262,1,428.40000000000003
16972.0,18,2,2822.35
16973.0,22,1,1270.0
16974.0,158,2,3833.5
16975.0,59,3,16047.0
16977.0,31,4,3232.8
16978.0,302,2,2439.25
16979.0,19,3,17498.86
16980.0,64,1,3891.83
16983.0,5,5,36013.990000000005
16984.0,40,7,58591.17
16985.0,12,13,77245.78
16986.0,81,9,33877.35
16987.0,12,4,2129.1
16988.0,15,1,2384.55
16990.0,58,1,16500.0
16991.0,57,1,10610.630000000001
16992.0,23,8,24178.23
16993.0,99,2,24236.35
16996.0,18,3,6665.91
16998.0,80,1,2228.0
17000.0,32,2,8516.16
17001.0,12,8,47815.73
17002.0,79,4,24207.16
17003.0,38,4,6630.76
17004.0,28,2,29885.9
17005.0,106,2,48382.64
17006.0,28,4,6484.08
17007.0,73,1,1716.1699999999998
17008.0,65,1,1952.6399999999999
17009.0,187,1,11524.919999999998
17011.0,283,2,27336.96
17012.0,361,1,4021.0
17016.0,212,1,5424.7
17017.0,1,13,156501.79
17018.0,23,4,18598.4
17019.0,4,8,20524.53
17020.0,178,2,11076.6
17021.0,78,6,35748.62
17022.0,68,1,1449.6
17023.0,53,3,8390.5
17025.0,9,4,45587.83
17026.0,5,2,467.54999999999995
17027.0,82,3,3678.5599999999995
17028.0,217,3,14317.95
17029.0,18,5,145033.2
17031.0,14,4,170105.0
17032.0,239,5,24756.63
17033.0,33,1,4625.25
17034.0,45,2,5976.8
17035.0,227,2,4293.24
17036.0,19,1,1418.5
17038.0,51,1,9592.61
17039.0,240,1,36787.590000000004
17040.0,186,1,108.16
17041.0,33,3,4311.7699999999995
17043.0,11,4,15756.35
17044.0,10,11,504030.22000000003
17045.0,12,2,3601.94
17046.0,80,4,27991.91
17047.0,67,3,10931.31
17048.0,73,4,16847.55
17049.0,11,10,31466.98
17050.0,11,4,44858.22
17051.0,82,3,3330.6499999999996
17055.0,81,1,1196.5500000000002
17056.0,374,1,1109.3000000000002
17057.0,232,1,1291.91
17059.0,5,5,23773.93
17062.0,1,4,3966.45
17063.0,43,6,21757.45
17065.0,273,2,1179.9
17066.0,362,1,1286.88
17067.0,360,3,16669.88
17068.0,4,27,18077.06
17069.0,9,6,43304.22
17070.0,46,1,560.26
17071.0,17,4,15739.59
17072.0,261,1,3172.15
17074.0,198,1,1181.95
17075.0,65,6,7452.61
17076.0,28,3,3833.13
17077.0,214,1,11016.0
17080.0,15,5,13661.31
17081.0,31,4,1742.27
17082.0,30,4,43734.96
17083.0,45,6,69045.03
17084.0,32,1,35780.86
17085.0,12,23,28869.64
17087.0,373,1,2584.61
17089.0,22,1,1313.35
17090.0,10,6,22962.69
17091.0,3,11,36925.94
17092.0,73,7,46898.62
17093.0,228,1,1945.3600000000001
17094.0,59,1,1562.4
17095.0,66,4,29828.05
17096.0,19,7,28316.45
17097.0,1,2,946.89
17098.0,17,3,4847.2300000000005
17099.0,169,1,4798.53
17101.0,30,3,12580.86
17103.0,358,1,6039.48
17104.0,59,1,4310.61
17106.0,25,1,2345.4500000000003
17107.0,33,4,135891.81
17108.0,299,1,743.6500000000001
17109.0,42,2,3965.6200000000003
17110.0,156,2,1025.2
17111.0,61,1,4124.1900000000005
17112.0,138,1,701.17
17113.0,210,6,14046.79
17115.0,184,4,13247.57
17116.0,284,1,5384.72
17121.0,38,1,2632.04
17122.0,24,3,5887.96
17123.0,75,2,11291.43
17126.0,17,4,5492.69
17127.0,64,5,15834.37
17129.0,156,1,78.55
17132.0,88,2,23779.2
17133.0,110,5,4659921.2700000005
17134.0,78,1,741.7
17135.0,7,4,10302.85
17136.0,298,1,3808.0399999999995
17137.0,52,6,8005.83
17138.0,25,6,37896.770000000004
17139.0,25,13,151066.77
17141.0,54,4,2213.57
17142.0,40,3,2565.75
17143.0,53,2,3528.81
17145.0,148,4,71924.75
17146.0,71,10,46587.88
17147.0,88,5,11888.88
17149.0,87,1,429.30000000000007
17150.0,12,6,6198.71
17151.0,371,1,2568.6000000000004
17152.0,61,1,10202.4
17155.0,163,5,24770.36
17156.0,127,1,5907.95
17157.0,116,17,176715.16
17158.0,183,2,5763.79
17159.0,113,2,3990.31
17160.0,10,11,90755.61
17161.0,80,1,8739.07
17163.0,81,2,7641.66
17165.0,17,5,13281.8
17167.0,15,3,6104.89
17168.0,134,1,3836.74
17169.0,214,1,2207.75
17170.0,10,2,3025.92
17171.0,297,1,776.86
17172.0,66,2,22234.71
17176.0,162,2,12466.929999999998
17177.0,141,1,180.70000000000002
17178.0,367,1,1656.19
17179.0,18,3,5156.49
17180.0,58,7,14297.41
17181.0,9,2,17080.65
17182.0,58,2,3641.4
17184.0,205,2,982.97
17185.0,227,3,783.54
17187.0,162,1,11404.56
17188.0,82,6,35224.64
17189.0,196,3,5338.2699999999995
17190.0,39,5,171492.02
17191.0,4,11,16504.02
17192.0,172,1,319.47
17193.0,22,2,20888.52
17194.0,166,1,9766.720000000001
17195.0,291,1,12421.8
17196.0,63,1,625.4
17198.0,1,2,3111.08
17199.0,218,1,5246.5
17200.0,23,4,46337.03
17201.0,159,3,6722.35
17202.0,56,1,1530.75
17203.0,24,4,129596.51
17204.0,10,5,94352.95
17205.0,52,2,54759.990000000005
17207.0,288,1,1777.43
17208.0,31,1,837.0500000000001
17209.0,285,3,146016.90000000002
17210.0,28,1,1388.29
17211.0,5,6,12762.63
17212.0,94,2,14503.04
17213.0,2,7,20207.89
17215.0,100,1,3660.15
17216.0,190,1,144.75
17217.0,255,1,2045.9999999999998
17218.0,4,9,15233.28
17219.0,52,1,880.76
17220.0,53,7,6720.5599999999995
17221.0,227,3,10228.91
17222.0,113,5,15701.640000000001
17223.0,4,2,1368.1
17224.0,137,1,1324.38
17225.0,217,1,2196.0499999999997
17226.0,80,2,21382.87
17227.0,4,7,39846.81
17228.0,3,7,9779.17
17230.0,199,10,174300.36
17231.0,25,15,14215.460000000001
17233.0,84,2,2229.46
17235.0,8,7,25435.62
17236.0,46,6,31325.83
17237.0,11,2,5079.03
17238.0,7,17,15944.85
17239.0,23,3,41130.950000000004
17240.0,232,1,2373.6000000000004
17241.0,21,12,22214.22
17242.0,92,3,44730.0
17243.0,5,44,153454.71
17244.0,19,4,11989.16
17245.0,325,1,4312.58
17246.0,182,2,303.96000000000004
17248.0,117,1,663.35
17249.0,64,1,266.91
17251.0,18,2,3381.95
17254.0,37,1,1174.65
17255.0,26,2,2322.1
17256.0,117,3,10992.869999999999
17257.0,72,2,7210.13
17258.0,32,2,1591.0
17259.0,4,5,8320.05
17260.0,47,1,388.75
17261.0,145,1,1305.54
17262.0,2,7,70251.23999999999
17264.0,60,1,1914.49
17266.0,135,2,467.69000000000005
17268.0,81,7,37766.15
17269.0,21,1,2228.88
17270.0,105,2,16718.84
17271.0,372,1,707.67
17273.0,60,1,1383.54
17274.0,31,1,1954.2
17275.0,19,1,382.44000000000005
17276.0,38,1,2788.54
17278.0,201,1,182.39999999999998
17280.0,74,1,1652.6
17281.0,10,6,45443.25
17282.0,92,2,5331.17
17283.0,14,1,3498.78
17284.0,25,1,13865.800000000001
17285.0,264,2,1629.64
17286.0,36,2,8630.119999999999
17287.0,3,16,17223.71
17288.0,26,4,8748.390000000001
17289.0,12,6,11626.220000000001
17290.0,17,6,19891.34
17292.0,108,2,6308.810000000001
17293.0,30,8,44643.68
17294.0,305,2,14595.35
17296.0,366,1,3033.61
17298.0,10,3,13036.26
17299.0,75,2,2188.9900000000002
17300.0,26,2,9136.14
17301.0,260,1,229.7
17304.0,170,1,2908.9
17305.0,284,1,269161.56
17306.0,29,2,674933.76
17307.0,31,11,387361.19
17308.0,29,2,3714269.76
17309.0,17,2,1593.74
17310.0,23,2,256030.2
17311.0,28,4,63666.83
17314.0,29,9,34800.91
17315.0,11,5,30491.32
17316.0,56,1,180.25
17318.0,361,1,883.42
17319.0,305,1,159.0
17320.0,4,4,15800.03
17321.0,30,4,4286.92
17322.0,12,5,5742.69
17323.0,43,5,3824.86
17324.0,2,9,28746.5
17325.0,46,2,6189.87
17326.0,44,2,521.27
17327.0,45,2,2800.45
17328.0,309,1,4690.5
17329.0,367,3,2450.46
17330.0,180,2,59.900000000000006
17332.0,164,5,13020.79
17334.0,42,1,4063.51
17335.0,19,2,5232.66
17336.0,108,1,3893.76
17338.0,11,9,30022.12
17339.0,1,2,1420.0
17340.0,2,8,196364.35
17341.0,2,3,9227.03
17342.0,15,4,22523.52
17343.0,12,5,7757.72
17344.0,364,1,2523.46
17345.0,11,6,29497.7
17346.0,9,12,21770.96
17348.0,73,4,16297.07
17349.0,16,4,39118.32
17350.0,30,3,5077.9310000000005
17351.0,63,9,12406.93
17352.0,332,1,119.64999999999999
17353.0,127,2,260425.6
17354.0,64,3,109375.87999999999
17355.0,22,1,5799.89
17356.0,190,4,23973.95
17358.0,12,3,2517.32
17359.0,284,1,495.7
17360.0,21,3,3025.27
17361.0,312,2,4269.58
17362.0,36,5,3639.13
17363.0,31,3,18871.96
17364.0,12,16,137163.81
17365.0,22,7,46816.84
17366.0,68,2,11841.060000000001
17368.0,11,6,39471.78999999999
17369.0,91,1,1128038.4000000001
17371.0,259,3,699.52
17372.0,17,19,12679.17
17373.0,54,3,6397.860000000001
17374.0,31,1,1199.72
17375.0,67,1,1585.05
17376.0,40,2,1481.8
17377.0,1,60,129350.17
17378.0,10,1,10.95
17380.0,70,3,16740.0
17381.0,4,12,8520010.16
17382.0,71,7,27008.64
17383.0,89,1,1205.2
17384.0,103,1,3524.2500000000005
17386.0,21,1,1056.75
17388.0,56,7,230563.27
17389.0,10,27,1849600.5
17390.0,56,1,2242.4
17392.0,86,1,2601.35
17393.0,46,2,6100.43
17395.0,144,1,2475.0
17396.0,7,7,40350.3
17397.0,52,1,6901.21
17400.0,217,3,13755.55
17401.0,177,1,406.55
17402.0,5,12,96231.39
17403.0,86,1,876.45
17404.0,45,8,4653396.58
17406.0,2,11,39262.69
17407.0,47,1,9487.8
17408.0,136,2,13082.820000000002
17409.0,57,8,528955.48
17411.0,22,2,5983.280000000001
17412.0,8,10,31746.02
17413.0,40,2,33471.880000000005
17414.0,59,4,786588.16
17416.0,29,15,171880.29
17417.0,184,1,869.5600000000001
17418.0,23,1,4082.0800000000004
17419.0,3,8,27247.81
17420.0,9,4,4392.1
17421.0,22,3,15506.23
17422.0,17,5,24536.77
17423.0,29,1,12233.220000000001
17426.0,88,7,54281.53
17428.0,4,18,579715.75
17429.0,32,2,9385.08
17430.0,1,3,5353.3099999999995
17432.0,21,7,7315.53
17433.0,21,1,875.5
17435.0,47,1,5931.15
17436.0,44,3,4025.76
17437.0,165,1,2287.63
17438.0,80,4,8457.14
17439.0,291,1,13965.0
17440.0,185,1,4937.76
17441.0,368,1,3109.15
17442.0,17,9,25190.98
17448.0,165,41,149471.79
17449.0,23,6,18133.47
17450.0,3,7,28143209.5
17454.0,98,6,7692.57
17456.0,1,2,8528.6
17457.0,15,9,266809.39
17458.0,17,1,1250.96
17460.0,8,12,14402.44
17463.0,196,2,3486.58
17464.0,158,2,15359.22
17465.0,61,7,27446.350000000002
17467.0,31,1,482.8
17468.0,11,1,1319.1999999999998
17469.0,36,12,27115.62
17470.0,3,7,24608.8
17471.0,110,1,2581.85
17472.0,264,1,462.39
17473.0,44,2,4990.6
17474.0,235,1,34389.600000000006
17476.0,31,2,3445.74
17477.0,248,2,6484.32
17478.0,44,2,19347.600000000002
17479.0,268,1,5701.24
17480.0,80,1,3851.79
17482.0,123,2,4547.09
17483.0,50,1,1484.13
17484.0,212,2,5399.389999999999
17487.0,364,1,798.0500000000001
17488.0,277,1,3010.4
17490.0,24,2,6401.06
17491.0,3,8,110606.99999999999
17492.0,114,2,7688.75
17493.0,21,1,623.29
17494.0,137,1,457.40000000000003
17495.0,26,1,1729.46
17496.0,199,3,10105.42
17497.0,26,2,3508.35
17499.0,197,1,6740.17
17504.0,16,9,235477.17
17505.0,186,3,23346.36
17508.0,17,7,77933.26
17510.0,56,1,2887.6800000000003
17511.0,3,31,6598158.63
17512.0,88,8,202100.01
17513.0,44,2,12078.0
17514.0,305,1,2221.58
17515.0,30,5,2640.04
17516.0,14,1,546.01
17518.0,61,2,1889.34
17519.0,4,10,67631.93000000001
17521.0,30,2,4867.05
17524.0,74,2,4671.24
17525.0,33,2,16993.2
17526.0,1,9,64082.1
17529.0,246,2,11096.210000000001
17530.0,1,3,3015.9900000000002
17531.0,163,2,7921.68
17532.0,21,1,452.28000000000003
17533.0,70,1,835.1999999999999
17534.0,87,4,13452.45
17536.0,56,2,7504.71
17539.0,264,3,10218.67
17540.0,19,4,12766.800000000001
17541.0,145,1,186.54
17542.0,277,2,1431.05
17543.0,185,1,686.15
17544.0,26,3,6535.51
17545.0,26,3,8333.26
17547.0,11,2,4901.75
17548.0,14,3,9415.44
17550.0,33,6,10621.5
17552.0,8,10,29202.9
17553.0,108,3,816464.0
17555.0,61,3,2520.52
17556.0,15,1,1440.27
17557.0,368,1,136.0
17558.0,29,1,597.67
17559.0,148,1,4141.0
17560.0,31,4,38060.45
17561.0,26,3,1174.9
17563.0,214,2,3353.58
17565.0,222,1,281.51
17567.0,8,2,9362.050000000001
17568.0,269,1,2369.87
17571.0,178,1,759.42
17572.0,9,7,7137.240000000001
17575.0,303,1,2167.8
17576.0,1,23,36636.6
17577.0,281,2,3266.15
17578.0,110,6,6613.85
17579.0,214,1,894.12
17580.0,12,2,1306.41
17581.0,8,20,80357.47
17582.0,82,4,14289.89
17583.0,196,1,1070.45
17584.0,103,4,146491.08000000002
17585.0,81,3,17134.07
17586.0,255,1,1519.2
17587.0,264,1,406.15
17588.0,32,4,40682.49
17589.0,21,14,125786.18000000001
17591.0,3,2,1103.7
17592.0,374,1,432.2
17593.0,45,6,59370.340000000004
17594.0,85,2,25296.7
17596.0,4,7,60337.88
17597.0,54,4,20769.6
17598.0,17,1,6429.96
17599.0,113,1,199.95
17601.0,16,1,3007.69
17602.0,108,8,23417.78
17603.0,253,3,15080.960000000001
17604.0,58,4,3450.71
17605.0,226,1,1220.95
17606.0,373,1,613.8
17607.0,12,1,3280.79
17608.0,85,2,1412.71
17609.0,38,6,12244.76
17610.0,176,5,9370.43
17611.0,57,13,26908.28
17612.0,15,12,28751.03
17615.0,23,3,4413.280000000001
17616.0,3,2,52224.0
17617.0,194,1,5318.990000000001
17618.0,19,8,24349.260000000002
17621.0,40,3,41189.8
17622.0,233,2,11619.89
17623.0,45,6,7589.12
17624.0,73,2,5682.77
17625.0,82,4,40007.52
17626.0,238,1,3037.68
17627.0,114,1,18918.48
17629.0,24,2,7429.0
17631.0,10,4,4094.92
17633.0,15,3,9474.25
17635.0,60,3,12008.24
17638.0,283,2,123552.0
17639.0,23,5,6225.65
17640.0,15,5,82151.12
17642.0,65,3,16615.36
17643.0,9,2,3120.0
17644.0,30,9,31657.52
17646.0,1,10,25534.98
17647.0,305,2,2324.4
17648.0,21,1,5073.59
17649.0,105,2,4763.2
17651.0,134,6,20671.44
17655.0,2,3,19090.04
17657.0,66,1,1134.0
17659.0,8,3,5771.33
17660.0,373,1,950.7700000000001
17662.0,297,2,9167.44
17663.0,53,10,93235.73999999999
17664.0,110,2,6812.33
17665.0,129,1,42115.32
17666.0,113,3,52167.53999999999
17667.0,71,4,18935.47
17669.0,98,3,143944.05
17671.0,1,2,9921.35
17672.0,53,4,29798.33
17673.0,11,7,37389.7
17674.0,4,1,27608.1
17675.0,3,40,479383.76
17676.0,2,5,16980.920000000002
17677.0,2,28,1249347.64
17678.0,239,1,3853.9500000000003
17679.0,157,5,34890.12
17680.0,19,2,1813.0500000000002
17681.0,233,5,31366.4
17682.0,4,6,24190.65
17683.0,21,3,15356.91
17685.0,8,6,112188.96
17686.0,59,2,18765.69
17687.0,56,1,3277.06
17688.0,29,1,1803.0
17689.0,24,2,4288.32
17690.0,2,8,32693.55
17691.0,4,3,3448.55
17692.0,32,8,40065.32
17694.0,147,2,40311.409999999996
17695.0,30,3,49074.6
17696.0,18,19,129914.76000000001
17699.0,112,2,7843.9
17700.0,17,10,51882.83
17702.0,19,2,15284.35
17703.0,54,1,3927.78
17705.0,91,2,4800.24
17706.0,2,17,154294.09
17707.0,12,6,14628.599999999999
17708.0,38,2,4580.05
17709.0,106,4,5093.0
17710.0,59,1,2020.76
17713.0,18,4,16141.41
17714.0,60,4,8958.8
17715.0,228,1,31334.399999999998
17716.0,32,13,250998.24
17717.0,57,1,4174.08
17718.0,280,1,4195.29
17720.0,3,7,25236.89
17721.0,295,1,4019.63
17722.0,2,2,36945.72
17723.0,11,1,6120.0
17726.0,31,7,7501.08
17728.0,40,2,11297.050000000001
17729.0,232,1,5312.85
17730.0,18,7,55584.98
17731.0,257,2,3015.98
17732.0,8,8,21383.82
17734.0,161,3,5390.39
17735.0,3,8,53586.01
17738.0,31,9,37986.05
17739.0,10,11,98255.34
17740.0,25,6,17174.52
17741.0,42,2,2453.4
17742.0,64,9,13679.710000000001
17743.0,84,1,7189.2
17744.0,16,1,13630.84
17745.0,113,2,3336.9
17746.0,107,3,27876.47
17748.0,163,1,2283.05
17749.0,182,1,2192.74
17751.0,57,1,1414.62
17753.0,100,4,2035.7999999999997
17754.0,10,8,133794.31
17756.0,11,3,5151.400000000001
17757.0,4,28,34036.4
17758.0,63,4,19378.989999999998
17759.0,29,2,3446.08
17760.0,9,5,14627.84
17762.0,92,1,1466.75
17763.0,289,3,175.65
17764.0,38,3,5938.72
17765.0,84,1,340.92
17766.0,17,2,2460.61
17767.0,46,1,1157.05
17768.0,23,4,29185.95
17769.0,19,7,23102.8
17771.0,72,2,909.5
17772.0,28,1,281.6
17773.0,150,2,3968.65
17774.0,33,5,12214.76
17776.0,22,2,2153.74
17778.0,297,1,6300.3
17780.0,303,3,1544.01
17782.0,18,2,13414.68
17783.0,148,1,691.64
17784.0,186,1,720.0599999999998
17785.0,81,2,2984.64
17787.0,7,1,9512.62
17789.0,297,1,2278.0499999999997
17790.0,14,6,9498.1
17792.0,103,2,1823.23
17794.0,322,2,1230.3
17796.0,5,4,1136.89
17797.0,31,5,7330.42
17798.0,217,1,1189.55
17799.0,25,10,16132.5
17801.0,87,3,9784.83
17802.0,8,8,35171.159999999996
17803.0,28,1,838.14
17804.0,12,3,918.65
17805.0,246,1,268738.56
17807.0,31,3,2467.3900000000003
17808.0,184,4,1737.48
17809.0,7,11,245123.66
17810.0,304,2,924.8
17811.0,10,8,17556.47
17812.0,4,4,3073.5299999999997
17814.0,11,2,47948.439999999995
17815.0,29,1,32219.280000000002
17816.0,1,3,201.16
17817.0,14,3,1689.1699999999998
17818.0,373,1,469.86
17819.0,7,6,94304.81
17820.0,10,1,895.0999999999999
17821.0,42,1,10122.84
17822.0,56,5,58861.59
17823.0,57,2,1501.25
17825.0,234,4,43580.28
17826.0,10,1,635.8100000000001
17827.0,257,1,3279.31
17829.0,45,4,89694.58
17833.0,359,1,2355.8
17834.0,50,2,24548.17
17838.0,1,10,68643.98000000001
17840.0,79,1,610.08
17841.0,1,91,231298.45
17842.0,238,1,2610.69
17843.0,47,1,881.89
17845.0,191,4,3840.53
17847.0,151,2,1051.3600000000001
17848.0,53,21,60926.97
17849.0,116,4,2276.44
17850.0,8,155,446039.53
17851.0,58,6,9711.14
17852.0,24,3,3234.87
17853.0,43,3,10692.29
17854.0,98,4,9287.97
17855.0,8,1,2272.31
17857.0,1,2,1363174.8
17858.0,5,19,191339.51
17860.0,4,4,18312.64
17861.0,21,10,32906.05
17862.0,21,3,7254.17
17863.0,5,7,47510.12
17864.0,21,2,2715.98
17865.0,11,26,297129.61
17866.0,120,2,34333.3
17867.0,46,8,2432.25
17868.0,22,1,1426.85
17869.0,4,3,8922.199999999999
17870.0,2,2,200776.8
17871.0,33,4,14835.13
17872.0,17,1,4338.67
17873.0,9,14,146398.16
17875.0,324,1,758.12
17876.0,35,3,1679230.76
17878.0,31,2,14407.880000000001
17880.0,275,2,3138.0
17882.0,15,2,1535.8600000000001
17883.0,175,3,1418.68
17884.0,4,18,29230.1
17886.0,73,3,10572.19
17888.0,10,17,19847.23
17889.0,10,5,3071.48
17894.0,2,11,4551.7300000000005
17897.0,3,8,22105.25
17898.0,88,2,413.7
17901.0,157,2,639.0
17902.0,182,1,11796.74
17903.0,30,1,1531.89
17905.0,9,10,80567.84000000001
17907.0,276,1,213807.06
17908.0,9,5,5721.92
17909.0,373,1,754.55
17910.0,362,1,2295.2
17912.0,11,1,207.84
17913.0,36,12,14438.04
17915.0,187,1,2467.67
17916.0,264,2,777.17
17918.0,136,3,16452.5
17919.0,74,1,33945.12
17920.0,4,39,862179.0800000001
17921.0,15,6,4844.4800000000005
17922.0,179,1,1604.9
17923.0,163,2,13455.0
17924.0,9,2,18468.0
17925.0,8,1,17573.760000000002
17926.0,80,3,10386.8
17927.0,357,1,3477.6000000000004
17928.0,207,1,4607.4
17929.0,23,8,80228.2
17930.0,29,8,221557.1
17931.0,33,12,65929.95
17933.0,268,1,626.29
17934.0,42,1,2695.0
17935.0,36,5,6267.45
17938.0,56,1,312.83
17940.0,81,5,156790725.6
17941.0,226,3,291918.72000000003
17944.0,59,1,452.53000000000003
17945.0,332,3,2892.52
17949.0,7,73,22225599.12
17950.0,1,6,4943.43
17951.0,9,2,14657.880000000001
17952.0,14,4,14848.63
17953.0,176,1,740.66
17954.0,3,9,10153.18
17955.0,291,2,71618.4
17958.0,364,1,13307.66
17959.0,228,1,4878.349999999999
17960.0,158,2,159.2
17961.0,8,62,6323.62
17962.0,185,3,4468.54
17963.0,107,4,2304.67
17964.0,8,1,2237.14
17965.0,1,17,37213.46
17966.0,227,5,36501.83
17967.0,7,2,548.5
17968.0,9,4,11945.130000000001
17969.0,138,18,18919.96
17971.0,184,1,686.34
17974.0,17,3,8687.55
17975.0,2,12,19856.940000000002
17976.0,8,1,825.49
17977.0,36,1,32448.99
17978.0,1,4,173382.03999999998
17980.0,29,1,864.41
17981.0,46,1,6453.580000000001
17982.0,316,1,1545.6200000000001
17983.0,31,1,2233.13
17984.0,28,4,7056.79
17987.0,12,4,11812.53
17988.0,123,6,592.99
17989.0,15,1,3837.0499999999997
17990.0,16,3,13551.35
17991.0,227,1,740.73
17992.0,25,1,1169.65
17993.0,253,1,1604.2500000000002
17994.0,24,7,47711.229999999996
17995.0,18,2,2973.7200000000003
17996.0,15,3,6154.889999999999
17998.0,16,3,19451.4
17999.0,2,2,1011.14
18000.0,200,1,5629.67
18001.0,85,4,7515.81
18002.0,11,4,332.97
18003.0,12,1,7993.23
18006.0,17,3,9463.539999999999
18007.0,28,1,1261.06
18008.0,51,14,34006414.06
18009.0,178,7,10097.97
18011.0,9,2,974.26
18012.0,359,1,632.5
18016.0,46,2,1962.5
18017.0,67,1,16500.0
18018.0,35,2,6819.55
18020.0,179,1,2180.18
18021.0,145,2,1954.62
18022.0,21,4,4320.61
18025.0,15,6,14784.94
18026.0,136,2,124249.81
18028.0,219,1,9961.85
18029.0,278,1,11982.33
18031.0,14,1,3952.44
18034.0,11,1,3702.17
18035.0,21,2,43438.12
18036.0,21,8,9117.44
18037.0,57,9,121.89999999999999
18038.0,192,1,1013.21
18039.0,10,4,4564.65
18041.0,1,20,103951.51
18042.0,177,1,492.90000000000003
18043.0,2,1,960.06
18044.0,23,8,12442.91
18046.0,285,1,404.13
18047.0,17,2,634.49
18048.0,129,1,734.66
18049.0,73,2,5479.96
18050.0,29,1,4417.38
18051.0,270,7,108957.46
18052.0,200,1,16678384.36
18053.0,161,2,2939.25
18054.0,28,1,1543.8
18055.0,3,6,35626.28
18056.0,254,1,2335.95
18057.0,29,3,16017.17
18058.0,177,2,32585.4
18060.0,44,2,13394.86
18061.0,2,19,286589.88
18062.0,22,3,14679.45
18063.0,26,2,3463.2000000000003
18064.0,82,9,245060.71
18065.0,24,14,33195.54
18066.0,22,2,11947.400000000001
18069.0,19,6,17653.87
18070.0,305,1,3066.2000000000003
18071.0,1,5,10114.71
18074.0,9,2,12779.58
18075.0,10,10,34045.04
18076.0,16,1,7894.530000000001
18077.0,2,8,18341.21
18078.0,61,2,7399.33
18079.0,127,1,106384.94
18083.0,33,1,6490.73
18084.0,19,2,131431.75
18085.0,9,3,7885.8
18087.0,15,15,1012082.4
18089.0,82,1,4450.35
18090.0,57,1,6422.12
18091.0,229,1,8765.47
18092.0,1,8,817168.8400000001
18093.0,80,4,219969.63
18094.0,82,6,152021.08
18095.0,63,3,90082.88
18096.0,78,3,4289.1
18097.0,21,5,46370.08
18098.0,32,1,2026.98
18100.0,186,1,6021.46
18101.0,10,3,1319.35
18102.0,1,89,106935153.67
18103.0,185,1,349.3
18106.0,112,5,3870.6800000000003
18107.0,78,1,328.57
18108.0,232,2,3658.87
18109.0,5,13,8477.19
18110.0,47,1,1504.23
18111.0,225,1,3352.31
18112.0,54,2,3948.17
18113.0,4,1,5495.040000000001
18115.0,333,1,9.700000000000001
18116.0,12,5,2896.9500000000003
18118.0,5,4,3101.7799999999997
18119.0,3,1,2575.48
18123.0,149,1,139.05
18124.0,108,1,328.47
18127.0,39,1,1072.4
18128.0,173,1,2517.42
18131.0,267,1,39611.51999999999
18132.0,140,1,1459.0
18134.0,234,2,2048.8
18135.0,28,5,27646.29
18136.0,45,2,9499.57
18137.0,187,2,345.63
18140.0,109,1,5196.11
18141.0,37,2,10018.710000000001
18144.0,9,8,82726.99
18145.0,18,7,62041.7
18148.0,282,1,755.48
18149.0,40,4,12288.71
18151.0,56,4,11450.97
18152.0,282,1,4603.47
18153.0,295,1,3139.56
18154.0,24,3,13512.430000000002
18156.0,5,1,316.81
18157.0,207,1,2452.27
18160.0,22,1,2985.56
18161.0,15,1,2020.47
18162.0,368,1,4866.04
18163.0,220,1,9660.619999999999
18166.0,259,1,1524.6
18168.0,8,11,23358.29
18170.0,10,6,17165.79
18171.0,106,4,19259.8
18172.0,23,32,272215.22
18173.0,248,1,34137.44
18174.0,239,1,1755.0
18175.0,311,1,1977.0
18177.0,196,3,21289.65
18178.0,38,7,53358.17
18179.0,158,2,137580.36
18181.0,36,4,3788.88
18182.0,99,1,4134.43
18186.0,358,1,9006.12
18187.0,267,1,4591.43
18188.0,66,3,19200.97
18189.0,261,1,4573.57
18190.0,239,3,5582.740000000001
18191.0,113,1,7387.200000000001
18193.0,16,2,15202.650000000001
18194.0,74,5,237277.36
18195.0,23,1,966.24
18196.0,107,2,5498.04
18197.0,211,1,4330.2
18199.0,319,1,1684.0500000000002
18201.0,358,1,3046.91
18203.0,17,3,646.52
18206.0,189,1,4416.28
18207.0,135,1,6435.35
18208.0,201,1,2050.66
18210.0,18,1,1426.35
18212.0,313,1,1803.3000000000002
18214.0,166,4,111660.3
18215.0,73,4,28080.97
18217.0,149,2,14104.430000000002
18218.0,232,2,22263.760000000002
18219.0,4,8,14904.86
18220.0,30,5,99170.48
18221.0,26,1,4266.39
18223.0,23,12,164631.71
18225.0,1,15,190981.64
18226.0,14,15,230359.00999999998
18227.0,120,1,295.0
18229.0,2,10,79956.79
18230.0,14,2,18234.120000000003
18231.0,42,23,95997.32
18234.0,187,1,582.3
18236.0,24,6,5674.990000000001
18238.0,151,1,2919.76
18239.0,8,2,3910.45
18241.0,51,4,7218.1
18242.0,81,4,27195.86
18243.0,50,1,4365.58
18244.0,66,2,97207.28
18245.0,15,13,41419.46
18246.0,245,1,7810.5599999999995
18247.0,50,3,8024.610000000001
18251.0,81,8,8575310.12
18252.0,184,5,26206.7
18253.0,278,1,7062.4800000000005
18254.0,217,1,3313.8
18255.0,92,1,1888.03
18256.0,23,1,1922.04
18257.0,82,4,23000.0
18258.0,100,6,111673.83
18259.0,2,5,33998.8
18260.0,10,17,202907.41
18262.0,29,2,5335.4
18264.0,134,1,3981.35
18266.0,70,1,2377.7999999999997
18267.0,308,1,2199.57
18268.0,227,5,19090.75
18269.0,2,1,2054.4
18270.0,68,1,2901.6
18271.0,245,2,17424.45
18272.0,184,3,19146.100000000002
18273.0,226,1,9180.0
18275.0,214,2,15824.529999999999
18276.0,28,5,17829.06
18277.0,33,4,6825.67
18278.0,40,1,1165.0
18279.0,155,1,16458.760000000002
18280.0,30,1,2085.85
18281.0,213,1,1017.84
18283.0,18,6,1298.6699999999998
18284.0,67,1,8486.539999999999
18285.0,296,1,17221.6
18286.0,112,2,10909.91
18287.0,18,4,61402.03
