order_date,Accessories,Appliances,Art,Binders,Bookcases,Chairs,Copiers,Envelopes,Fasteners,Furnishings,Labels,Machines,Paper,Phones,Storage,Supplies,Tables,year,month,day,day_of_week
2015-01-03,0.0,0.0,0.0,0.0,0.0,0.0,0.0,0.0,0.0,0.0,0.0,0.0,16.448,0.0,0.0,0.0,0.0,2015,1,3,5
2015-01-04,0.0,0.0,0.0,3.54,0.0,0.0,0.0,0.0,0.0,0.0,11.784,0.0,0.0,0.0,272.736,0.0,0.0,2015,1,4,6
2015-01-05,0.0,0.0,19.536,0.0,0.0,0.0,0.0,0.0,0.0,0.0,0.0,0.0,0.0,0.0,0.0,0.0,0.0,2015,1,5,0
2015-01-06,0.0,0.0,18.259999999999998,609.98,0.0,2573.82,0.0,0.0,31.12,0.0,0.0,0.0,25.98,1147.94,0.0,0.0,0.0,2015,1,6,1
2015-01-07,0.0,0.0,0.0,10.43,0.0,0.0,0.0,0.0,0.0,76.728,0.0,0.0,0.0,0.0,0.0,0.0,0.0,2015,1,7,2
2015-01-09,31.2,0.0,9.344,0.0,0.0,0.0,0.0,0.0,0.0,0.0,0.0,0.0,0.0,0.0,0.0,0.0,0.0,2015,1,9,4
2015-01-10,0.0,0.0,0.0,0.0,0.0,0.0,0.0,0.0,0.0,51.94,2.89,0.0,0.0,0.0,0.0,0.0,0.0,2015,1,10,5
2015-01-11,0.0,0.0,0.0,0.0,0.0,0.0,0.0,0.0,0.0,9.94,0.0,0.0,0.0,0.0,0.0,0.0,0.0,2015,1,11,6
2015-01-13,646.74,0.0,19.9,9.078,333.999,545.94,0.0,62.3,0.0,0.0,0.0,0.0,37.408,0.0,1898.4299999999998,0.0,0.0,2015,1,13,1
2015-01-14,0.0,0.0,0.0,0.0,61.96,0.0,0.0,0.0,0.0,0.0,0.0,0.0,0.0,0.0,0.0,0.0,0.0,2015,1,14,2
2015-01-15,149.95,0.0,0.0,0.0,0.0,0.0,0.0,0.0,0.0,0.0,0.0,0.0,0.0,0.0,0.0,0.0,0.0,2015,1,15,3
2015-01-16,0.0,0.0,0.0,18.588,0.0,0.0,0.0,0.0,0.0,127.104,30.072,0.0,0.0,124.2,0.0,0.0,0.0,2015,1,16,4
2015-01-18,0.0,64.864,0.0,0.0,0.0,0.0,0.0,0.0,0.0,0.0,0.0,0.0,0.0,0.0,0.0,0.0,0.0,2015,1,18,6
2015-01-19,0.0,0.0,0.0,32.34,181.47,0.0,0.0,108.72,0.0,0.0,0.0,0.0,56.064,0.0,0.0,0.0,0.0,2015,1,19,0
2015-01-20,0.0,247.716,73.51,115.944,0.0,1067.94,0.0,23.34,0.0,345.57,0.0,0.0,19.36,699.93,80.56,0.0,0.0,2015,1,20,1
2015-01-23,0.0,0.0,0.0,0.0,0.0,0.0,0.0,0.0,0.0,0.0,0.0,0.0,40.08,0.0,0.0,0.0,0.0,2015,1,23,4
2015-01-26,0.0,0.0,0.0,10.68,141.96,0.0,0.0,0.0,0.0,75.24,0.0,0.0,36.120000000000005,343.33,489.92,0.0,0.0,2015,1,26,0
2015-01-27,0.0,0.0,36.44,0.0,0.0,0.0,0.0,0.0,0.0,0.0,0.0,0.0,0.0,0.0,57.23,0.0,333.0,2015,1,27,1
2015-01-28,0.0,0.0,0.0,3.928,0.0,0.0,0.0,0.0,0.0,0.0,0.0,0.0,0.0,0.0,0.0,0.0,0.0,2015,1,28,2
2015-01-30,0.0,0.0,0.0,0.0,0.0,0.0,0.0,0.0,0.0,0.0,0.0,0.0,10.56,0.0,229.94,0.0,0.0,2015,1,30,4
2015-01-31,0.0,0.0,0.0,0.0,290.666,0.0,0.0,0.0,0.0,0.0,0.0,0.0,0.0,0.0,0.0,0.0,0.0,2015,1,31,5
2015-02-01,468.9,0.0,0.0,0.0,0.0,0.0,0.0,0.0,0.0,0.0,0.0,0.0,0.0,0.0,0.0,0.0,0.0,2015,2,1,6
2015-02-02,0.0,0.0,0.0,18.336,0.0,0.0,0.0,0.0,12.35,0.0,0.0,0.0,0.0,180.96,0.0,0.0,0.0,2015,2,2,0
2015-02-03,0.0,0.0,0.0,97.11200000000001,0.0,0.0,0.0,0.0,0.0,0.0,0.0,0.0,0.0,0.0,0.0,0.0,0.0,2015,2,3,1
2015-02-04,0.0,0.0,0.0,100.144,0.0,0.0,0.0,0.0,0.0,0.0,0.0,0.0,34.24,0.0,0.0,0.0,0.0,2015,2,4,2
2015-02-06,0.0,0.0,0.0,8.952,0.0,0.0,0.0,0.0,0.0,0.0,15.0,0.0,0.0,306.56,0.0,0.0,0.0,2015,2,6,4
2015-02-07,115.36,0.0,0.0,0.0,0.0,0.0,0.0,0.0,0.0,0.0,0.0,0.0,0.0,0.0,64.96,0.0,0.0,2015,2,7,5
2015-02-08,0.0,0.0,0.0,0.0,0.0,0.0,0.0,0.0,0.0,14.56,0.0,0.0,0.0,0.0,0.0,0.0,0.0,2015,2,8,6
2015-02-11,234.45,0.0,0.0,79.0,0.0,60.89,0.0,0.0,0.0,332.94,14.94,0.0,0.0,0.0,64.96,0.0,1256.22,2015,2,11,2
2015-02-12,0.0,0.0,0.0,0.0,0.0,129.568,0.0,0.0,0.0,0.0,0.0,0.0,0.0,0.0,0.0,0.0,0.0,2015,2,12,3
2015-02-14,239.97,81.96,0.0,0.0,0.0,0.0,0.0,0.0,0.0,0.0,0.0,0.0,16.176,0.0,0.0,238.62,0.0,2015,2,14,5
2015-02-15,0.0,0.0,0.0,21.36,0.0,0.0,0.0,0.0,0.0,0.0,0.0,0.0,0.0,0.0,0.0,0.0,0.0,2015,2,15,6
2015-02-16,0.0,7.96,0.0,1.08,0.0,0.0,0.0,0.0,0.0,0.0,0.0,0.0,0.0,0.0,0.0,0.0,0.0,2015,2,16,0
2015-02-17,0.0,0.0,54.208,0.0,0.0,0.0,0.0,0.0,0.0,0.0,0.0,0.0,0.0,0.0,0.0,0.0,0.0,2015,2,17,1
2015-02-18,0.0,0.0,0.0,0.0,0.0,0.0,0.0,0.0,0.0,25.16,0.0,0.0,0.0,0.0,12.624,0.0,0.0,2015,2,18,2
2015-02-20,62.31,0.0,0.0,0.0,0.0,0.0,0.0,0.0,0.0,20.32,0.0,0.0,12.96,0.0,0.0,0.0,0.0,2015,2,20,4
2015-02-21,0.0,0.0,0.0,8.85,0.0,0.0,0.0,0.0,0.0,0.0,0.0,0.0,0.0,0.0,0.0,0.0,0.0,2015,2,21,5
2015-02-22,0.0,0.0,0.0,0.0,0.0,0.0,0.0,0.0,0.0,0.0,0.0,0.0,19.44,0.0,0.0,0.0,0.0,2015,2,22,6
2015-02-23,0.0,0.0,0.0,4.428,0.0,0.0,0.0,0.0,0.0,0.0,6.936,0.0,0.0,0.0,0.0,0.0,0.0,2015,2,23,0
2015-02-24,0.0,0.0,0.0,0.0,0.0,0.0,0.0,0.0,0.0,0.0,0.0,0.0,55.672,0.0,0.0,0.0,0.0,2015,2,24,1
2015-02-27,0.0,0.0,19.456,0.0,0.0,0.0,0.0,0.0,0.0,0.0,0.0,0.0,0.0,0.0,0.0,0.0,0.0,2015,2,27,4
2015-03-01,0.0,0.0,0.0,0.0,0.0,1453.934,0.0,0.0,18.84,63.552,0.0,0.0,17.472,5.94,266.904,0.0,376.509,2015,3,1,6
2015-03-02,0.0,0.0,0.0,0.0,0.0,0.0,0.0,11.36,0.0,0.0,0.0,0.0,36.4,0.0,0.0,0.0,0.0,2015,3,2,0
2015-03-03,0.0,176.772,19.456,151.08,302.45,0.0,0.0,0.0,0.0,0.0,15.12,0.0,0.0,9.99,44.672,0.0,626.352,2015,3,3,1
2015-03-04,0.0,0.0,15.552,0.0,0.0,0.0,0.0,0.0,0.0,0.0,0.0,0.0,0.0,0.0,354.9,0.0,0.0,2015,3,4,2
2015-03-05,479.97,0.0,59.52,49.632,0.0,0.0,0.0,0.0,0.0,0.0,0.0,0.0,97.82,0.0,0.0,18.62,0.0,2015,3,5,3
2015-03-07,0.0,0.0,38.59,107.648,0.0,966.9839999999999,0.0,0.0,0.0,0.0,0.0,0.0,0.0,0.0,447.84000000000003,0.0,0.0,2015,3,7,5
2015-03-10,0.0,0.0,83.168,0.0,0.0,0.0,0.0,0.0,0.0,0.0,0.0,0.0,22.38,0.0,636.408,0.0,0.0,2015,3,10,1
2015-03-11,32.96,146.76,7.98,0.0,0.0,0.0,0.0,0.0,10.464,8.32,0.0,0.0,123.86,587.97,0.0,0.0,0.0,2015,3,11,2
2015-03-14,82.8,0.0,3.38,95.136,0.0,1139.92,0.0,0.0,0.0,0.0,0.0,574.91,110.064,0.0,102.34,0.0,0.0,2015,3,14,5
2015-03-15,0.0,0.0,0.0,50.406000000000006,0.0,0.0,0.0,0.0,0.0,45.696,0.0,0.0,131.904,0.0,142.776,0.0,0.0,2015,3,15,6
2015-03-16,0.0,0.0,0.0,0.0,0.0,0.0,0.0,0.0,0.0,0.0,0.0,0.0,0.0,471.92,0.0,0.0,0.0,2015,3,16,0
2015-03-17,0.0,126.45,24.128,131.15,0.0,0.0,0.0,0.0,0.0,0.0,0.0,0.0,413.4,0.0,0.0,0.0,3265.23,2015,3,17,1
2015-03-18,0.0,0.0,8.016,0.0,1198.33,0.0,0.0,0.0,18.936,264.12,0.0,24739.748,21.376,0.0,1856.19,0.0,0.0,2015,3,18,2
2015-03-19,170.24,0.0,0.0,33.57,0.0,0.0,0.0,0.0,0.0,25.008,11.808,0.0,0.0,323.976,26.16,0.0,0.0,2015,3,19,3
2015-03-21,0.0,0.0,22.776,122.94,0.0,218.376,0.0,0.0,0.0,32.952,73.60000000000001,0.0,122.97,3499.93,16.272,0.0,0.0,2015,3,21,5
2015-03-22,0.0,0.0,16.28,59.109,0.0,314.352,0.0,0.0,0.0,0.0,0.0,0.0,74.352,0.0,0.0,0.0,0.0,2015,3,22,6
2015-03-23,0.0,0.0,0.0,0.0,0.0,0.0,0.0,0.0,0.0,0.0,9.912,0.0,0.0,604.752,330.4,0.0,0.0,2015,3,23,0
2015-03-24,0.0,0.0,0.0,0.0,0.0,0.0,0.0,0.0,0.0,40.48,0.0,0.0,24.9,0.0,0.0,0.0,0.0,2015,3,24,1
2015-03-25,45.48,0.0,46.879999999999995,0.0,0.0,366.786,0.0,0.0,0.0,0.0,0.0,0.0,0.0,0.0,0.0,0.0,0.0,2015,3,25,2
2015-03-26,66.3,0.0,3.36,27.936,0.0,0.0,0.0,0.0,0.0,0.0,18.75,0.0,0.0,28.784,0.0,0.0,0.0,2015,3,26,3
2015-03-28,0.0,0.0,0.0,0.0,0.0,0.0,0.0,6.12,0.0,0.0,0.0,0.0,0.0,302.376,0.0,0.0,1184.72,2015,3,28,5
2015-03-29,0.0,0.0,0.0,0.0,0.0,0.0,0.0,0.0,0.0,0.0,0.0,0.0,0.0,0.0,0.0,0.0,890.841,2015,3,29,6
2015-03-30,0.0,0.0,60.15,0.0,205.666,127.302,0.0,335.72,0.0,0.0,44.4,0.0,0.0,251.944,145.14000000000001,0.0,0.0,2015,3,30,0
2015-03-31,79.984,52.98,4.032,697.068,0.0,1125.488,0.0,0.0,0.0,0.0,0.0,0.0,0.0,0.0,0.0,0.0,0.0,2015,3,31,1
2015-04-01,0.0,0.0,0.0,23.328000000000003,0.0,0.0,0.0,0.0,0.0,0.0,29.6,0.0,0.0,0.0,66.96,0.0,0.0,2015,4,1,2
2015-04-02,0.0,154.9,0.0,0.0,0.0,0.0,0.0,0.0,0.0,177.68,0.0,0.0,76.048,1049.93,0.0,0.0,0.0,2015,4,2,3
2015-04-04,99.98,0.0,79.36,7.184,0.0,0.0,0.0,0.0,0.0,5.47,18.9,0.0,32.400000000000006,0.0,232.55,0.0,0.0,2015,4,4,5
2015-04-05,0.0,0.0,86.51,40.2,0.0,0.0,0.0,0.0,0.0,0.0,0.0,0.0,68.44,28.99,791.548,4164.05,0.0,2015,4,5,6
2015-04-06,450.654,0.0,70.95,110.478,0.0,0.0,0.0,0.0,0.0,125.07,0.0,0.0,74.92,0.0,0.0,10.304,808.314,2015,4,6,0
2015-04-07,0.0,0.0,0.0,0.0,0.0,0.0,0.0,0.0,0.0,8.96,0.0,0.0,181.29,830.9200000000001,0.0,0.0,0.0,2015,4,7,1
2015-04-08,399.96,0.0,0.0,0.0,0.0,0.0,0.0,0.0,52.160000000000004,0.0,0.0,0.0,19.008,0.0,0.0,0.0,1487.622,2015,4,8,2
2015-04-11,937.36,0.0,0.0,9.584,0.0,0.0,0.0,0.0,6.912,0.0,0.0,0.0,10.368,863.9359999999999,87.08,0.0,0.0,2015,4,11,5
2015-04-12,0.0,0.0,0.0,18.088,308.499,0.0,0.0,0.0,0.0,0.0,0.0,0.0,32.4,1513.456,0.0,0.0,0.0,2015,4,12,6
2015-04-13,0.0,0.0,17.856,509.97,0.0,0.0,0.0,0.0,30.992,0.0,7.83,0.0,0.0,71.928,0.0,0.0,0.0,2015,4,13,0
2015-04-15,0.0,106.96,0.0,0.0,0.0,0.0,0.0,0.0,0.0,187.76,0.0,0.0,0.0,0.0,0.0,0.0,0.0,2015,4,15,2
2015-04-16,0.0,0.0,39.072,0.0,0.0,0.0,0.0,0.0,0.0,0.0,0.0,0.0,0.0,0.0,0.0,0.0,0.0,2015,4,16,3
2015-04-18,227.976,0.0,26.558,0.0,0.0,317.058,0.0,149.352,11.62,0.0,0.0,287.968,0.0,0.0,0.0,0.0,0.0,2015,4,18,5
2015-04-19,0.0,0.0,0.0,58.05,0.0,0.0,0.0,0.0,0.0,76.14,0.0,0.0,71.28,0.0,0.0,0.0,0.0,2015,4,19,6
2015-04-20,0.0,0.0,0.0,0.0,0.0,0.0,0.0,0.0,0.0,59.92,0.0,0.0,0.0,0.0,44.84,0.0,1145.69,2015,4,20,0
2015-04-21,0.0,0.0,0.0,16.52,0.0,0.0,0.0,0.0,0.0,0.0,0.0,0.0,0.0,0.0,828.84,0.0,0.0,2015,4,21,1
2015-04-22,0.0,0.0,0.0,9.912,0.0,0.0,0.0,247.84,0.0,0.0,0.0,0.0,0.0,0.0,0.0,0.0,0.0,2015,4,22,2
2015-04-23,0.0,0.0,0.0,9.99,0.0,562.744,0.0,0.0,0.0,22.336,0.0,0.0,48.91,0.0,0.0,0.0,0.0,2015,4,23,3
2015-04-25,0.0,270.72,6.24,0.0,0.0,1487.04,0.0,0.0,0.0,303.25,0.0,0.0,10.368,302.376,0.0,0.0,0.0,2015,4,25,5
2015-04-26,0.0,0.0,21.4,18.288,0.0,230.28,0.0,0.0,0.0,0.0,12.6,0.0,0.0,0.0,0.0,0.0,0.0,2015,4,26,6
2015-04-28,159.98,0.0,5.34,20.86,0.0,0.0,0.0,0.0,0.0,0.0,10.062,0.0,0.0,1679.96,702.274,0.0,0.0,2015,4,28,1
2015-04-29,0.0,0.0,0.0,17.94,0.0,613.544,0.0,0.0,0.0,17.46,0.0,0.0,0.0,19.98,99.92,0.0,0.0,2015,4,29,2
2015-04-30,47.79,0.0,174.95,0.0,0.0,0.0,0.0,0.0,0.0,0.0,0.0,0.0,0.0,0.0,826.0,0.0,0.0,2015,4,30,3
2015-05-02,0.0,26.136,0.0,0.0,0.0,0.0,479.984,0.0,0.0,0.0,0.0,0.0,0.0,0.0,0.0,0.0,0.0,2015,5,2,5
2015-05-03,0.0,0.0,0.0,51.072,0.0,0.0,0.0,0.0,0.0,0.0,21.56,0.0,0.0,0.0,0.0,0.0,0.0,2015,5,3,6
2015-05-04,0.0,57.68,37.84,46.8,0.0,0.0,0.0,0.0,5.472,39.64,0.0,0.0,0.0,0.0,0.0,0.0,0.0,2015,5,4,0
2015-05-05,0.0,0.0,6.56,11.88,0.0,127.869,0.0,0.0,0.0,0.0,0.0,0.0,69.41999999999999,0.0,45.248,0.0,0.0,2015,5,5,1
2015-05-06,0.0,0.0,107.94,140.736,0.0,0.0,0.0,0.0,0.0,0.0,5.78,0.0,0.0,0.0,0.0,0.0,0.0,2015,5,6,2
2015-05-07,0.0,0.0,8.64,16.14,0.0,872.32,0.0,0.0,0.0,0.0,0.0,0.0,0.0,0.0,0.0,0.0,194.25,2015,5,7,3
2015-05-08,0.0,0.0,0.0,0.0,0.0,0.0,1799.97,0.0,0.0,0.0,0.0,0.0,0.0,0.0,0.0,0.0,0.0,2015,5,8,4
2015-05-09,235.76999999999998,0.0,0.0,0.0,0.0,0.0,0.0,0.0,0.0,0.0,30.099999999999998,0.0,45.36,0.0,83.25,0.0,0.0,2015,5,9,5
2015-05-10,0.0,0.0,22.32,0.0,349.965,256.784,0.0,158.13,0.0,0.0,0.0,0.0,39.96,1475.6,0.0,41.04,0.0,2015,5,10,6
2015-05-11,104.976,35.91,0.0,104.58,0.0,1212.96,0.0,0.0,0.0,66.112,0.0,0.0,17.472,100.792,0.0,0.0,0.0,2015,5,11,0
2015-05-12,0.0,0.0,0.0,0.0,0.0,0.0,0.0,0.0,0.0,34.79,0.0,0.0,0.0,0.0,0.0,0.0,700.056,2015,5,12,1
2015-05-13,149.97,0.0,0.0,398.352,0.0,279.456,0.0,0.0,7.104,0.0,0.0,0.0,8.0,0.0,55.5,0.0,0.0,2015,5,13,2
2015-05-14,0.0,0.0,0.0,0.0,0.0,0.0,0.0,0.0,0.0,310.88,0.0,0.0,0.0,0.0,0.0,0.0,0.0,2015,5,14,3
2015-05-16,56.4,0.0,0.0,0.0,0.0,232.88,0.0,0.0,0.0,0.0,0.0,0.0,0.0,0.0,0.0,0.0,0.0,2015,5,16,5
2015-05-17,0.0,0.0,0.0,91.68,0.0,0.0,0.0,0.0,0.0,0.0,0.0,0.0,0.0,0.0,0.0,0.0,0.0,2015,5,17,6
2015-05-18,0.0,0.0,0.0,0.0,0.0,0.0,0.0,0.0,0.0,149.232,0.0,0.0,15.936,779.796,0.0,0.0,0.0,2015,5,18,0
2015-05-19,0.0,0.0,0.0,57.42,0.0,0.0,0.0,0.0,0.0,0.0,0.0,0.0,0.0,0.0,0.0,34.2,0.0,2015,5,19,1
2015-05-20,20.784,33.28,38.52,0.0,0.0,0.0,0.0,0.0,0.0,150.192,0.0,0.0,10.368,0.0,66.96,0.0,0.0,2015,5,20,2
2015-05-21,0.0,245.88,31.84,3182.0299999999997,0.0,107.772,0.0,56.064,0.0,0.0,0.0,0.0,22.772000000000002,617.97,0.0,0.0,0.0,2015,5,21,3
2015-05-22,0.0,0.0,0.0,0.0,0.0,0.0,0.0,0.0,0.0,0.0,0.0,0.0,0.0,180.93,0.0,0.0,0.0,2015,5,22,4
2015-05-23,0.0,208.16,21.168,21.242,0.0,0.0,0.0,0.0,0.0,0.0,0.0,0.0,12.96,55.188,0.0,5.04,0.0,2015,5,23,5
2015-05-24,0.0,0.0,0.0,0.0,0.0,0.0,0.0,0.0,0.0,0.0,0.0,0.0,116.28,0.0,0.0,0.0,0.0,2015,5,24,6
2015-05-25,0.0,75.6,0.0,0.0,0.0,0.0,0.0,0.0,0.0,29.32,0.0,0.0,14.62,0.0,0.0,0.0,0.0,2015,5,25,0
2015-05-26,0.0,0.0,13.392,0.0,290.666,585.068,0.0,0.0,0.0,0.0,0.0,0.0,48.4,285.568,102.624,0.0,0.0,2015,5,26,1
2015-05-27,99.99,0.0,0.0,17.46,0.0,0.0,0.0,0.0,0.0,0.0,0.0,0.0,0.0,1113.504,359.32,0.0,567.12,2015,5,27,2
2015-05-28,27.6,0.0,0.0,136.96,0.0,0.0,0.0,0.0,0.0,0.0,0.0,0.0,0.0,57.408,0.0,0.0,0.0,2015,5,28,3
2015-05-30,0.0,235.95,0.0,95.952,0.0,0.0,719.976,0.0,0.0,0.0,0.0,0.0,53.58,464.0,0.0,0.0,355.455,2015,5,30,5
2015-05-31,0.0,0.0,0.0,0.0,0.0,0.0,0.0,0.0,0.0,0.0,0.0,0.0,0.0,773.7,0.0,0.0,0.0,2015,5,31,6
2015-06-01,0.0,1568.77,289.2,184.04,0.0,2001.86,0.0,0.0,0.0,22.2,0.0,0.0,73.80000000000001,881.93,166.72,0.0,0.0,2015,6,1,0
2015-06-02,0.0,0.0,8.56,59.808,0.0,0.0,0.0,0.0,0.0,73.32,0.0,0.0,0.0,239.97,356.94,0.0,0.0,2015,6,2,1
2015-06-03,0.0,0.0,0.0,0.0,0.0,0.0,0.0,15.28,0.0,0.0,0.0,0.0,0.0,0.0,0.0,0.0,515.88,2015,6,3,2
2015-06-04,0.0,15.56,0.0,0.0,353.568,0.0,0.0,0.0,0.0,70.92,0.0,0.0,16.224,0.0,0.0,0.0,0.0,2015,6,4,3
2015-06-06,0.0,0.0,13.36,175.497,0.0,0.0,0.0,13.984,0.0,0.0,100.24,0.0,62.016,0.0,0.0,17.14,991.764,2015,6,6,5
2015-06-07,0.0,0.0,0.0,12.462,0.0,0.0,0.0,0.0,0.0,0.0,0.0,0.0,0.0,0.0,0.0,0.0,268.935,2015,6,7,6
2015-06-08,0.0,0.0,0.0,68.48,0.0,755.904,0.0,0.0,0.0,0.0,0.0,0.0,0.0,0.0,1676.88,0.0,0.0,2015,6,8,0
2015-06-09,63.984,114.9,118.80799999999999,18.504,0.0,0.0,0.0,0.0,0.0,86.25999999999999,0.0,0.0,79.14,1826.568,0.0,7.36,3147.484,2015,6,9,1
2015-06-10,0.0,0.0,0.0,0.0,0.0,0.0,0.0,0.0,0.0,0.0,491.55,0.0,0.0,0.0,0.0,0.0,0.0,2015,6,10,2
2015-06-13,0.0,0.0,14.52,0.0,0.0,0.0,0.0,0.0,0.0,0.0,0.0,0.0,0.0,0.0,0.0,0.0,0.0,2015,6,13,5
2015-06-14,0.0,0.0,0.0,0.0,212.94,0.0,0.0,0.0,0.0,0.0,0.0,0.0,0.0,0.0,0.0,0.0,0.0,2015,6,14,6
2015-06-15,0.0,0.0,0.0,8.568,0.0,797.944,0.0,0.0,0.0,0.0,0.0,0.0,36.544,0.0,0.0,0.0,99.918,2015,6,15,0
2015-06-16,0.0,0.0,35.0,39.552,0.0,647.84,0.0,41.4,0.0,0.0,0.0,0.0,0.0,0.0,0.0,0.0,0.0,2015,6,16,1
2015-06-17,0.0,0.0,0.0,3266.376,0.0,0.0,0.0,0.0,17.9,6.24,0.0,65.97,0.0,0.0,0.0,0.0,0.0,2015,6,17,2
2015-06-18,0.0,0.0,0.0,0.0,0.0,0.0,0.0,0.0,0.0,0.0,0.0,0.0,0.0,139.8,0.0,0.0,0.0,2015,6,18,3
2015-06-20,0.0,471.9,3.52,3.392,193.0656,0.0,0.0,0.0,0.0,0.0,0.0,418.8,27.2,201.584,509.488,0.0,0.0,2015,6,20,5
2015-06-21,95.968,104.116,25.159999999999997,45.258,0.0,0.0,0.0,24.896,0.0,107.994,0.0,206.991,19.65,3440.5699999999997,36.84,0.0,0.0,2015,6,21,6
2015-06-22,196.752,0.0,0.0,8.226,0.0,1023.9879999999999,0.0,0.0,0.0,0.0,0.0,0.0,0.0,82.782,663.75,0.0,0.0,2015,6,22,0
2015-06-23,86.376,0.0,20.016,0.0,0.0,0.0,0.0,0.0,0.0,0.0,0.0,0.0,0.0,0.0,0.0,3.104,0.0,2015,6,23,1
2015-06-24,0.0,0.0,0.0,0.0,0.0,0.0,0.0,0.0,0.0,4.272,0.0,0.0,0.0,0.0,0.0,0.0,0.0,2015,6,24,2
2015-06-25,0.0,0.0,80.96000000000001,0.0,0.0,0.0,0.0,0.0,0.0,0.0,0.0,0.0,0.0,263.96,0.0,0.0,447.84,2015,6,25,3
2015-06-27,223.96,0.0,0.0,0.0,0.0,0.0,0.0,0.0,0.0,0.0,0.0,0.0,0.0,0.0,306.2,0.0,85.98,2015,6,27,5
2015-06-28,0.0,0.0,0.0,34.254,0.0,1228.465,0.0,0.0,6.08,0.0,0.0,0.0,376.99199999999996,0.0,0.0,0.0,0.0,2015,6,28,6
2015-06-29,0.0,0.0,32.76,13.92,0.0,0.0,0.0,0.0,0.0,0.0,0.0,0.0,0.0,0.0,0.0,0.0,0.0,2015,6,29,0
2015-06-30,0.0,0.0,44.248,337.45599999999996,0.0,0.0,0.0,0.0,21.312,0.0,0.0,0.0,336.608,0.0,0.0,0.0,0.0,2015,6,30,1
2015-07-01,0.0,0.0,0.0,25.104000000000003,0.0,0.0,0.0,0.0,0.0,0.0,0.0,0.0,0.0,575.92,0.0,0.0,0.0,2015,7,1,2
2015-07-02,0.0,0.0,5.58,0.0,0.0,0.0,0.0,0.0,0.0,0.0,0.0,0.0,0.0,73.98,0.0,0.0,0.0,2015,7,2,3
2015-07-04,0.0,32.432,0.0,15.6,0.0,0.0,0.0,0.0,0.0,0.0,0.0,0.0,199.376,0.0,0.0,0.0,0.0,2015,7,4,5
2015-07-05,479.97,0.0,4.368,190.77,0.0,0.0,0.0,0.0,0.0,232.73600000000002,14.62,0.0,19.44,0.0,502.2,0.0,0.0,2015,7,5,6
2015-07-06,0.0,0.0,0.0,0.0,0.0,478.48,559.992,0.0,0.0,0.0,0.0,0.0,0.0,0.0,0.0,0.0,0.0,2015,7,6,0
2015-07-07,0.0,0.0,0.0,0.0,0.0,172.186,0.0,0.0,0.0,69.008,0.0,0.0,0.0,0.0,0.0,0.0,0.0,2015,7,7,1
2015-07-08,0.0,0.0,0.0,196.704,0.0,63.882,0.0,0.0,0.0,0.0,0.0,0.0,0.0,0.0,0.0,0.0,502.488,2015,7,8,2
2015-07-09,0.0,0.0,5.56,56.208000000000006,119.833,0.0,0.0,0.0,0.0,0.0,2.88,0.0,57.12,0.0,23.92,0.0,0.0,2015,7,9,3
2015-07-11,0.0,0.0,0.0,18.28,0.0,854.94,0.0,0.0,0.0,124.11,14.4,0.0,236.688,773.938,0.0,0.0,0.0,2015,7,11,5
2015-07-12,23.84,0.0,22.288,18.976,0.0,635.4939999999999,0.0,0.0,3.488,0.0,0.0,0.0,51.888000000000005,255.936,249.75,0.0,698.352,2015,7,12,6
2015-07-13,0.0,0.0,0.0,0.0,0.0,0.0,0.0,0.0,0.0,0.0,0.0,0.0,0.0,0.0,0.0,0.0,351.216,2015,7,13,0
2015-07-14,0.0,39.48,59.524,29.932,0.0,0.0,0.0,0.0,0.0,31.984,0.0,0.0,0.0,75.75399999999999,55.92,0.0,0.0,2015,7,14,1
2015-07-15,2.97,0.0,0.0,0.0,0.0,0.0,0.0,0.0,6.54,0.0,0.0,0.0,0.0,0.0,0.0,0.0,0.0,2015,7,15,2
2015-07-18,0.0,0.0,0.0,13.904,0.0,259.136,0.0,0.0,0.0,0.0,0.0,0.0,0.0,0.0,0.0,0.0,0.0,2015,7,18,5
2015-07-19,0.0,0.0,0.0,30.786,0.0,0.0,0.0,0.0,0.0,0.0,0.0,0.0,0.0,359.98,0.0,0.0,70.56,2015,7,19,6
2015-07-20,41.94,0.0,13.12,125.77600000000001,0.0,981.372,0.0,0.0,0.0,59.760000000000005,0.0,0.0,159.56,0.0,904.2579999999999,0.0,0.0,2015,7,20,0
2015-07-21,0.0,4.992,99.2,1.044,0.0,1459.498,0.0,87.92,0.0,0.0,0.0,0.0,0.0,35.98,0.0,0.0,272.848,2015,7,21,1
2015-07-22,159.98,0.0,37.16,0.0,0.0,717.72,0.0,0.0,0.0,0.0,0.0,0.0,0.0,0.0,263.132,0.0,170.352,2015,7,22,2
2015-07-23,1647.9560000000001,0.0,9.24,8.16,0.0,0.0,0.0,0.0,0.0,0.0,0.0,0.0,0.0,907.1279999999999,0.0,40.7,0.0,2015,7,23,3
2015-07-25,0.0,0.0,0.0,0.0,0.0,0.0,0.0,0.0,0.0,77.92,0.0,0.0,6.48,0.0,53.72,8203.17,0.0,2015,7,25,5
2015-07-26,714.0360000000001,4.836,0.0,2203.248,0.0,742.232,0.0,0.0,0.0,177.21599999999998,162.89,0.0,0.0,911.984,123.552,0.0,0.0,2015,7,26,6
2015-07-27,238.0,0.0,0.0,0.0,0.0,0.0,0.0,0.0,0.0,0.0,0.0,0.0,65.78,0.0,276.28,0.0,0.0,2015,7,27,0
2015-07-28,0.0,0.0,0.0,0.0,0.0,0.0,0.0,48.944,14.32,129.888,0.0,0.0,0.0,0.0,0.0,0.0,0.0,2015,7,28,1
2015-07-30,0.0,0.0,0.0,0.0,1367.84,0.0,0.0,0.0,0.0,0.0,0.0,0.0,0.0,0.0,0.0,0.0,0.0,2015,7,30,3
2015-08-01,0.0,62.92,0.0,19.752,0.0,0.0,0.0,0.0,5.68,44.128,17.544,0.0,78.304,0.0,0.0,0.0,0.0,2015,8,1,5
2015-08-02,21.2,0.0,0.0,26.7,0.0,0.0,0.0,0.0,0.0,0.0,0.0,0.0,0.0,0.0,838.38,0.0,0.0,2015,8,2,6
2015-08-03,0.0,2.6,0.0,0.0,0.0,0.0,0.0,0.0,0.0,0.0,0.0,0.0,132.984,0.0,21.36,102.3,218.75,2015,8,3,0
2015-08-04,255.42,1191.71,16.4,13.184,0.0,0.0,0.0,0.0,0.0,0.0,0.0,0.0,707.5799999999999,399.96,158.9,0.0,0.0,2015,8,4,1
2015-08-05,16.36,79.47,66.5,0.0,0.0,1473.494,0.0,0.0,0.0,0.0,0.0,0.0,131.9,135.99,15.78,0.0,489.23,2015,8,5,2
2015-08-06,262.89,0.0,0.0,0.0,0.0,0.0,0.0,0.0,0.0,0.0,0.0,0.0,0.0,0.0,0.0,0.0,0.0,2015,8,6,3
2015-08-08,95.976,243.655,0.0,0.0,155.456,0.0,1749.9660000000001,38.34,0.0,503.016,0.0,0.0,0.0,745.94,423.28,0.0,0.0,2015,8,8,5
2015-08-09,0.0,0.0,0.0,2070.089,0.0,0.0,0.0,0.0,4.464,0.0,20.88,0.0,21.532,1488.7199999999998,0.0,0.0,0.0,2015,8,9,6
2015-08-11,0.0,0.0,40.97,0.0,0.0,0.0,0.0,0.0,22.96,12.35,0.0,0.0,0.0,0.0,375.34,0.0,0.0,2015,8,11,1
2015-08-12,158.928,211.248,47.96,196.21,0.0,0.0,0.0,0.0,0.0,85.44,2.952,0.0,31.104,806.336,0.0,5.552,0.0,2015,8,12,2
2015-08-15,0.0,152.24,0.0,93.9,0.0,0.0,0.0,0.0,0.0,0.0,0.0,0.0,91.36,0.0,0.0,0.0,0.0,2015,8,15,5
2015-08-16,0.0,0.0,0.0,0.0,0.0,0.0,0.0,0.0,0.0,0.0,0.0,0.0,0.0,0.0,0.0,0.0,853.092,2015,8,16,6
2015-08-17,339.96,0.0,0.0,17.96,0.0,0.0,0.0,0.0,12.67,0.0,0.0,0.0,129.752,0.0,0.0,0.0,0.0,2015,8,17,0
2015-08-19,0.0,0.0,10.72,146.232,638.82,0.0,0.0,0.0,0.0,289.24,0.0,0.0,0.0,0.0,344.91,9.184,0.0,2015,8,19,2
2015-08-20,0.0,0.0,0.0,896.99,0.0,921.6120000000001,0.0,0.0,0.0,0.0,0.0,0.0,20.12,0.0,0.0,0.0,0.0,2015,8,20,3
2015-08-22,0.0,0.0,3.912,0.0,0.0,0.0,0.0,0.0,0.0,0.0,0.0,0.0,11.56,0.0,0.0,7.632,0.0,2015,8,22,5
2015-08-23,0.0,0.0,0.0,49.568,0.0,0.0,0.0,0.0,0.0,4.224,0.0,0.0,360.992,143.64,0.0,6.8,0.0,2015,8,23,6
2015-08-24,0.0,0.0,0.0,20.96,0.0,0.0,0.0,0.0,0.0,13.28,0.0,0.0,0.0,0.0,0.0,25.5,0.0,2015,8,24,0
2015-08-25,95.1,0.0,0.0,68.31,0.0,0.0,0.0,135.184,40.096,6.28,0.0,0.0,49.896,1007.944,48.84,0.0,0.0,2015,8,25,1
2015-08-26,326.77,0.0,8.64,0.0,0.0,0.0,0.0,0.0,0.0,10.68,0.0,0.0,20.72,0.0,0.0,0.0,0.0,2015,8,26,2
2015-08-27,0.0,0.0,8.56,22.72,0.0,0.0,0.0,0.0,0.0,29.12,0.0,0.0,13.36,793.4300000000001,0.0,0.0,1202.94,2015,8,27,3
2015-08-29,0.0,0.0,0.0,505.176,0.0,0.0,0.0,29.808,0.0,0.0,0.0,0.0,123.28,0.0,0.0,0.0,174.0585,2015,8,29,5
2015-08-30,0.0,0.0,0.0,25.3,0.0,0.0,0.0,0.0,0.0,0.0,0.0,0.0,0.0,0.0,95.94,0.0,0.0,2015,8,30,6
2015-08-31,92.52,0.0,0.0,0.0,0.0,0.0,0.0,0.0,0.0,0.0,0.0,0.0,0.0,0.0,0.0,0.0,0.0,2015,8,31,0
2015-09-01,357.0,0.0,53.94,27.392,0.0,0.0,0.0,0.0,0.0,0.0,0.0,0.0,31.104,0.0,0.0,0.0,0.0,2015,9,1,1
2015-09-02,715.9200000000001,19.9,78.99,1793.98,0.0,0.0,0.0,0.0,0.0,70.71,0.0,559.71,14.94,0.0,0.0,0.0,0.0,2015,9,2,2
2015-09-03,0.0,0.0,0.0,7.68,0.0,0.0,0.0,0.0,0.0,0.0,14.4,0.0,0.0,0.0,0.0,0.0,0.0,2015,9,3,3
2015-09-05,0.0,0.0,0.0,0.0,0.0,0.0,0.0,0.0,0.0,31.984,0.0,0.0,0.0,0.0,264.32,0.0,0.0,2015,9,5,5
2015-09-06,0.0,0.0,0.0,0.0,0.0,0.0,0.0,0.0,0.0,41.88,58.48,0.0,0.0,0.0,0.0,0.0,0.0,2015,9,6,6
2015-09-07,46.688,0.0,21.864,470.528,0.0,161.96,0.0,0.0,13.16,921.938,0.0,399.54,33.519999999999996,711.9780000000001,84.644,27.36,630.6949999999999,2015,9,7,0
2015-09-08,166.82999999999998,251.41,355.23999999999995,59.792,0.0,3855.444,0.0,0.0,49.019999999999996,0.0,0.0,8369.922,200.016,143.976,776.778,0.0,0.0,2015,9,8,1
2015-09-09,64.704,0.0,30.816,0.0,0.0,785.88,0.0,0.0,0.0,78.144,103.6,1299.99,219.088,135.516,1325.85,0.0,0.0,2015,9,9,2
2015-09-10,0.0,81.92,0.0,9.64,0.0,1487.04,0.0,21.728,0.0,254.9,0.0,0.0,0.0,0.0,0.0,0.0,0.0,2015,9,10,3
2015-09-11,0.0,0.0,0.0,0.0,0.0,0.0,0.0,0.0,0.0,127.95,0.0,0.0,0.0,0.0,0.0,0.0,0.0,2015,9,11,4
2015-09-12,72.616,166.84,0.0,401.06399999999996,0.0,3785.292,0.0,0.0,0.0,40.56,0.0,69.99,10.368,0.0,0.0,357.93,0.0,2015,9,12,5
2015-09-13,714.94,22.66,5.46,21.15,0.0,340.116,0.0,0.0,5.7,14.19,0.0,0.0,64.49199999999999,0.0,79.4,7.3,0.0,2015,9,13,6
2015-09-14,0.0,666.7479999999999,0.0,15.712,0.0,0.0,0.0,79.53,6.048,165.488,20.16,2799.96,51.668,304.96000000000004,449.15,0.0,464.292,2015,9,14,0
2015-09-15,0.0,0.0,0.0,0.0,0.0,0.0,0.0,0.0,0.0,118.49600000000001,0.0,0.0,14.94,0.0,0.0,0.0,0.0,2015,9,15,1
2015-09-16,0.0,0.0,0.0,33.552,0.0,0.0,0.0,0.0,0.0,0.0,0.0,0.0,0.0,0.0,0.0,0.0,0.0,2015,9,16,2
2015-09-17,103.904,0.0,43.504,143.132,0.0,0.0,0.0,182.94,0.0,35.34,0.0,29.925,193.568,0.0,88.21000000000001,0.0,0.0,2015,9,17,3
2015-09-19,0.0,0.0,0.0,0.0,0.0,887.103,0.0,0.0,12.83,0.0,0.0,8204.925,0.0,0.0,159.86399999999998,0.0,73.915,2015,9,19,5
2015-09-20,59.98,74.9,2.816,20.232,1657.938,631.782,0.0,0.0,0.0,164.22,85.14000000000001,0.0,30.28,1990.98,0.0,0.0,617.7,2015,9,20,6
2015-09-21,0.0,62.230000000000004,125.55000000000001,6.57,0.0,0.0,1799.97,93.91,0.0,8.544,20.808,0.0,75.70200000000001,486.368,0.0,0.0,0.0,2015,9,21,0
2015-09-22,0.0,0.0,13.04,3.984,0.0,579.528,0.0,0.0,0.0,97.44,4.608,0.0,0.0,0.0,541.6659999999999,0.0,0.0,2015,9,22,1
2015-09-23,0.0,0.0,9.84,9666.414,435.999,0.0,0.0,0.0,0.0,0.0,0.0,0.0,61.2,83.984,404.9,0.0,0.0,2015,9,23,2
2015-09-24,0.0,0.0,0.0,0.0,0.0,0.0,0.0,0.0,0.0,0.0,0.0,0.0,0.0,0.0,211.96,0.0,0.0,2015,9,24,3
2015-09-25,0.0,0.0,14.576,2.724,300.5328,0.0,0.0,3.264,0.0,0.0,0.0,0.0,33.792,0.0,0.0,0.0,0.0,2015,9,25,4
2015-09-26,3.152,202.03199999999998,0.0,6.846,0.0,731.12,0.0,0.0,0.0,21.184,0.0,0.0,52.336,0.0,310.12,0.0,0.0,2015,9,26,5
2015-09-27,0.0,0.0,0.0,0.0,0.0,603.92,0.0,0.0,0.0,87.54,0.0,0.0,81.98,0.0,0.0,0.0,0.0,2015,9,27,6
2015-09-28,0.0,0.0,0.0,0.0,0.0,0.0,0.0,0.0,0.0,337.088,0.0,0.0,106.944,0.0,46.26,0.0,0.0,2015,9,28,0
2015-09-29,0.0,0.0,4.224,10.048,0.0,0.0,0.0,0.0,8.72,328.12,74.34,686.32,104.928,0.0,4067.102,0.0,2825.268,2015,9,29,1
2015-09-30,0.0,864.624,0.0,43.176,0.0,0.0,0.0,0.0,0.0,15.24,0.0,0.0,64.49199999999999,0.0,0.0,0.0,0.0,2015,9,30,2
2015-10-01,0.0,0.0,0.0,0.0,0.0,0.0,0.0,0.0,4.71,0.0,0.0,0.0,0.0,0.0,0.0,0.0,0.0,2015,10,1,3
2015-10-02,7.16,0.0,0.0,0.0,0.0,0.0,0.0,12.768,4.672,0.0,0.0,0.0,9.408,548.776,0.0,15.36,0.0,2015,10,2,4
2015-10-03,142.488,0.0,62.176,1.788,0.0,380.631,0.0,14.48,19.416,31.776,4.928,0.0,0.0,0.0,61.568,0.0,143.432,2015,10,3,5
2015-10-04,0.0,0.0,0.0,95.648,0.0,589.41,0.0,0.0,0.0,0.0,43.69,0.0,0.0,0.0,0.0,0.0,0.0,2015,10,4,6
2015-10-05,99.98,91.92,0.0,0.0,0.0,0.0,0.0,0.0,0.0,0.0,0.0,0.0,0.0,0.0,0.0,0.0,0.0,2015,10,5,0
2015-10-06,9.09,0.0,0.0,15.36,0.0,0.0,0.0,0.0,0.0,0.0,0.0,0.0,0.0,0.0,470.26,0.0,0.0,2015,10,6,1
2015-10-07,0.0,0.0,0.0,0.0,0.0,0.0,0.0,0.0,0.0,129.92,0.0,0.0,0.0,0.0,107.44,0.0,0.0,2015,10,7,2
2015-10-08,23.472,0.0,0.0,0.0,0.0,0.0,0.0,0.0,0.0,0.0,0.0,0.0,123.92,0.0,0.0,0.0,0.0,2015,10,8,3
2015-10-09,0.0,0.0,144.6,0.0,0.0,0.0,0.0,0.0,0.0,0.0,0.0,0.0,88.768,15.992,0.0,0.0,0.0,2015,10,9,4
2015-10-10,0.0,0.0,255.85,31.142,0.0,122.352,0.0,15.28,0.0,46.872,0.0,101.994,0.0,1475.896,0.0,0.0,0.0,2015,10,10,5
2015-10-11,345.0,0.0,0.0,0.0,0.0,433.568,0.0,209.07199999999997,0.0,72.39,7.31,0.0,0.0,0.0,313.824,0.0,0.0,2015,10,11,6
2015-10-12,0.0,0.0,14.9,0.0,0.0,0.0,0.0,0.0,0.0,0.0,0.0,0.0,0.0,0.0,21.39,22.24,0.0,2015,10,12,0
2015-10-13,48.74,213.92,11.52,41.872,0.0,245.98,0.0,36.4,0.0,0.0,0.0,0.0,0.0,0.0,315.2,0.0,1298.55,2015,10,13,1
2015-10-14,177.0,3.16,0.0,25.866000000000003,0.0,1628.82,1999.96,0.0,0.0,0.0,0.0,0.0,341.32800000000003,0.0,349.34999999999997,0.0,0.0,2015,10,14,2
2015-10-15,0.0,0.0,0.0,0.0,0.0,183.372,0.0,0.0,0.0,15.384,0.0,0.0,7.968,0.0,0.0,0.0,0.0,2015,10,15,3
2015-10-16,179.97,0.0,0.0,14.352,0.0,0.0,0.0,0.0,0.0,0.0,0.0,0.0,0.0,0.0,0.0,0.0,0.0,2015,10,16,4
2015-10-17,119.976,0.0,0.0,10.78,0.0,0.0,0.0,0.0,0.0,5.312,0.0,0.0,0.0,0.0,0.0,0.0,0.0,2015,10,17,5
2015-10-18,0.0,0.0,0.0,1.344,0.0,1151.22,0.0,52.512,0.0,0.0,0.0,0.0,72.008,1394.95,462.88200000000006,0.0,0.0,2015,10,18,6
2015-10-19,0.0,0.0,0.0,23.056,0.0,0.0,0.0,0.0,0.0,0.0,18.75,0.0,160.17,439.12800000000004,0.0,0.0,0.0,2015,10,19,0
2015-10-20,319.968,0.0,0.0,8.682,0.0,0.0,0.0,0.0,0.0,0.0,24.424,0.0,3.808,0.0,815.6320000000001,0.0,328.59,2015,10,20,1
2015-10-21,0.0,121.792,2.84,36.36,0.0,0.0,0.0,0.0,0.0,0.0,0.0,0.0,0.0,0.0,194.7,0.0,1000.9100000000001,2015,10,21,2
2015-10-22,0.0,0.0,0.0,0.0,0.0,0.0,0.0,0.0,0.0,223.808,0.0,0.0,0.0,0.0,0.0,0.0,0.0,2015,10,22,3
2015-10-24,0.0,0.0,0.0,34.272,0.0,0.0,0.0,0.0,11.85,0.0,0.0,0.0,10.368,0.0,0.0,0.0,0.0,2015,10,24,5
2015-10-25,40.776,0.0,0.0,63.106,0.0,0.0,0.0,0.0,0.0,0.0,0.0,0.0,0.0,0.0,0.0,0.0,0.0,2015,10,25,6
2015-10-26,0.0,0.0,0.0,0.0,0.0,0.0,0.0,0.0,0.0,63.92,0.0,0.0,0.0,383.96,0.0,0.0,0.0,2015,10,26,0
2015-10-27,0.0,0.0,0.0,0.0,0.0,0.0,0.0,0.0,0.0,0.0,0.0,0.0,22.32,0.0,0.0,0.0,0.0,2015,10,27,1
2015-10-28,0.0,0.0,0.0,7.184,616.998,0.0,0.0,0.0,0.0,0.0,0.0,0.0,0.0,257.98,141.4,487.02,0.0,2015,10,28,2
2015-10-29,1.98,0.0,0.0,0.0,0.0,0.0,0.0,0.0,0.0,0.0,0.0,0.0,75.88,2735.952,0.0,0.0,0.0,2015,10,29,3
2015-10-31,251.91,0.0,61.64,69.344,0.0,1751.2520000000002,0.0,0.0,11.34,32.43,0.0,0.0,74.89999999999999,815.9200000000001,485.94,0.0,1807.35,2015,10,31,5
2015-11-01,0.0,610.0600000000001,59.088,0.0,0.0,0.0,0.0,0.0,7.52,31.68,92.208,0.0,205.036,3118.784,513.44,0.0,0.0,2015,11,1,6
2015-11-02,841.8599999999999,0.0,0.0,19.242,0.0,0.0,0.0,0.0,0.0,89.34,34.86,0.0,0.0,778.148,362.92,0.0,0.0,2015,11,2,0
2015-11-03,89.97,0.0,6.72,76.813,0.0,0.0,0.0,0.0,0.0,410.352,0.0,0.0,147.344,783.96,25.984,297.984,945.036,2015,11,3,1
2015-11-04,360.0,58.24,2.94,74.0,0.0,135.882,0.0,0.0,8.376,35.34,0.0,4439.948,19.44,942.2840000000001,43.57,0.0,573.728,2015,11,4,2
2015-11-05,157.766,0.0,0.0,13.194,0.0,149.9,0.0,0.0,0.0,293.608,0.0,0.0,0.0,0.0,1080.096,0.0,0.0,2015,11,5,3
2015-11-07,0.0,245.88,0.0,163.05599999999998,0.0,683.144,0.0,74.352,5.92,0.0,0.0,0.0,30.18,0.0,59.21,40.712,0.0,2015,11,7,5
2015-11-08,0.0,0.0,0.0,0.0,0.0,0.0,0.0,0.0,0.0,0.0,0.0,0.0,0.0,333.576,0.0,0.0,0.0,2015,11,8,6
2015-11-09,0.0,0.0,0.0,0.0,222.666,0.0,0.0,0.0,0.0,56.52,0.0,0.0,157.5,703.968,433.44,0.0,0.0,2015,11,9,0
2015-11-10,10.99,0.0,3.9,0.0,0.0,563.94,0.0,0.0,0.0,93.08000000000001,39.84,0.0,90.92,601.536,598.3499999999999,0.0,0.0,2015,11,10,1
2015-11-11,102.13,30.76,101.432,2931.808,521.96,1514.512,0.0,0.0,0.0,34.952,0.0,0.0,407.97600000000006,1525.568,665.88,0.0,0.0,2015,11,11,2
2015-11-12,79.512,0.0,10.544,0.0,67.9932,0.0,0.0,0.0,0.0,0.0,0.0,0.0,48.248,0.0,49.632,16.656,629.064,2015,11,12,3
2015-11-14,0.0,0.0,0.0,68.03999999999999,0.0,69.264,0.0,0.0,0.0,0.0,0.0,0.0,64.496,832.93,0.0,0.0,0.0,2015,11,14,5
2015-11-15,772.47,333.056,4.224,0.0,0.0,0.0,0.0,604.656,0.0,10.11,0.0,0.0,24.896,0.0,0.0,31.41,0.0,2015,11,15,6
2015-11-16,0.0,0.0,0.0,29.12,305.9745,37.296,0.0,78.35,0.0,0.0,5.22,0.0,31.68,353.928,514.36,0.0,0.0,2015,11,16,0
2015-11-17,99.98,241.44,57.75,2152.776,4007.84,1137.83,0.0,7.08,0.0,124.41,0.0,0.0,780.8380000000001,0.0,2934.33,0.0,0.0,2015,11,17,1
2015-11-18,0.0,0.0,0.0,82.121,424.116,392.94,0.0,0.0,0.0,206.396,0.0,0.0,57.788,549.552,525.662,0.0,1168.2800000000002,2015,11,18,2
2015-11-19,76.49600000000001,0.0,0.0,213.08,1025.88,0.0,0.0,0.0,0.0,0.0,32.46,0.0,172.32,5484.6900000000005,221.16,0.0,0.0,2015,11,19,3
2015-11-20,0.0,0.0,0.0,12.96,0.0,0.0,0.0,34.74,0.0,0.0,0.0,0.0,25.92,833.94,0.0,0.0,0.0,2015,11,20,4
2015-11-21,94.99,0.0,5.46,0.0,0.0,0.0,0.0,1.632,0.0,0.0,0.0,0.0,648.64,304.95,193.95,0.0,0.0,2015,11,21,5
2015-11-22,0.0,675.12,0.0,336.808,0.0,0.0,0.0,27.59,0.0,0.0,0.0,0.0,63.78,0.0,0.0,0.0,0.0,2015,11,22,6
2015-11-23,35.534,34.176,0.0,14.67,0.0,1140.732,0.0,108.12,0.0,6.368,23.68,0.0,0.0,0.0,0.0,0.0,0.0,2015,11,23,0
2015-11-24,111.79,0.0,154.54399999999998,12.096,0.0,731.77,0.0,0.0,0.0,298.038,196.62,0.0,186.00000000000003,2552.346,1329.66,0.0,0.0,2015,11,24,1
2015-11-25,24.672,320.88,58.455999999999996,0.0,275.952,725.344,0.0,0.0,0.0,82.936,8.424,0.0,42.456,539.92,1117.92,0.0,1218.735,2015,11,25,2
2015-11-26,0.0,40.54,0.0,41.632,0.0,0.0,0.0,0.0,0.0,19.3,104.67,0.0,112.472,718.296,669.08,0.0,0.0,2015,11,26,3
2015-11-27,0.0,0.0,0.0,0.0,0.0,0.0,0.0,0.0,3.76,199.9,0.0,0.0,0.0,0.0,0.0,0.0,0.0,2015,11,27,4
2015-11-28,139.93,43.68,27.79,62.908,411.332,0.0,0.0,64.02,0.0,397.6,41.4,998.85,85.96,0.0,0.0,7.36,0.0,2015,11,28,5
2015-11-29,0.0,0.0,0.0,0.0,0.0,0.0,0.0,0.0,43.024,0.0,30.099999999999998,0.0,0.0,575.92,0.0,0.0,0.0,2015,11,29,6
2015-11-30,102.24,0.0,0.0,6.642,0.0,0.0,0.0,62.28,0.0,0.0,0.0,0.0,0.0,0.0,0.0,47.992,0.0,2015,11,30,0
2015-12-01,0.0,0.0,46.64,0.0,0.0,4391.618,659.988,0.0,0.0,121.988,0.0,0.0,36.288,367.868,0.0,0.0,0.0,2015,12,1,1
2015-12-02,245.70999999999998,2.394,16.464,46.72,883.92,239.84,0.0,0.0,0.0,159.04,15.66,0.0,162.06,0.0,0.0,0.0,0.0,2015,12,2,2
2015-12-03,0.0,0.0,0.0,0.0,0.0,0.0,0.0,0.0,0.0,0.0,0.0,0.0,25.92,479.96,0.0,0.0,0.0,2015,12,3,3
2015-12-04,0.0,0.0,0.0,0.0,0.0,0.0,0.0,0.0,0.0,0.0,0.0,0.0,0.0,129.98,0.0,0.0,0.0,2015,12,4,4
2015-12-05,408.744,250.26,1139.484,29.94,0.0,0.0,0.0,348.488,15.0,0.0,0.0,0.0,164.96800000000002,384.64599999999996,222.112,0.0,0.0,2015,12,5,5
2015-12-06,0.0,14.016,0.0,4.6,0.0,0.0,0.0,0.0,0.0,34.751999999999995,0.0,0.0,42.208,35.04,1349.922,0.0,490.44,2015,12,6,6
2015-12-07,0.0,0.0,8.64,0.0,0.0,0.0,0.0,0.0,0.0,0.0,0.0,0.0,270.4,0.0,269.36,0.0,0.0,2015,12,7,0
2015-12-08,103.92,0.0,0.0,6.456,0.0,603.92,0.0,0.0,0.0,119.32,39.408,0.0,56.048,52.68,99.488,13.88,0.0,2015,12,8,1
2015-12-09,0.0,20.388,0.0,0.0,0.0,0.0,1079.976,30.672,0.0,0.0,0.0,0.0,53.816,0.0,337.8,0.0,0.0,2015,12,9,2
2015-12-10,0.0,0.0,0.0,106.344,0.0,338.352,0.0,0.0,0.0,0.0,0.0,0.0,128.64,0.0,0.0,0.0,0.0,2015,12,10,3
2015-12-12,0.0,0.0,0.0,210.392,254.9745,0.0,0.0,23.472,0.0,65.09,0.0,0.0,0.0,0.0,8.94,0.0,4375.536,2015,12,12,5
2015-12-13,0.0,0.0,0.0,17.604,0.0,0.0,0.0,0.0,0.0,182.38799999999998,0.0,0.0,90.24,0.0,0.0,2.92,0.0,2015,12,13,6
2015-12-14,298.976,0.0,2.624,14.367999999999999,0.0,186.304,0.0,0.0,2.896,0.0,0.0,6999.96,0.0,0.0,0.0,0.0,136.53,2015,12,14,0
2015-12-15,0.0,0.0,0.0,0.0,0.0,1209.0819999999999,0.0,0.0,0.0,14.704,0.0,0.0,0.0,40.68,0.0,0.0,0.0,2015,12,15,1
2015-12-16,494.98,0.0,0.0,1.167,0.0,2659.32,0.0,0.0,1.984,130.488,0.0,0.0,150.488,627.168,0.0,0.0,0.0,2015,12,16,2
2015-12-17,0.0,0.0,40.05,5.484,0.0,0.0,0.0,0.0,0.0,0.0,0.0,0.0,0.0,0.0,0.0,0.0,0.0,2015,12,17,3
2015-12-19,247.8,0.0,0.0,157.572,0.0,1819.86,0.0,0.0,22.55,0.0,14.62,0.0,15.552,1118.944,32.592,7.27,0.0,2015,12,19,5
2015-12-20,585.36,62.944,51.43,1809.384,0.0,1097.4180000000001,0.0,0.0,0.0,242.81600000000003,34.74,0.0,256.288,0.0,122.48,0.0,2699.58,2015,12,20,6
2015-12-21,0.0,0.0,0.0,18.24,0.0,1897.92,0.0,0.0,0.0,0.0,17.28,0.0,0.0,0.0,0.0,0.0,0.0,2015,12,21,0
2015-12-22,0.0,0.0,11.76,314.616,0.0,0.0,0.0,0.0,0.0,0.0,0.0,0.0,124.032,0.0,348.56,0.0,0.0,2015,12,22,1
2015-12-23,0.0,263.76,1.344,0.0,0.0,64.784,0.0,0.0,0.0,0.0,0.0,0.0,50.711999999999996,0.0,508.192,0.0,53.316,2015,12,23,2
2015-12-24,62.85,375.93,0.0,0.0,0.0,292.272,0.0,0.0,0.0,54.349999999999994,0.0,0.0,9.568,992.0319999999999,163.20000000000002,0.0,0.0,2015,12,24,3
2015-12-26,0.0,116.208,8.016,87.28999999999999,0.0,830.91,0.0,0.0,27.552,522.248,0.0,0.0,18.264,0.0,419.01599999999996,11.91,0.0,2015,12,26,5
2015-12-27,498.0,10.98,0.0,988.804,0.0,997.494,0.0,0.0,7.86,215.304,11.56,0.0,36.760000000000005,0.0,199.626,0.0,0.0,2015,12,27,6
2015-12-28,0.0,1737.18,99.136,0.0,0.0,0.0,0.0,0.0,0.0,0.0,0.0,0.0,141.76,0.0,704.25,0.0,0.0,2015,12,28,0
2015-12-29,119.8,48.36,0.0,14.352,0.0,0.0,0.0,0.0,0.0,143.172,363.57,767.952,21.12,535.9200000000001,57.849999999999994,0.0,0.0,2015,12,29,1
2015-12-30,75.952,122.94,9.84,589.7189999999999,0.0,0.0,0.0,12.984,0.0,0.0,0.0,0.0,0.0,798.3240000000001,39.128,0.0,523.764,2015,12,30,2
2015-12-31,1884.07,0.0,29.68,0.0,1915.448,605.88,0.0,49.568,0.0,63.2,18.9,0.0,210.57999999999998,475.944,0.0,0.0,0.0,2015,12,31,3
2016-01-02,89.584,0.0,9.84,0.0,452.45,0.0,0.0,0.0,0.0,0.0,23.68,1188.0,20.04,62.982,85.52,0.0,0.0,2016,1,2,5
2016-01-03,398.4,0.0,7.056,0.0,1352.3976,0.0,0.0,0.0,0.0,0.0,0.0,0.0,10.368,0.0,0.0,0.0,0.0,2016,1,3,6
2016-01-04,0.0,0.0,0.0,32.34,0.0,0.0,0.0,0.0,0.0,192.22,0.0,0.0,39.9,0.0,0.0,0.0,0.0,2016,1,4,0
2016-01-05,0.0,87.36,59.52,69.328,0.0,61.584,0.0,17.48,0.0,0.0,0.0,0.0,0.0,0.0,0.0,0.0,0.0,2016,1,5,1
2016-01-06,0.0,0.0,0.0,1.938,0.0,0.0,0.0,0.0,0.0,0.0,0.0,0.0,29.6,0.0,0.0,0.0,0.0,2016,1,6,2
2016-01-09,0.0,163.44,42.76,0.0,0.0,0.0,0.0,0.0,0.0,0.0,0.0,0.0,157.87,0.0,0.0,0.0,0.0,2016,1,9,5
2016-01-10,0.0,0.0,0.0,0.0,0.0,0.0,0.0,0.0,0.0,0.0,0.0,0.0,0.0,0.0,0.0,0.0,1018.104,2016,1,10,6
2016-01-12,10.384,0.0,10.368,0.0,0.0,0.0,0.0,0.0,0.0,0.0,0.0,0.0,0.0,261.56399999999996,465.18,0.0,0.0,2016,1,12,1
2016-01-13,0.0,0.0,0.0,70.008,0.0,0.0,0.0,0.0,0.0,542.45,9.82,0.0,0.0,0.0,0.0,0.0,0.0,2016,1,13,2
2016-01-17,0.0,0.0,6.68,0.0,0.0,0.0,0.0,0.0,0.0,254.744,0.0,0.0,0.0,0.0,0.0,88.96,0.0,2016,1,17,6
2016-01-19,0.0,0.0,0.0,0.0,0.0,199.304,0.0,0.0,0.0,0.0,0.0,0.0,0.0,0.0,0.0,0.0,102.438,2016,1,19,1
2016-01-23,0.0,0.0,0.0,0.0,0.0,0.0,0.0,0.0,0.0,0.0,14.62,0.0,29.04,0.0,0.0,0.0,0.0,2016,1,23,5
2016-01-24,0.0,0.0,13.12,0.0,0.0,0.0,0.0,0.0,0.0,0.0,0.0,0.0,0.0,0.0,0.0,0.0,0.0,2016,1,24,6
2016-01-26,0.0,0.0,0.0,0.0,0.0,0.0,0.0,0.0,0.0,0.0,0.0,0.0,182.72,0.0,0.0,0.0,0.0,2016,1,26,1
2016-01-27,0.0,0.0,0.0,0.0,0.0,2985.906,0.0,0.0,0.0,0.0,0.0,0.0,0.0,587.346,0.0,0.0,0.0,2016,1,27,2
2016-01-28,0.0,0.0,0.0,0.0,0.0,0.0,0.0,0.0,0.0,0.0,0.0,0.0,0.0,0.0,0.0,0.0,4297.644,2016,1,28,3
2016-01-30,0.0,0.0,0.0,0.0,0.0,0.0,0.0,0.0,0.0,227.36,0.0,1919.976,14.304,0.0,0.0,0.0,0.0,2016,1,30,5
2016-01-31,0.0,0.0,0.0,32.96,0.0,0.0,0.0,0.0,0.0,53.34,0.0,0.0,12.96,0.0,0.0,0.0,0.0,2016,1,31,6
2016-02-03,149.97,0.0,0.0,12.144,0.0,90.882,0.0,74.52,0.0,165.32,0.0,0.0,0.0,0.0,0.0,0.0,0.0,2016,2,3,2
2016-02-06,18.528,0.0,10.96,2.934,283.92,1268.82,0.0,0.0,0.0,0.0,0.0,0.0,29.9,0.0,817.482,0.0,0.0,2016,2,6,5
2016-02-07,0.0,0.0,0.0,0.0,0.0,0.0,0.0,311.15,0.0,0.0,0.0,0.0,12.96,0.0,0.0,0.0,0.0,2016,2,7,6
2016-02-08,0.0,0.0,5.76,0.0,0.0,0.0,0.0,0.0,5.81,0.0,0.0,0.0,9.54,107.982,0.0,0.0,0.0,2016,2,8,0
2016-02-09,500.752,0.0,0.0,0.0,0.0,203.92,0.0,0.0,0.0,40.784,40.096,0.0,0.0,0.0,0.0,0.0,0.0,2016,2,9,1
2016-02-10,0.0,0.0,0.0,0.0,0.0,0.0,0.0,0.0,0.0,0.0,0.0,0.0,0.0,0.0,77.24,0.0,0.0,2016,2,10,2
2016-02-14,71.976,0.0,14.352,43.662,0.0,0.0,0.0,0.0,0.0,0.0,0.0,0.0,0.0,949.972,0.0,0.0,0.0,2016,2,14,6
2016-02-15,139.95,541.44,0.0,53.239999999999995,0.0,0.0,0.0,0.0,0.0,0.0,0.0,0.0,32.8,834.95,0.0,0.0,0.0,2016,2,15,0
2016-02-16,0.0,0.0,0.0,0.0,0.0,0.0,0.0,0.0,0.0,0.0,87.71,0.0,72.72,0.0,0.0,0.0,0.0,2016,2,16,1
2016-02-18,0.0,0.0,0.0,0.0,0.0,0.0,0.0,0.0,0.0,0.0,70.3,0.0,0.0,0.0,0.0,0.0,35.544,2016,2,18,3
2016-02-20,29.99,0.0,286.79,0.0,0.0,0.0,0.0,0.0,0.0,0.0,0.0,0.0,0.0,0.0,0.0,0.0,0.0,2016,2,20,5
2016-02-21,0.0,0.0,0.0,2541.98,0.0,0.0,0.0,0.0,0.0,0.0,0.0,0.0,49.12,0.0,0.0,0.0,0.0,2016,2,21,6
2016-02-22,0.0,0.0,79.36,0.0,0.0,0.0,0.0,0.0,0.0,0.0,0.0,0.0,0.0,0.0,0.0,0.0,0.0,2016,2,22,0
2016-02-23,0.0,26.88,0.0,10.896,0.0,0.0,0.0,0.0,0.0,0.0,0.0,0.0,0.0,0.0,0.0,0.0,0.0,2016,2,23,1
2016-02-25,0.0,0.0,0.0,0.0,0.0,0.0,0.0,0.0,0.0,0.0,3.15,0.0,22.72,0.0,0.0,0.0,0.0,2016,2,25,3
2016-02-27,538.92,0.0,16.032,4.419,0.0,0.0,0.0,0.0,0.0,0.0,0.0,0.0,0.0,105.98,0.0,0.0,493.92,2016,2,27,5
2016-02-28,0.0,0.0,0.0,0.0,0.0,551.264,0.0,0.0,0.0,0.0,0.0,0.0,0.0,0.0,0.0,0.0,0.0,2016,2,28,6
2016-03-01,0.0,3.552,55.328,58.72,1227.9984,184.752,0.0,0.0,0.0,0.0,0.0,0.0,0.0,111.824,0.0,0.0,0.0,2016,3,1,1
2016-03-02,0.0,0.0,10.16,0.0,0.0,0.0,0.0,101.88,0.0,0.0,0.0,0.0,0.0,0.0,0.0,0.0,787.53,2016,3,2,2
2016-03-05,10.312,241.67,0.0,13.768,0.0,482.97900000000004,0.0,29.34,7.104,38.28,0.0,0.0,0.0,521.998,623.816,0.0,0.0,2016,3,5,5
2016-03-06,0.0,0.0,0.0,0.0,0.0,0.0,1119.984,0.0,0.0,435.26,0.0,0.0,0.0,0.0,0.0,0.0,0.0,2016,3,6,6
2016-03-07,119.85,0.0,0.0,99.72,0.0,0.0,0.0,0.0,0.0,0.0,0.0,0.0,0.0,587.97,0.0,0.0,0.0,2016,3,7,0
2016-03-08,0.0,0.0,18.388,8.568,512.94,860.93,0.0,0.0,0.0,373.08,0.0,0.0,19.44,769.95,0.0,0.0,0.0,2016,3,8,1
2016-03-09,113.52,0.0,0.0,0.0,0.0,0.0,0.0,0.0,0.0,0.0,4.608,0.0,0.0,359.88,0.0,0.0,0.0,2016,3,9,2
2016-03-10,0.0,0.0,0.0,1.112,0.0,0.0,0.0,0.0,0.0,0.0,0.0,0.0,0.0,0.0,89.82,0.0,0.0,2016,3,10,3
2016-03-12,0.0,0.0,0.0,0.0,0.0,0.0,0.0,8.688,0.0,37.288,5.04,0.0,0.0,0.0,0.0,0.0,0.0,2016,3,12,5
2016-03-13,0.0,0.0,0.0,0.0,141.96,915.136,0.0,0.0,0.0,327.76,0.0,0.0,0.0,0.0,0.0,0.0,0.0,2016,3,13,6
2016-03-14,0.0,0.0,0.0,671.94,0.0,0.0,0.0,0.0,0.0,0.0,16.52,0.0,19.44,0.0,0.0,0.0,0.0,2016,3,14,0
2016-03-15,0.0,0.0,0.0,0.0,0.0,0.0,0.0,0.0,0.0,0.0,0.0,0.0,0.0,16.776,0.0,0.0,0.0,2016,3,15,1
2016-03-16,0.0,0.0,28.6,6354.95,0.0,0.0,0.0,7.38,0.0,43.13,491.55,0.0,0.0,85.9,46.74,0.0,171.96,2016,3,16,2
2016-03-17,15.02,0.0,0.0,0.0,0.0,0.0,0.0,0.0,0.0,0.0,0.0,0.0,0.0,0.0,33.82,0.0,0.0,2016,3,17,3
2016-03-19,0.0,0.0,0.0,17.568,0.0,0.0,3149.93,0.0,10.9,0.0,14.62,0.0,276.296,453.576,1247.64,33.36,0.0,2016,3,19,5
2016-03-20,0.0,0.0,0.0,2.512,0.0,0.0,0.0,0.0,18.864,0.0,0.0,0.0,51.84,0.0,29.304,0.0,0.0,2016,3,20,6
2016-03-21,0.0,962.08,0.0,12.843,0.0,0.0,0.0,0.0,0.0,0.0,0.0,0.0,295.456,0.0,0.0,0.0,0.0,2016,3,21,0
2016-03-22,466.336,0.0,19.56,14.112,0.0,0.0,0.0,0.0,0.0,91.96,0.0,0.0,105.52,1503.96,279.976,0.0,0.0,2016,3,22,1
2016-03-23,239.97,0.0,0.0,0.0,0.0,107.772,0.0,0.0,31.56,0.0,0.0,0.0,226.07999999999998,0.0,27.92,0.0,0.0,2016,3,23,2
2016-03-24,0.0,6.992,0.0,0.0,359.058,0.0,0.0,0.0,0.0,46.9,0.0,0.0,0.0,0.0,0.0,0.0,0.0,2016,3,24,3
2016-03-26,16.776,0.0,0.0,0.0,0.0,0.0,0.0,0.0,0.0,0.0,0.0,0.0,114.384,0.0,0.0,0.0,0.0,2016,3,26,5
2016-03-27,0.0,0.0,0.0,0.0,0.0,0.0,0.0,0.0,0.0,0.0,0.0,0.0,0.0,0.0,83.7,0.0,0.0,2016,3,27,6
2016-03-28,166.24,0.0,0.0,0.0,0.0,0.0,0.0,22.92,0.0,0.0,0.0,0.0,54.184,0.0,0.0,0.0,0.0,2016,3,28,0
2016-03-29,53.25,73.28,5.56,0.0,0.0,1166.92,0.0,0.0,0.0,19.92,0.0,0.0,240.14999999999998,0.0,0.0,0.0,0.0,2016,3,29,1
2016-03-30,0.0,0.0,0.0,0.0,0.0,366.744,0.0,0.0,0.0,0.0,0.0,0.0,23.52,180.96,0.0,0.0,0.0,2016,3,30,2
2016-03-31,0.0,0.0,0.0,0.0,0.0,0.0,0.0,0.0,0.0,22.38,0.0,0.0,98.376,79.96,0.0,0.0,0.0,2016,3,31,3
2016-04-02,98.096,32.192,0.0,9.156,0.0,0.0,0.0,0.0,0.0,0.0,0.0,71.976,0.0,87.8,0.0,0.0,0.0,2016,4,2,5
2016-04-04,0.0,644.076,11.16,104.192,0.0,0.0,599.98,0.0,5.84,108.4,0.0,0.0,0.0,10.95,0.0,0.0,0.0,2016,4,4,0
2016-04-05,239.94,98.112,23.84,168.222,352.45,892.224,0.0,0.0,0.0,554.7199999999999,23.904,0.0,0.0,56.838,563.808,0.0,0.0,2016,4,5,1
2016-04-06,25.488,0.0,42.048,16.548000000000002,0.0,0.0,0.0,0.0,0.0,0.0,0.0,0.0,55.92,0.0,0.0,0.0,0.0,2016,4,6,2
2016-04-07,383.952,463.248,11.736,0.0,0.0,0.0,0.0,0.0,0.0,0.0,0.0,0.0,25.92,0.0,22.58,0.0,0.0,2016,4,7,3
2016-04-09,0.0,370.14,0.0,0.0,0.0,0.0,0.0,0.0,0.0,0.0,0.0,0.0,0.0,0.0,17.94,0.0,369.912,2016,4,9,5
2016-04-10,0.0,0.0,14.67,12.832,0.0,0.0,0.0,0.0,0.0,0.0,0.0,0.0,0.0,0.0,142.04,0.0,0.0,2016,4,10,6
2016-04-11,85.14,406.6,0.0,0.0,0.0,0.0,639.968,0.0,0.0,121.888,0.0,0.0,52.76,21.99,0.0,0.0,0.0,2016,4,11,0
2016-04-13,199.96,75.84,0.0,17.43,0.0,0.0,0.0,0.0,0.0,37.68,0.0,0.0,85.92,978.472,10.744,12.88,1773.752,2016,4,13,2
2016-04-14,0.0,35.208,0.0,0.0,0.0,0.0,0.0,0.0,0.0,0.0,0.0,0.0,0.0,0.0,0.0,0.0,0.0,2016,4,14,3
2016-04-16,43.56,45.216,7.872,64.61,523.26,127.764,1439.968,0.0,24.44,1196.86,0.0,0.0,0.0,688.422,0.0,0.0,0.0,2016,4,16,5
2016-04-17,422.97,1447.65,16.27,62.296,0.0,0.0,0.0,0.0,0.0,0.0,0.0,0.0,11.96,783.96,0.0,0.0,0.0,2016,4,17,6
2016-04-18,147.924,0.0,82.224,44.007999999999996,0.0,146.676,0.0,0.0,0.0,6.16,97.11000000000001,0.0,77.512,342.736,1062.61,0.0,0.0,2016,4,18,0
2016-04-19,0.0,19.568,0.0,310.392,0.0,0.0,0.0,0.0,0.0,0.0,0.0,0.0,0.0,0.0,0.0,0.0,0.0,2016,4,19,1
2016-04-20,0.0,0.0,0.0,0.0,0.0,0.0,0.0,180.96,0.0,595.38,0.0,0.0,130.416,287.97,0.0,0.0,0.0,2016,4,20,2
2016-04-21,0.0,0.0,0.0,21.3,0.0,191.96,0.0,0.0,0.0,209.88,0.0,0.0,0.0,469.95,0.0,0.0,0.0,2016,4,21,3
2016-04-22,0.0,0.0,64.14,0.0,0.0,0.0,0.0,0.0,0.0,0.0,0.0,0.0,0.0,88.776,0.0,0.0,0.0,2016,4,22,4
2016-04-24,0.0,0.0,25.99,0.0,0.0,0.0,0.0,0.0,0.0,0.0,0.0,0.0,0.0,0.0,0.0,0.0,0.0,2016,4,24,6
2016-04-25,0.0,478.83,57.75,13.944,0.0,128.058,0.0,21.34,0.0,0.0,0.0,0.0,0.0,0.0,221.024,0.0,0.0,2016,4,25,0
2016-04-26,0.0,0.0,62.144000000000005,50.352,0.0,1304.294,0.0,0.0,0.0,97.04,0.0,0.0,0.0,311.976,72.784,0.0,191.5155,2016,4,26,1
2016-04-27,0.0,43.56,22.74,0.0,0.0,1267.53,0.0,0.0,0.0,0.0,0.0,1379.92,0.0,0.0,0.0,5.84,0.0,2016,4,27,2
2016-04-28,0.0,195.384,0.0,3825.1459999999997,0.0,0.0,0.0,0.0,0.0,0.0,0.0,0.0,0.0,0.0,23.832,0.0,0.0,2016,4,28,3
2016-04-29,0.0,0.0,0.0,0.0,0.0,0.0,0.0,0.0,0.0,0.0,0.0,0.0,7.968,0.0,0.0,0.0,0.0,2016,4,29,4
2016-04-30,0.0,0.0,34.65,0.0,0.0,213.115,0.0,0.0,0.0,65.18,0.0,0.0,6.48,1252.27,0.0,0.0,0.0,2016,4,30,5
2016-05-01,0.0,0.0,172.704,12.176,0.0,0.0,0.0,0.0,0.0,63.552,0.0,0.0,0.0,88.752,37.32,76.436,0.0,2016,5,1,6
2016-05-02,0.0,0.0,0.0,0.0,0.0,0.0,0.0,0.0,0.0,0.0,8.856,0.0,0.0,158.376,0.0,0.0,0.0,2016,5,2,0
2016-05-03,367.512,41.896,68.724,125.912,0.0,844.116,0.0,0.0,0.0,665.88,0.0,0.0,7.968,0.0,76.752,0.0,0.0,2016,5,3,1
2016-05-04,0.0,0.0,125.93,0.0,0.0,0.0,0.0,0.0,0.0,49.088,0.0,0.0,0.0,946.344,0.0,0.0,0.0,2016,5,4,2
2016-05-07,0.0,0.0,0.0,0.0,0.0,0.0,0.0,0.0,0.0,0.0,0.0,0.0,61.616,0.0,0.0,0.0,244.006,2016,5,7,5
2016-05-08,0.0,0.0,5.248,43.98,0.0,127.764,2799.944,0.0,0.0,211.752,0.0,0.0,57.379999999999995,377.97,0.0,357.93,0.0,2016,5,8,6
2016-05-09,0.0,0.0,0.0,48.81,0.0,0.0,0.0,0.0,0.0,0.0,0.0,0.0,0.0,0.0,0.0,0.0,0.0,2016,5,9,0
2016-05-10,46.688,70.97,36.784,0.0,0.0,0.0,0.0,0.0,0.0,0.0,0.0,0.0,0.0,0.0,0.0,0.0,0.0,2016,5,10,1
2016-05-11,0.0,0.0,0.0,0.0,0.0,191.968,0.0,0.0,0.0,0.0,0.0,0.0,0.0,0.0,0.0,0.0,0.0,2016,5,11,2
2016-05-12,0.0,0.0,0.0,14.592,0.0,0.0,0.0,0.0,0.0,21.968,0.0,0.0,166.42399999999998,820.7360000000001,36.63,0.0,0.0,2016,5,12,3
2016-05-13,0.0,0.0,0.0,0.0,0.0,0.0,0.0,0.0,16.0,0.0,0.0,0.0,0.0,222.384,0.0,0.0,0.0,2016,5,13,4
2016-05-14,0.0,0.0,200.968,23.484,509.9575,819.92,0.0,200.984,0.0,122.91,145.05599999999998,0.0,0.0,0.0,1117.92,0.0,0.0,2016,5,14,5
2016-05-15,0.0,0.0,0.0,0.0,0.0,0.0,0.0,17.94,0.0,0.0,0.0,0.0,0.0,0.0,51.968,0.0,0.0,2016,5,15,6
2016-05-16,255.968,0.0,0.0,0.0,0.0,0.0,0.0,0.0,0.0,0.0,0.0,0.0,0.0,0.0,0.0,0.0,0.0,2016,5,16,0
2016-05-17,0.0,0.0,0.0,33.28,0.0,0.0,0.0,0.0,0.0,0.0,0.0,0.0,14.088,0.0,0.0,0.0,0.0,2016,5,17,1
2016-05-18,0.0,0.0,0.0,0.0,0.0,0.0,0.0,0.0,0.0,0.0,0.0,0.0,10.86,0.0,0.0,0.0,0.0,2016,5,18,2
2016-05-20,0.0,0.0,0.0,6.408,0.0,0.0,0.0,0.0,0.0,163.136,0.0,0.0,0.0,0.0,0.0,0.0,0.0,2016,5,20,4
2016-05-21,0.0,20.768,0.0,51.564,0.0,0.0,0.0,0.0,0.0,0.0,0.0,0.0,0.0,0.0,0.0,0.0,0.0,2016,5,21,5
2016-05-22,0.0,0.0,0.0,0.0,0.0,0.0,0.0,0.0,0.0,0.0,8.26,2973.32,0.0,775.728,104.79,0.0,0.0,2016,5,22,6
2016-05-23,0.0,972.292,0.0,19.194,0.0,0.0,0.0,186.69,0.0,75.33,0.0,0.0,0.0,0.0,51.45,0.0,0.0,2016,5,23,0
2016-05-24,0.0,0.0,0.0,7.656,0.0,602.651,0.0,0.0,0.0,0.0,0.0,0.0,0.0,0.0,0.0,0.0,0.0,2016,5,24,1
2016-05-25,207.984,845.728,21.24,127.96,0.0,0.0,0.0,0.0,0.0,14.73,0.0,0.0,32.368,467.04,0.0,22.368,0.0,2016,5,25,2
2016-05-26,167.944,0.0,0.0,0.0,0.0,210.616,0.0,12.224,0.0,20.24,0.0,399.54,172.0,0.0,0.0,0.0,0.0,2016,5,26,3
2016-05-28,0.0,0.0,54.45,6.096,0.0,0.0,0.0,0.0,0.0,0.0,13.05,0.0,45.36,45.99,629.1999999999999,0.0,0.0,2016,5,28,5
2016-05-29,0.0,0.0,0.0,167.76,0.0,317.058,0.0,0.0,8.04,41.568,12.39,0.0,32.4,0.0,540.57,0.0,0.0,2016,5,29,6
2016-05-30,151.96,160.32,0.0,0.0,0.0,0.0,0.0,0.0,0.0,0.0,0.0,0.0,0.0,368.82,0.0,0.0,0.0,2016,5,30,0
2016-05-31,0.0,0.0,10.272,3.564,1406.86,2567.84,0.0,0.0,7.56,82.04,21.654,0.0,612.188,0.0,466.16,0.0,0.0,2016,5,31,1
2016-06-01,0.0,0.0,0.0,409.408,0.0,0.0,0.0,0.0,0.0,0.0,28.91,0.0,54.0,341.88,0.0,0.0,0.0,2016,6,1,2
2016-06-04,1109.95,0.0,9.26,0.0,0.0,0.0,0.0,0.0,0.0,35.28,7.38,0.0,30.44,0.0,0.0,0.0,0.0,2016,6,4,5
2016-06-05,0.0,0.0,0.0,0.0,0.0,1522.638,0.0,0.0,0.0,0.0,0.0,0.0,10.56,0.0,0.0,0.0,0.0,2016,6,5,6
2016-06-07,0.0,0.0,8.016,25.832,0.0,0.0,0.0,0.0,0.0,0.0,0.0,0.0,25.92,0.0,0.0,0.0,0.0,2016,6,7,1
2016-06-08,2.376,143.128,0.0,0.0,0.0,0.0,0.0,0.0,0.0,0.0,0.0,0.0,0.0,0.0,0.0,0.0,0.0,2016,6,8,2
2016-06-09,72.6,0.0,0.0,215.82,0.0,0.0,0.0,0.0,0.0,355.36,0.0,0.0,12.96,140.376,0.0,0.0,0.0,2016,6,9,3
2016-06-11,53.7,0.0,117.068,118.62799999999999,0.0,1123.92,0.0,0.0,0.0,77.832,0.0,0.0,32.4,249.584,1600.432,0.0,0.0,2016,6,11,5
2016-06-12,0.0,0.0,0.0,0.0,0.0,0.0,0.0,0.0,0.0,43.296,0.0,0.0,20.736,55.984,54.459999999999994,0.0,0.0,2016,6,12,6
2016-06-13,67.98,0.0,28.204,93.864,0.0,0.0,899.97,0.0,0.0,0.0,0.0,0.0,38.879999999999995,0.0,0.0,0.0,0.0,2016,6,13,0
2016-06-14,0.0,0.0,0.0,0.0,0.0,0.0,0.0,0.0,0.0,51.072,0.0,0.0,0.0,0.0,0.0,0.0,0.0,2016,6,14,1
2016-06-15,11.672,0.0,0.0,0.0,0.0,0.0,0.0,0.0,0.0,404.96000000000004,0.0,0.0,9.568,225.576,82.368,0.0,0.0,2016,6,15,2
2016-06-16,0.0,0.0,0.0,3050.376,0.0,197.372,0.0,34.96,0.0,0.0,0.0,0.0,27.216,133.98,0.0,0.0,0.0,2016,6,16,3
2016-06-18,0.0,0.0,65.612,87.441,0.0,643.136,0.0,0.0,0.0,136.2,0.0,0.0,32.688,467.97,450.04,0.0,0.0,2016,6,18,5
2016-06-19,0.0,0.0,0.0,5.792,0.0,0.0,0.0,186.69,0.0,12.56,5.904,0.0,6.48,0.0,228.92,0.0,0.0,2016,6,19,6
2016-06-20,319.984,0.0,0.0,0.0,0.0,0.0,0.0,0.0,0.0,257.64,0.0,0.0,0.0,251.92000000000002,0.0,0.0,0.0,2016,6,20,0
2016-06-21,0.0,0.0,0.0,0.0,0.0,0.0,0.0,0.0,0.0,0.0,0.0,0.0,0.0,107.976,0.0,0.0,0.0,2016,6,21,1
2016-06-22,0.0,0.0,0.0,1217.568,0.0,0.0,0.0,0.0,4.96,0.0,0.0,0.0,0.0,0.0,0.0,0.0,796.425,2016,6,22,2
2016-06-23,75.0,0.0,0.0,165.98,0.0,0.0,0.0,0.0,5.43,27.42,0.0,0.0,0.0,563.128,0.0,0.0,0.0,2016,6,23,3
2016-06-25,0.0,0.0,20.96,89.73599999999999,0.0,0.0,0.0,0.0,0.0,280.234,4.608,0.0,79.056,0.0,382.486,0.0,0.0,2016,6,25,5
2016-06-26,41.9,0.0,0.0,187.0,0.0,332.94,0.0,0.0,0.0,0.0,0.0,0.0,43.056,971.88,15.42,0.0,0.0,2016,6,26,6
2016-06-28,0.0,0.0,0.0,0.0,482.94,0.0,0.0,0.0,0.0,621.76,5.904,0.0,15.552,0.0,0.0,0.0,0.0,2016,6,28,1
2016-06-29,0.0,0.0,0.0,0.0,0.0,117.882,0.0,0.0,0.0,20.104,0.0,0.0,24.96,269.98,0.0,0.0,0.0,2016,6,29,2
2016-07-02,0.0,32.784,0.0,2.892,0.0,790.538,0.0,0.0,0.0,159.84,0.0,0.0,67.504,74.24,504.10400000000004,0.0,0.0,2016,7,2,5
2016-07-03,0.0,0.0,0.0,0.0,0.0,70.98,0.0,0.0,0.0,451.352,294.93,0.0,6.72,0.0,0.0,0.0,0.0,2016,7,3,6
2016-07-04,0.0,0.0,15.48,22.848,0.0,0.0,0.0,0.0,0.0,0.0,0.0,0.0,0.0,1099.96,0.0,0.0,0.0,2016,7,4,0
2016-07-05,34.8,0.0,0.0,26.23,0.0,0.0,0.0,0.0,0.0,9.856,11.784,0.0,0.0,0.0,38.976,0.0,0.0,2016,7,5,1
2016-07-06,0.0,0.0,11.12,0.0,301.96,170.352,0.0,0.0,0.0,169.78,0.0,0.0,0.0,124.95,601.65,0.0,0.0,2016,7,6,2
2016-07-08,0.0,0.0,0.0,0.0,0.0,0.0,0.0,0.0,0.0,0.0,0.0,0.0,21.12,0.0,0.0,0.0,0.0,2016,7,8,4
2016-07-09,0.0,48.632,84.52,404.07,0.0,0.0,0.0,0.0,15.8,181.96,12.39,464.97,6.58,269.982,98.21,0.0,0.0,2016,7,9,5
2016-07-10,0.0,0.0,0.0,43.286,0.0,0.0,0.0,0.0,0.0,0.0,0.0,0.0,0.0,0.0,0.0,0.0,0.0,2016,7,10,6
2016-07-11,0.0,0.0,11.12,328.394,0.0,341.488,0.0,0.0,0.0,315.144,0.0,0.0,29.97,716.0,0.0,0.0,199.836,2016,7,11,0
2016-07-12,0.0,0.0,6.912,1.928,0.0,383.607,0.0,0.0,0.0,7.76,0.0,0.0,0.0,1652.3600000000001,0.0,0.0,0.0,2016,7,12,1
2016-07-13,0.0,0.0,0.0,53.376,0.0,1931.04,0.0,0.0,0.0,0.0,0.0,0.0,48.84,0.0,0.0,0.0,0.0,2016,7,13,2
2016-07-14,0.0,0.0,0.0,0.0,127.764,441.92,0.0,0.0,0.0,0.0,0.0,0.0,18.496,0.0,272.736,0.0,0.0,2016,7,14,3
2016-07-16,599.9,0.0,0.0,0.0,0.0,2199.836,0.0,137.25,11.52,0.0,0.0,0.0,80.88,0.0,0.0,0.0,0.0,2016,7,16,5
2016-07-17,0.0,0.0,0.0,0.0,427.38599999999997,0.0,0.0,0.0,14.432,0.0,6.264,0.0,0.0,0.0,0.0,0.0,0.0,2016,7,17,6
2016-07-18,519.96,0.0,5.76,0.0,0.0,0.0,0.0,0.0,0.0,0.0,0.0,0.0,0.0,0.0,0.0,0.0,0.0,2016,7,18,0
2016-07-19,0.0,0.0,0.0,2.025,0.0,0.0,0.0,0.0,0.0,0.0,0.0,0.0,0.0,0.0,0.0,0.0,0.0,2016,7,19,1
2016-07-20,831.2,0.0,0.0,2.88,1298.374,0.0,0.0,106.75,0.0,0.0,0.0,0.0,124.22,153.584,176.16,0.0,0.0,2016,7,20,2
2016-07-23,0.0,68.94,0.0,10.512,0.0,0.0,0.0,0.0,0.0,128.82,0.0,0.0,0.0,0.0,0.0,0.0,0.0,2016,7,23,5
2016-07-24,279.86,0.0,0.0,225.15,0.0,0.0,0.0,0.0,0.0,20.94,0.0,0.0,0.0,0.0,0.0,0.0,0.0,2016,7,24,6
2016-07-25,0.0,0.0,0.0,25.176,704.9,561.568,0.0,98.46,9.42,0.0,0.0,0.0,12.96,623.96,0.0,0.0,358.58,2016,7,25,0
2016-07-26,0.0,0.0,99.2,32.28,0.0,266.352,0.0,167.86,0.0,0.0,0.0,0.0,0.0,0.0,0.0,0.0,393.165,2016,7,26,1
2016-07-27,0.0,0.0,0.0,0.0,0.0,0.0,0.0,0.0,0.0,0.0,0.0,0.0,0.0,29.97,0.0,0.0,0.0,2016,7,27,2
2016-07-30,209.93,0.0,0.0,10.92,0.0,155.88,0.0,0.0,0.0,5.28,0.0,0.0,0.0,0.0,61.792,0.0,0.0,2016,7,30,5
2016-07-31,2549.35,0.0,0.0,0.0,0.0,0.0,0.0,0.0,0.0,0.0,0.0,0.0,19.44,0.0,0.0,52.59,1090.782,2016,7,31,6
2016-08-01,0.0,0.0,6.72,0.0,0.0,0.0,0.0,0.0,0.0,0.0,0.0,0.0,0.0,0.0,0.0,0.0,1004.976,2016,8,1,0
2016-08-02,199.98,0.0,0.0,6.368,0.0,110.98,0.0,0.0,0.0,0.0,0.0,558.4,8.4,128.85,0.0,0.0,277.5,2016,8,2,1
2016-08-05,0.0,0.0,0.0,1.362,0.0,0.0,0.0,0.0,0.0,14.76,0.0,0.0,0.0,0.0,33.488,23.04,0.0,2016,8,5,4
2016-08-06,0.0,0.0,0.0,6.23,369.1992,0.0,0.0,0.0,0.0,0.0,35.52,0.0,83.92,0.0,0.0,0.0,0.0,2016,8,6,5
2016-08-07,0.0,77.58,106.8,50.855999999999995,0.0,0.0,0.0,0.0,0.0,212.94,25.06,0.0,0.0,494.97,0.0,0.0,0.0,2016,8,7,6
2016-08-08,0.0,113.92,39.66,461.748,0.0,144.784,0.0,0.0,0.0,0.0,0.0,0.0,0.0,0.0,0.0,0.0,0.0,2016,8,8,0
2016-08-09,247.8,0.0,2.2,1217.568,687.4,0.0,0.0,0.0,10.65,63.22,4.608,0.0,287.82,1287.93,63.94,0.0,1005.2560000000001,2016,8,9,1
2016-08-10,0.0,133.472,29.79,64.75,0.0,0.0,0.0,0.0,0.0,0.0,45.15,0.0,0.0,578.312,0.0,0.0,0.0,2016,8,10,2
2016-08-11,0.0,0.0,11.96,0.0,0.0,0.0,0.0,0.0,0.0,46.152,0.0,0.0,0.0,138.0,0.0,0.0,0.0,2016,8,11,3
2016-08-13,0.0,0.0,115.48,17.0,0.0,0.0,0.0,0.0,0.0,31.56,0.0,0.0,0.0,0.0,422.856,0.0,0.0,2016,8,13,5
2016-08-15,0.0,0.0,0.0,0.0,0.0,0.0,0.0,0.0,0.0,104.23,0.0,0.0,0.0,0.0,393.36,0.0,0.0,2016,8,15,0
2016-08-16,31.176,0.0,2.304,6.486000000000001,301.47,0.0,0.0,0.0,0.0,254.352,5.04,0.0,333.664,2399.752,44.688,0.0,0.0,2016,8,16,1
2016-08-17,282.88,0.0,10.272,52.2,0.0,0.0,0.0,0.0,0.0,0.0,0.0,0.0,36.288,0.0,0.0,0.0,0.0,2016,8,17,2
2016-08-21,21.728,0.0,53.28,112.416,586.398,1142.466,0.0,0.0,0.0,25.984,0.0,0.0,137.708,0.0,744.052,3.488,0.0,2016,8,21,6
2016-08-22,0.0,0.0,16.52,50.112,0.0,0.0,0.0,0.0,0.0,0.0,0.0,0.0,0.0,0.0,0.0,0.0,0.0,2016,8,22,0
2016-08-23,251.91,574.5680000000001,0.0,0.0,0.0,0.0,0.0,0.0,12.032,0.0,8.64,0.0,323.448,0.0,0.0,31.68,0.0,2016,8,23,1
2016-08-24,105.96,0.0,7.152,2.724,0.0,0.0,0.0,0.0,0.0,14.91,6.912,3080.0,0.0,614.952,2159.016,0.0,1203.149,2016,8,24,2
2016-08-25,0.0,105.96,0.0,3.798,0.0,40.784,0.0,0.0,0.0,27.983999999999998,0.0,0.0,0.0,0.0,0.0,0.0,0.0,2016,8,25,3
2016-08-27,0.0,0.0,0.0,5.104,0.0,0.0,0.0,0.0,0.0,0.0,3.08,0.0,114.2,0.0,484.65,32.94,0.0,2016,8,27,5
2016-08-28,0.0,0.0,0.0,41.36,307.666,0.0,2799.96,0.0,0.0,4.16,0.0,0.0,0.0,1143.136,2091.53,0.0,103.481,2016,8,28,6
2016-08-29,114.52,0.0,0.0,0.0,0.0,0.0,0.0,0.0,0.0,0.0,0.0,0.0,0.0,131.98,0.0,0.0,0.0,2016,8,29,0
2016-08-31,36.51,0.0,0.0,137.24,1552.831,0.0,0.0,0.0,0.0,0.0,0.0,239.976,79.28,555.96,0.0,0.0,0.0,2016,8,31,2
2016-09-01,0.0,0.0,0.0,133.72,0.0,60.74,959.984,0.0,0.0,124.36,0.0,0.0,0.0,0.0,1088.76,0.0,0.0,2016,9,1,3
2016-09-03,147.35,137.62,0.0,6.368,0.0,129.568,0.0,253.496,0.0,238.152,7.5,0.0,0.0,100.49,188.106,666.248,0.0,2016,9,3,5
2016-09-04,754.326,0.0,0.0,17.418,0.0,0.0,0.0,15.28,0.0,0.0,0.0,0.0,284.26,0.0,0.0,0.0,0.0,2016,9,4,6
2016-09-05,0.0,0.0,0.0,49.492,704.531,0.0,0.0,0.0,0.0,74.11999999999999,0.0,0.0,36.84,0.0,0.0,69.12,0.0,2016,9,5,0
2016-09-06,46.32,8.39,0.0,56.16,0.0,271.764,0.0,0.0,7.24,191.82,0.0,0.0,0.0,337.98,0.0,0.0,0.0,2016,9,6,1
2016-09-07,649.93,0.0,140.736,20.541,0.0,47.516,0.0,0.0,7.24,0.0,0.0,0.0,0.0,791.964,756.15,0.0,508.59,2016,9,7,2
2016-09-08,0.0,0.0,0.0,0.0,0.0,0.0,0.0,0.0,0.0,21.36,0.0,0.0,26.4,0.0,41.88,0.0,0.0,2016,9,8,3
2016-09-10,0.0,61.96,6.08,0.0,361.96,179.886,0.0,0.0,0.0,106.68,0.0,0.0,293.76,0.0,353.88,51.52,0.0,2016,9,10,5
2016-09-11,19.99,111.04,447.21000000000004,209.6,0.0,0.0,0.0,0.0,0.0,244.24,39.69,0.0,38.88,0.0,851.4799999999999,0.0,0.0,2016,9,11,6
2016-09-12,21.98,0.0,9.26,0.0,0.0,0.0,479.984,27.18,1.24,0.0,33.3,0.0,28.9,0.0,105.98,0.0,0.0,2016,9,12,0
2016-09-13,199.96,0.0,0.0,15.504000000000001,0.0,1686.272,0.0,7.824,0.0,129.93,0.0,0.0,69.93,0.0,0.0,0.0,0.0,2016,9,13,1
2016-09-14,0.0,0.0,0.0,38.86,0.0,0.0,879.984,0.0,0.0,0.0,0.0,0.0,0.0,0.0,1260.69,0.0,1082.886,2016,9,14,2
2016-09-15,0.0,0.0,24.32,83.448,46.384,1056.86,0.0,0.0,0.0,71.68,0.0,0.0,28.512,59.97,362.716,0.0,801.96,2016,9,15,3
2016-09-16,0.0,0.0,0.0,0.0,0.0,0.0,0.0,31.12,0.0,0.0,0.0,0.0,0.0,0.0,0.0,0.0,0.0,2016,9,16,4
2016-09-17,747.068,0.0,102.06400000000001,48.096000000000004,9316.054,199.764,0.0,3.264,0.0,146.136,87.71,0.0,143.35999999999999,277.77,109.5,0.0,344.22,2016,9,17,5
2016-09-18,717.12,0.0,11.68,65.08,0.0,0.0,0.0,0.0,0.0,24.4,0.0,0.0,199.18,1759.92,1122.74,24.2,0.0,2016,9,18,6
2016-09-19,66.36,0.0,8.4,0.0,61.96,0.0,0.0,0.0,0.0,60.84,0.0,0.0,22.96,279.86,0.0,0.0,0.0,2016,9,19,0
2016-09-20,0.0,0.0,0.0,1480.2839999999999,0.0,0.0,0.0,0.0,0.0,0.0,0.0,0.0,61.4,0.0,294.368,0.0,0.0,2016,9,20,1
2016-09-21,151.2,0.0,25.99,14.6,194.32,2834.516,0.0,121.96,7.9,90.228,0.0,0.0,23.92,2279.924,1237.5,0.0,0.0,2016,9,21,2
2016-09-22,617.976,61.44,2.816,3.204,0.0,0.0,0.0,0.0,0.0,252.57999999999998,12.0,0.0,32.4,0.0,745.4879999999999,55.6,0.0,2016,9,22,3
2016-09-24,23.2,1158.12,90.968,36.924,0.0,1925.6,0.0,15.84,0.0,14.91,24.424,0.0,0.0,857.0600000000001,33.568,0.0,0.0,2016,9,24,5
2016-09-25,1123.85,0.0,135.444,108.85500000000002,0.0,409.718,0.0,17.48,0.0,0.0,12.6,0.0,76.2,104.98,0.0,0.0,1044.63,2016,9,25,6
2016-09-26,289.8,60.672,0.0,351.859,0.0,0.0,0.0,124.46,34.44,0.0,0.0,629.93,259.13599999999997,1424.2540000000001,547.722,0.0,0.0,2016,9,26,0
2016-09-27,0.0,0.0,115.6,15.08,0.0,0.0,0.0,0.0,0.0,24.288,0.0,0.0,340.6,1871.88,15.51,0.0,0.0,2016,9,27,1
2016-09-28,0.0,566.49,0.0,82.872,0.0,0.0,0.0,12.536,4.512,0.0,0.0,0.0,0.0,344.764,0.0,47.19,0.0,2016,9,28,2
2016-10-01,108.768,0.0,0.0,25.442,0.0,0.0,0.0,0.0,0.0,0.0,0.0,0.0,0.0,884.78,139.424,0.0,0.0,2016,10,1,5
2016-10-02,143.04,0.0,0.0,164.54,0.0,0.0,0.0,51.12,0.0,11.032,0.0,0.0,114.28999999999999,503.96,270.34,10.944,0.0,2016,10,2,6
2016-10-03,71.98400000000001,0.0,0.0,32.07,156.156,0.0,0.0,0.0,0.0,0.0,0.0,0.0,0.0,0.0,15.008,0.0,0.0,2016,10,3,0
2016-10-04,0.0,0.0,0.0,0.0,0.0,392.94,0.0,0.0,0.0,64.944,0.0,0.0,20.736,0.0,26.96,0.0,0.0,2016,10,4,1
2016-10-05,341.04,28.84,46.2,0.0,66.294,291.168,0.0,0.0,0.0,0.0,0.0,0.0,0.0,0.0,77.55,0.0,0.0,2016,10,5,2
2016-10-08,0.0,0.0,3.44,0.0,0.0,0.0,0.0,0.0,0.0,218.68,0.0,0.0,0.0,0.0,0.0,0.0,0.0,2016,10,8,5
2016-10-09,619.95,299.31300000000005,37.376,13.086,0.0,389.97,0.0,57.96,0.0,0.0,0.0,0.0,23.92,661.12,30.84,0.0,0.0,2016,10,9,6
2016-10-10,0.0,0.0,8.016,0.0,0.0,0.0,0.0,0.0,0.0,0.0,0.0,0.0,45.36,0.0,1801.632,0.0,0.0,2016,10,10,0
2016-10-11,31.95,0.0,0.0,0.0,0.0,0.0,0.0,0.0,0.0,0.0,0.0,0.0,0.0,0.0,22.368,0.0,957.5775,2016,10,11,1
2016-10-12,17.9,0.0,19.9,12.56,1525.4879999999998,0.0,0.0,0.0,0.0,0.0,0.0,0.0,51.84,471.43999999999994,81.96,0.0,209.67,2016,10,12,2
2016-10-13,0.0,0.0,0.0,0.0,0.0,287.94,0.0,0.0,0.0,0.0,0.0,0.0,0.0,83.72,0.0,0.0,0.0,2016,10,13,3
2016-10-15,603.8399999999999,0.0,0.0,3.96,0.0,2453.43,0.0,4.464,0.0,148.51600000000002,0.0,0.0,5.344,0.0,0.0,0.0,0.0,2016,10,15,5
2016-10-16,0.0,0.0,0.0,0.0,0.0,0.0,0.0,0.0,0.0,0.0,0.0,0.0,0.0,824.97,0.0,0.0,0.0,2016,10,16,6
2016-10-17,0.0,0.0,0.0,0.0,0.0,0.0,0.0,0.0,0.0,0.0,0.0,0.0,0.0,0.0,77.88,0.0,0.0,2016,10,17,0
2016-10-18,27.696,73.164,0.0,0.0,0.0,0.0,0.0,0.0,0.0,10.11,0.0,0.0,17.94,249.584,0.0,0.0,0.0,2016,10,18,1
2016-10-19,270.0,1640.7,0.0,40.0,0.0,0.0,0.0,0.0,0.0,0.0,0.0,0.0,34.44,149.95,0.0,0.0,0.0,2016,10,19,2
2016-10-20,239.97,0.0,0.0,0.0,0.0,0.0,0.0,0.0,0.0,90.78,0.0,0.0,24.56,0.0,0.0,0.0,364.776,2016,10,20,3
2016-10-22,0.0,0.0,0.0,5.176,0.0,0.0,0.0,0.0,0.0,0.0,0.0,0.0,0.0,0.0,9.952,0.0,0.0,2016,10,22,5
2016-10-23,148.32,0.0,10.688,9.672,0.0,1275.1039999999998,479.976,11.8,0.0,0.0,0.0,0.0,108.584,218.152,0.0,0.0,0.0,2016,10,23,6
2016-10-24,0.0,0.0,0.0,3.592,0.0,454.272,0.0,0.0,0.0,0.0,0.0,0.0,25.92,0.0,0.0,0.0,347.361,2016,10,24,0
2016-10-25,0.0,0.0,139.81,0.0,0.0,873.436,0.0,0.0,0.0,0.0,0.0,0.0,0.0,158.99,0.0,0.0,253.176,2016,10,25,1
2016-10-26,0.0,203.88,0.0,14.301,0.0,0.0,0.0,0.0,0.0,0.0,152.304,0.0,131.904,174.304,718.64,0.0,0.0,2016,10,26,2
2016-10-28,0.0,0.0,0.0,0.0,0.0,0.0,0.0,10.67,0.0,57.21,0.0,0.0,0.0,0.0,36.63,0.0,0.0,2016,10,28,4
2016-10-29,0.0,0.0,0.0,0.0,0.0,0.0,0.0,210.84,0.0,0.0,0.0,0.0,33.4,0.0,0.0,0.0,0.0,2016,10,29,5
2016-10-30,0.0,182.91,0.0,0.0,0.0,0.0,439.992,0.0,0.0,15.488,0.0,1095.7939999999999,0.0,387.85999999999996,0.0,0.0,0.0,2016,10,30,6
2016-10-31,0.0,0.0,7.82,437.88,425.833,323.136,0.0,108.99,17.45,0.0,427.42,0.0,19.98,1295.84,46.84,99.82000000000001,0.0,2016,10,31,0
2016-11-01,1435.29,0.0,7.88,0.0,0.0,532.7280000000001,0.0,0.0,3.168,259.7,0.0,0.0,13.52,551.86,0.0,0.0,301.96,2016,11,1,1
2016-11-02,447.93,197.72,0.0,158.812,512.499,2731.0860000000002,0.0,0.0,0.0,96.96,0.0,0.0,0.0,344.704,0.0,0.0,1038.84,2016,11,2,2
2016-11-03,89.97,0.0,0.0,0.0,0.0,1448.82,0.0,6.608,0.0,42.6,0.0,0.0,0.0,1212.848,0.0,0.0,0.0,2016,11,3,3
2016-11-05,0.0,387.136,0.0,130.914,0.0,207.0,0.0,0.0,0.0,0.0,19.824,0.0,0.0,0.0,62.8,27.2,0.0,2016,11,5,5
2016-11-06,0.0,0.0,0.0,4.401,0.0,0.0,0.0,7.08,0.0,0.0,0.0,0.0,0.0,0.0,0.0,0.0,0.0,2016,11,6,6
2016-11-07,0.0,0.0,23.64,1393.6909999999998,0.0,905.9200000000001,0.0,24.4,26.18,64.96,0.0,287.91,83.94,0.0,262.432,0.0,0.0,2016,11,7,0
2016-11-08,491.87,44.43,305.40999999999997,194.30700000000002,4404.9,577.764,0.0,0.0,41.544,269.762,5.04,4643.8,110.88,1040.1399999999999,67.15,0.0,0.0,2016,11,8,1
2016-11-09,913.9300000000001,0.0,0.0,27.96,0.0,0.0,0.0,38.46,2.48,0.0,0.0,2321.9,28.692,0.0,262.49,0.0,1024.38,2016,11,9,2
2016-11-10,79.9,715.64,0.0,74.76,0.0,0.0,549.99,0.0,0.0,29.22,0.0,0.0,0.0,0.0,2087.394,0.0,0.0,2016,11,10,3
2016-11-11,0.0,123.858,0.0,0.0,0.0,0.0,0.0,0.0,0.0,0.0,0.0,0.0,0.0,0.0,418.32,0.0,0.0,2016,11,11,4
2016-11-12,0.0,0.0,11.76,9.9,0.0,670.0559999999999,0.0,239.448,0.0,0.0,0.0,0.0,31.252,100.792,64.784,0.0,0.0,2016,11,12,5
2016-11-13,350.856,0.0,0.0,157.986,913.9692,0.0,0.0,0.0,0.0,183.836,0.0,0.0,317.42600000000004,858.88,84.96,0.0,0.0,2016,11,13,6
2016-11-14,396.628,826.11,0.0,19.96,0.0,1114.192,0.0,33.96,8.72,76.14,0.0,0.0,37.0,0.0,0.0,0.0,0.0,2016,11,14,0
2016-11-15,0.0,0.0,119.04,213.228,0.0,0.0,0.0,0.0,0.0,39.96,0.0,0.0,0.0,0.0,321.222,8.72,0.0,2016,11,15,1
2016-11-16,999.96,523.25,0.0,0.0,0.0,0.0,0.0,0.0,0.0,220.084,18.9,0.0,179.82,544.752,21.488,0.0,1564.08,2016,11,16,2
2016-11-17,0.0,0.0,0.0,0.0,0.0,1549.468,0.0,0.0,0.0,117.56,0.0,0.0,138.72,415.968,1623.35,40.92,0.0,2016,11,17,3
2016-11-19,0.0,31.08,0.0,5.984,0.0,0.0,0.0,0.0,0.0,141.96,0.0,0.0,0.0,861.76,0.0,0.0,0.0,2016,11,19,5
2016-11-20,13.98,0.0,210.47000000000003,198.506,622.164,916.5319999999999,0.0,0.0,0.0,118.00399999999999,50.12,479.988,19.65,72.744,158.992,0.0,0.0,2016,11,20,6
2016-11-21,416.884,369.97,16.264,75.724,388.0928,396.802,439.992,0.0,0.0,18.176,28.216,83.9,0.0,110.97,0.0,15.88,1252.704,2016,11,21,0
2016-11-22,27.168,68.81,17.12,17.1,0.0,0.0,0.0,0.0,55.104,0.0,0.0,32.985,155.62,0.0,33.63,0.0,206.962,2016,11,22,1
2016-11-23,0.0,2625.12,31.060000000000002,23.912,0.0,0.0,0.0,16.56,0.0,0.0,0.0,0.0,418.5,307.98,27.056,0.0,0.0,2016,11,23,2
2016-11-24,13.98,0.0,14.7,120.384,0.0,0.0,0.0,0.0,0.0,79.76,0.0,0.0,535.08,0.0,454.86,0.0,0.0,2016,11,24,3
2016-11-25,0.0,0.0,13.12,0.0,0.0,0.0,0.0,0.0,0.0,0.0,0.0,0.0,0.0,0.0,0.0,0.0,0.0,2016,11,25,4
2016-11-26,0.0,0.0,0.0,75.77,0.0,0.0,599.99,0.0,0.0,692.472,0.0,0.0,10.95,0.0,104.9,0.0,0.0,2016,11,26,5
2016-11-27,556.896,0.0,29.79,6.24,170.98,283.92,0.0,0.0,0.0,38.97,0.0,0.0,368.74,832.722,0.0,0.0,821.5255,2016,11,27,6
2016-11-28,0.0,45.28,8.28,0.0,0.0,0.0,0.0,62.24,3.008,625.962,0.0,0.0,335.52,647.904,136.288,0.0,0.0,2016,11,28,0
2016-11-29,21.48,555.21,218.12,13.088000000000001,0.0,1408.8700000000001,0.0,0.0,0.0,0.0,0.0,0.0,19.92,0.0,523.48,0.0,0.0,2016,11,29,1
2016-11-30,0.0,98.352,0.0,162.92100000000002,681.408,0.0,0.0,89.36,10.584,433.79200000000003,0.0,0.0,49.58,272.4,0.0,0.0,0.0,2016,11,30,2
2016-12-01,0.0,0.0,17.54,119.384,0.0,4680.592000000001,0.0,0.0,0.0,6.688,0.0,0.0,184.58,0.0,208.41,0.0,1913.4,2016,12,1,3
2016-12-03,36.784,0.0,9.344,697.074,359.499,0.0,0.0,0.0,0.0,80.91199999999999,0.0,482.34,201.108,105.584,0.0,0.0,0.0,2016,12,3,5
2016-12-04,0.0,0.0,53.86,1606.284,0.0,1110.348,0.0,289.38,0.0,89.91999999999999,0.0,0.0,85.96,1950.0620000000001,0.0,0.0,0.0,2016,12,4,6
2016-12-05,86.98400000000001,0.0,45.04,411.264,0.0,262.07,0.0,12.224,0.0,44.46,12.6,0.0,22.68,0.0,0.0,0.0,0.0,2016,12,5,0
2016-12-06,1619.91,7.78,243.83,17.604,0.0,70.686,999.98,0.0,0.0,320.032,14.94,0.0,314.72200000000004,879.064,1572.954,0.0,0.0,2016,12,6,1
2016-12-07,0.0,152.94,0.0,28.048,0.0,283.92,0.0,0.0,3.96,79.92,2.61,0.0,12.96,773.94,0.0,0.0,0.0,2016,12,7,2
2016-12-08,236.0,0.0,0.0,0.0,0.0,0.0,0.0,0.0,0.0,0.0,0.0,0.0,376.408,1838.3600000000001,221.96,0.0,0.0,2016,12,8,3
2016-12-09,0.0,0.0,0.0,0.0,0.0,0.0,0.0,0.0,0.0,0.0,0.0,0.0,34.02,0.0,0.0,0.0,0.0,2016,12,9,4
2016-12-10,127.428,53.088,89.34,0.0,0.0,734.9000000000001,799.984,0.0,0.0,0.0,15.68,0.0,323.01,134.99,0.0,0.0,801.96,2016,12,10,5
2016-12-11,393.294,0.0,17.344,156.688,69.576,0.0,0.0,0.0,0.0,107.336,196.62,0.0,112.752,125.99,46.344,0.0,364.95,2016,12,11,6
2016-12-12,322.308,0.0,10.43,24.448,0.0,348.928,0.0,15.52,7.86,166.5,0.0,0.0,166.72,0.0,360.38,25.76,0.0,2016,12,12,0
2016-12-13,285.09,134.48,0.0,67.08,0.0,0.0,0.0,0.0,0.0,0.0,9.96,0.0,32.400000000000006,494.376,0.0,0.0,0.0,2016,12,13,1
2016-12-14,50.0,0.0,56.3,11.856,0.0,0.0,0.0,0.0,0.0,50.62,0.0,0.0,0.0,319.968,0.0,0.0,0.0,2016,12,14,2
2016-12-15,2925.27,103.92,3.28,51.312,0.0,0.0,0.0,0.0,0.0,262.864,0.0,1799.994,0.0,348.156,0.0,0.0,0.0,2016,12,15,3
2016-12-16,0.0,0.0,0.0,0.0,0.0,0.0,0.0,0.0,0.0,0.0,0.0,0.0,4.98,0.0,0.0,0.0,0.0,2016,12,16,4
2016-12-17,0.0,0.0,234.37,122.47999999999999,0.0,991.96,0.0,0.0,0.0,253.682,0.0,0.0,0.0,135.984,180.016,0.0,0.0,2016,12,17,5
2016-12-18,166.24,0.0,6.848,0.0,0.0,0.0,0.0,55.936,0.0,20.32,18.432,0.0,20.736,0.0,646.776,0.0,0.0,2016,12,18,6
2016-12-19,3541.2479999999996,526.736,0.0,7.04,0.0,0.0,0.0,0.0,5.04,0.0,6.912,0.0,146.18,834.336,0.0,0.0,1053.164,2016,12,19,0
2016-12-20,356.768,36.27,0.0,0.0,359.058,0.0,0.0,7.92,0.0,14.368,11.696,0.0,72.6,159.984,88.8,0.0,0.0,2016,12,20,1
2016-12-21,787.9200000000001,60.984,62.912000000000006,0.0,0.0,0.0,0.0,27.312,0.0,51.756,0.0,600.53,0.0,47.976,0.0,0.0,1618.37,2016,12,21,2
2016-12-22,0.0,0.0,17.12,0.0,0.0,422.625,0.0,0.0,0.0,0.0,0.0,0.0,0.0,0.0,33.568,0.0,0.0,2016,12,22,3
2016-12-23,0.0,194.32,0.0,0.0,0.0,0.0,0.0,0.0,0.0,0.0,0.0,0.0,0.0,0.0,0.0,0.0,0.0,2016,12,23,4
2016-12-24,0.0,0.0,41.208,39.712,590.058,883.84,4899.93,0.0,51.504000000000005,90.09599999999999,21.56,479.988,274.68600000000004,111.984,0.0,0.0,0.0,2016,12,24,5
2016-12-25,843.9,414.96,3.28,157.9,610.548,0.0,1199.96,0.0,0.0,823.016,9.216,0.0,68.208,73.98,0.0,0.0,0.0,2016,12,25,6
2016-12-26,0.0,0.0,0.0,0.0,0.0,275.058,0.0,0.0,22.2,0.0,0.0,0.0,212.64,0.0,0.0,0.0,51.588,2016,12,26,0
2016-12-27,85.392,462.91999999999996,0.0,0.0,663.5032,212.058,0.0,238.62,0.0,53.352,21.56,0.0,224.54,1279.228,358.284,0.0,1548.99,2016,12,27,1
2016-12-28,54.384,0.0,0.0,0.0,0.0,0.0,0.0,0.0,0.0,0.0,0.0,0.0,0.0,0.0,24.816,0.0,0.0,2016,12,28,2
2016-12-30,0.0,0.0,0.0,0.0,0.0,0.0,0.0,271.44,0.0,0.0,0.0,2548.56,68.52,287.88,74.94,0.0,0.0,2016,12,30,4
2016-12-31,0.0,0.0,0.0,1204.52,0.0,0.0,0.0,0.0,3.488,14.76,0.0,0.0,0.0,0.0,152.688,5.888,0.0,2016,12,31,5
2017-01-02,0.0,0.0,0.0,0.0,173.94,0.0,0.0,0.0,0.0,0.0,0.0,0.0,0.0,231.98,0.0,0.0,0.0,2017,1,2,0
2017-01-03,195.68,0.0,0.0,11.88,0.0,0.0,0.0,0.0,0.0,0.0,0.0,0.0,0.0,180.96,114.46,0.0,1592.85,2017,1,3,1
2017-01-04,0.0,0.0,4.672,104.58,0.0,0.0,959.968,0.0,0.0,0.0,0.0,0.0,0.0,0.0,0.0,0.0,0.0,2017,1,4,2
2017-01-05,191.472,0.0,5.248,0.0,0.0,0.0,0.0,0.0,0.0,0.0,0.0,0.0,0.0,59.184,0.0,0.0,0.0,2017,1,5,3
2017-01-07,0.0,0.0,34.58,0.0,0.0,0.0,0.0,0.0,0.0,23.076,0.0,0.0,25.92,0.0,0.0,0.0,0.0,2017,1,7,5
2017-01-08,0.0,0.0,47.616,136.878,1565.88,0.0,0.0,0.0,0.0,0.0,0.0,0.0,0.0,108.784,0.0,0.0,0.0,2017,1,8,6
2017-01-09,349.95,0.0,0.0,0.0,0.0,0.0,0.0,0.0,0.0,15.168,0.0,0.0,0.0,377.928,0.0,0.0,0.0,2017,1,9,0
2017-01-10,69.98,0.0,0.0,0.0,0.0,0.0,0.0,0.0,0.0,104.77000000000001,0.0,0.0,0.0,0.0,0.0,0.0,0.0,2017,1,10,1
2017-01-11,0.0,0.0,0.0,0.0,0.0,0.0,0.0,0.0,0.0,54.992,0.0,0.0,78.864,15.588,0.0,0.0,0.0,2017,1,11,2
2017-01-14,0.0,0.0,0.0,0.0,0.0,0.0,0.0,0.0,0.0,315.776,0.0,0.0,89.568,0.0,0.0,0.0,0.0,2017,1,14,5
2017-01-15,254.97,0.0,4.66,49.536,0.0,0.0,0.0,68.86,0.0,0.0,0.0,0.0,142.1,0.0,0.0,0.0,181.797,2017,1,15,6
2017-01-16,90.57,0.0,0.0,11.648,0.0,0.0,0.0,0.0,0.0,0.0,0.0,0.0,0.0,0.0,0.0,0.0,0.0,2017,1,16,0
2017-01-17,717.96,0.0,0.0,0.0,0.0,0.0,0.0,0.0,0.0,322.59,0.0,0.0,0.0,0.0,0.0,0.0,0.0,2017,1,17,1
2017-01-21,0.0,0.0,0.0,0.0,0.0,1167.056,0.0,0.0,0.0,0.0,0.0,0.0,0.0,0.0,0.0,0.0,0.0,2017,1,21,5
2017-01-22,55.176,64.864,0.0,26.336,451.136,0.0,0.0,0.0,7.56,124.17200000000001,65.05,0.0,12.96,110.376,0.0,0.0,0.0,2017,1,22,6
2017-01-23,99.98,0.0,8.04,0.0,0.0,0.0,0.0,0.0,0.0,59.99,0.0,0.0,0.0,0.0,1564.29,0.0,0.0,2017,1,23,0
2017-01-24,0.0,0.0,0.0,31.36,0.0,0.0,0.0,0.0,0.0,0.0,0.0,0.0,0.0,0.0,0.0,0.0,0.0,2017,1,24,1
2017-01-25,0.0,0.0,9.21,43.12,0.0,0.0,0.0,0.0,0.0,45.98,0.0,0.0,18.0,0.0,428.68,0.0,313.722,2017,1,25,2
2017-01-28,0.0,0.0,39.68,0.0,0.0,0.0,0.0,0.0,0.0,0.0,0.0,0.0,0.0,0.0,0.0,0.0,0.0,2017,1,28,5
2017-01-30,0.0,0.0,0.0,69.968,48.58,435.168,0.0,0.0,0.0,0.0,26.01,0.0,156.512,1439.968,305.01,0.0,626.1,2017,1,30,0
2017-01-31,0.0,0.0,0.0,1270.99,0.0,0.0,0.0,148.72,0.0,0.0,0.0,0.0,72.25200000000001,109.592,0.0,0.0,0.0,2017,1,31,1
2017-02-01,0.0,0.0,0.0,0.0,0.0,0.0,0.0,0.0,0.0,0.0,0.0,0.0,105.52,0.0,56.45,0.0,0.0,2017,2,1,2
2017-02-02,0.0,0.0,0.0,36.4,0.0,0.0,0.0,0.0,0.0,92.474,0.0,8749.95,0.0,0.0,117.96,0.0,0.0,2017,2,2,3
2017-02-03,0.0,0.0,0.0,0.0,0.0,866.4,0.0,0.0,0.0,0.0,0.0,0.0,0.0,0.0,0.0,0.0,0.0,2017,2,3,4
2017-02-04,0.0,0.0,0.0,0.0,0.0,0.0,0.0,0.0,0.0,14.368,0.0,0.0,0.0,90.48,93.02,0.0,0.0,2017,2,4,5
2017-02-05,0.0,0.0,0.0,0.0,239.98,0.0,0.0,167.96,9.45,18.84,14.73,0.0,814.18,749.648,421.96000000000004,0.0,557.728,2017,2,5,6
2017-02-06,0.0,0.0,0.0,0.0,0.0,0.0,0.0,0.0,0.0,132.224,0.0,0.0,0.0,0.0,0.0,0.0,0.0,2017,2,6,0
2017-02-07,100.0,0.0,0.0,0.0,0.0,0.0,0.0,0.0,0.0,0.0,7.83,0.0,30.352,623.96,0.0,0.0,0.0,2017,2,7,1
2017-02-08,0.0,0.0,0.0,0.0,0.0,241.5,0.0,0.0,0.0,0.0,0.0,0.0,0.0,1127.976,0.0,0.0,0.0,2017,2,8,2
2017-02-09,121.83,0.0,0.0,0.0,0.0,0.0,0.0,0.0,0.0,0.0,0.0,0.0,0.0,0.0,0.0,0.0,0.0,2017,2,9,3
2017-02-11,0.0,0.0,0.0,0.0,0.0,0.0,0.0,0.0,0.0,0.0,0.0,0.0,0.0,69.93,0.0,0.0,0.0,2017,2,11,5
2017-02-12,0.0,0.0,0.0,15.92,0.0,0.0,0.0,0.0,0.0,0.0,0.0,0.0,0.0,0.0,1350.12,0.0,0.0,2017,2,12,6
2017-02-13,0.0,0.0,0.0,0.0,0.0,0.0,0.0,0.0,0.0,0.0,0.0,0.0,146.82,0.0,0.0,0.0,0.0,2017,2,13,0
2017-02-14,0.0,0.0,272.16,0.0,0.0,0.0,0.0,0.0,0.0,10.56,0.0,0.0,4.77,0.0,0.0,0.0,550.431,2017,2,14,1
2017-02-15,0.0,0.0,0.0,398.352,0.0,0.0,0.0,0.0,8.72,0.0,0.0,0.0,0.0,0.0,0.0,0.0,0.0,2017,2,15,2
2017-02-16,89.97,92.064,0.0,5.8,0.0,617.5640000000001,0.0,0.0,6.976,318.08,0.0,0.0,5.184,0.0,0.0,0.0,0.0,2017,2,16,3
2017-02-19,0.0,0.0,0.0,0.0,0.0,0.0,0.0,0.0,0.0,44.46,8.67,0.0,70.88,0.0,242.94,25.71,0.0,2017,2,19,6
2017-02-20,0.0,0.0,0.0,0.0,0.0,0.0,0.0,0.0,0.0,0.0,0.0,0.0,16.496,0.0,0.0,0.0,0.0,2017,2,20,0
2017-02-21,12.99,0.0,0.0,88.43,0.0,0.0,0.0,0.0,0.0,204.75,0.0,0.0,0.0,39.98,1177.976,0.0,0.0,2017,2,21,1
2017-02-22,36.24,490.32,0.0,0.0,0.0,0.0,0.0,0.0,10.65,0.0,0.0,0.0,0.0,445.96,0.0,0.0,0.0,2017,2,22,2
2017-02-23,0.0,0.0,0.0,0.0,0.0,0.0,0.0,57.576,0.0,0.0,0.0,0.0,0.0,0.0,0.0,0.0,0.0,2017,2,23,3
2017-02-25,0.0,0.0,0.0,0.0,0.0,0.0,0.0,46.72,0.0,0.0,0.0,0.0,0.0,0.0,0.0,0.0,0.0,2017,2,25,5
2017-02-27,0.0,170.88,0.0,56.82,0.0,0.0,0.0,0.0,0.0,16.192,0.0,0.0,0.0,0.0,0.0,0.0,0.0,2017,2,27,0
2017-02-28,0.0,0.0,111.104,0.0,0.0,0.0,0.0,0.0,36.48,0.0,0.0,0.0,0.0,0.0,0.0,0.0,0.0,2017,2,28,1
2017-03-01,0.0,0.0,0.0,0.0,0.0,0.0,0.0,0.0,0.0,0.0,0.0,4899.93,26.38,159.984,362.92,0.0,836.592,2017,3,1,2
2017-03-03,41.72,0.0,0.0,447.86,0.0,563.43,0.0,36.6,2.304,35.28,0.0,287.91,209.224,1046.7759999999998,0.0,3955.422,637.896,2017,3,3,4
2017-03-04,159.98,0.0,16.99,128.4,0.0,0.0,0.0,0.0,0.0,0.0,10.08,0.0,0.0,0.0,0.0,0.0,0.0,2017,3,4,5
2017-03-05,0.0,0.0,0.0,0.0,0.0,0.0,0.0,149.352,0.0,0.0,0.0,0.0,0.0,0.0,12.992,0.0,0.0,2017,3,5,6
2017-03-06,0.0,2.334,0.0,3.771,0.0,0.0,0.0,0.0,0.0,159.04,0.0,0.0,0.0,500.178,0.0,0.0,145.98,2017,3,6,0
2017-03-07,0.0,0.0,0.0,0.0,0.0,0.0,0.0,0.0,0.0,0.0,0.0,0.0,0.0,21.072,0.0,0.0,0.0,2017,3,7,1
2017-03-08,27.96,207.144,13.9,88.014,0.0,0.0,0.0,146.352,5.984,215.95999999999998,0.0,0.0,12.96,1472.536,0.0,0.0,0.0,2017,3,8,2
2017-03-09,199.75,0.0,0.0,51.8,0.0,354.9,0.0,0.0,0.0,0.0,0.0,0.0,17.94,0.0,11.21,0.0,0.0,2017,3,9,3
2017-03-10,66.842,0.0,0.0,0.0,176.784,0.0,0.0,0.0,0.0,0.0,0.0,3357.6,14.9,4158.912,104.696,0.0,0.0,2017,3,10,4
2017-03-11,45.98,0.0,0.0,17.46,0.0,0.0,0.0,0.0,0.0,107.256,0.0,0.0,0.0,0.0,481.32,0.0,244.006,2017,3,11,5
2017-03-12,0.0,154.9,0.0,0.0,0.0,770.352,0.0,59.9,0.0,0.0,0.0,0.0,32.94,0.0,676.55,0.0,0.0,2017,3,12,6
2017-03-13,379.96,318.24,0.0,173.51299999999998,0.0,386.68,0.0,0.0,0.0,156.16,0.0,449.1,111.32,743.0939999999999,678.64,4912.59,557.585,2017,3,13,0
2017-03-14,0.0,0.0,145.544,41.904,241.332,196.784,0.0,0.0,0.0,38.62,0.0,0.0,5.184,0.0,0.0,0.0,0.0,2017,3,14,1
2017-03-15,83.976,0.0,0.0,4.544,0.0,1352.032,0.0,0.0,0.0,0.0,0.0,0.0,365.44,0.0,0.0,0.0,0.0,2017,3,15,2
2017-03-17,0.0,901.95,39.68,32.54,0.0,0.0,0.0,199.9,0.0,971.5,0.0,0.0,0.0,214.764,0.0,0.0,0.0,2017,3,17,4
2017-03-18,0.0,871.8,0.0,0.0,0.0,0.0,0.0,0.0,0.0,0.0,0.0,0.0,0.0,0.0,0.0,0.0,189.882,2017,3,18,5
2017-03-19,0.0,0.0,0.0,31.086,72.294,0.0,0.0,0.0,0.0,35.3,0.0,0.0,0.0,0.0,0.0,0.0,0.0,2017,3,19,6
2017-03-20,0.0,0.0,0.0,16.821,0.0,0.0,0.0,0.0,0.0,86.45,0.0,0.0,31.104,96.77600000000001,0.0,0.0,697.16,2017,3,20,0
2017-03-21,0.0,0.0,14.735999999999999,3.168,0.0,528.43,0.0,0.0,0.0,0.0,0.0,0.0,0.0,0.0,0.0,0.0,99.372,2017,3,21,1
2017-03-22,58.58,0.0,0.0,0.0,0.0,167.888,0.0,0.0,0.0,0.0,0.0,0.0,0.0,0.0,0.0,0.0,0.0,2017,3,22,2
2017-03-24,0.0,0.0,18.656,0.0,301.47,0.0,0.0,0.0,0.0,0.0,0.0,0.0,22.48,403.168,0.0,0.0,0.0,2017,3,24,4
2017-03-25,1287.45,0.0,59.52,0.0,0.0,0.0,0.0,0.0,0.0,0.0,0.0,0.0,0.0,0.0,0.0,0.0,0.0,2017,3,25,5
2017-03-26,119.976,0.0,0.0,17.04,0.0,0.0,0.0,0.0,0.0,0.0,0.0,0.0,17.64,0.0,527.59,0.0,0.0,2017,3,26,6
2017-03-27,0.0,0.0,0.0,32.54,0.0,0.0,0.0,0.0,0.0,60.16,0.0,0.0,0.0,0.0,0.0,0.0,0.0,2017,3,27,0
2017-03-28,0.0,0.0,0.0,0.0,0.0,0.0,0.0,0.0,0.0,0.0,0.0,0.0,5.98,0.0,119.32,0.0,0.0,2017,3,28,1
2017-03-29,0.0,0.0,0.0,71.128,299.975,844.116,0.0,0.0,0.0,414.0,0.0,0.0,59.007999999999996,971.112,0.0,0.0,0.0,2017,3,29,2
2017-03-30,0.0,0.0,0.0,0.0,0.0,0.0,0.0,0.0,0.0,0.0,0.0,0.0,11.34,0.0,0.0,0.0,0.0,2017,3,30,3
2017-03-31,31.984,0.0,0.0,0.0,0.0,327.996,0.0,0.0,0.0,0.0,0.0,0.0,0.0,280.782,0.0,0.0,0.0,2017,3,31,4
2017-04-01,0.0,30.144,451.76,17.944,0.0,1317.492,0.0,0.0,31.56,7.04,20.7,0.0,0.0,48.11,161.94,74.79,0.0,2017,4,1,5
2017-04-02,0.0,0.0,0.0,0.0,0.0,1454.9,0.0,0.0,0.0,0.0,0.0,0.0,0.0,0.0,0.0,0.0,0.0,2017,4,2,6
2017-04-03,0.0,0.0,0.0,99.846,0.0,0.0,0.0,0.0,0.0,71.12,0.0,0.0,10.272,259.96,0.0,0.0,0.0,2017,4,3,0
2017-04-04,89.97,0.0,0.0,588.784,0.0,0.0,0.0,0.0,0.0,82.64,0.0,0.0,27.81,149.97,31.02,0.0,0.0,2017,4,4,1
2017-04-05,0.0,0.0,0.0,0.0,0.0,0.0,0.0,0.0,0.0,0.0,0.0,0.0,0.0,118.782,158.368,769.184,0.0,2017,4,5,2
2017-04-06,0.0,0.0,0.0,0.0,0.0,0.0,0.0,0.0,0.0,0.0,0.0,0.0,0.0,1294.75,0.0,0.0,0.0,2017,4,6,3
2017-04-07,0.0,0.0,3.64,0.0,0.0,658.746,1199.976,0.0,0.0,0.0,0.0,0.0,37.94,0.0,0.0,0.0,0.0,2017,4,7,4
2017-04-08,431.928,0.0,17.04,1209.896,743.604,95.984,0.0,35.052,30.0,184.61999999999998,0.0,0.0,93.32,0.0,64.96,0.0,0.0,2017,4,8,5
2017-04-09,0.0,0.0,0.0,40.632,556.665,0.0,0.0,0.0,0.0,0.0,0.0,0.0,0.0,517.9,0.0,0.0,0.0,2017,4,9,6
2017-04-10,0.0,113.76,13.568,80.136,0.0,0.0,0.0,0.0,0.0,0.0,0.0,0.0,12.96,0.0,730.17,0.0,0.0,2017,4,10,0
2017-04-12,0.0,0.0,0.0,49.832,0.0,832.64,0.0,63.9,0.0,0.0,0.0,0.0,70.702,0.0,181.536,0.0,343.92,2017,4,12,2
2017-04-13,0.0,0.0,0.0,0.0,0.0,0.0,0.0,6.12,0.0,0.0,0.0,0.0,0.0,0.0,0.0,0.0,0.0,2017,4,13,3
2017-04-14,0.0,0.0,0.0,25.06,0.0,1317.336,0.0,0.0,0.0,0.0,0.0,0.0,0.0,0.0,124.176,0.0,0.0,2017,4,14,4
2017-04-15,700.704,0.0,33.488,189.588,0.0,1121.568,0.0,0.0,8.04,0.0,0.0,0.0,143.7,0.0,4.768,0.0,0.0,2017,4,15,5
2017-04-16,35.168,0.0,12.84,25.3,0.0,0.0,0.0,0.0,0.0,9.96,0.0,9099.93,123.088,0.0,0.0,28.8,0.0,2017,4,16,6
2017-04-17,0.0,0.0,0.0,0.0,257.499,0.0,0.0,0.0,29.05,97.744,0.0,0.0,0.0,36.792,0.0,0.0,0.0,2017,4,17,0
2017-04-18,0.0,203.92,6.99,0.0,0.0,344.372,0.0,0.0,0.0,127.88,0.0,0.0,9.664,29.56,1785.312,6.84,0.0,2017,4,18,1
2017-04-19,0.0,0.0,153.89999999999998,24.456,0.0,0.0,0.0,0.0,0.0,0.0,0.0,0.0,442.12,65.94,459.88,62.66,205.176,2017,4,19,2
2017-04-21,0.0,48.792,15.48,53.168,0.0,0.0,0.0,0.0,0.0,0.0,0.0,0.0,51.84,0.0,102.336,0.0,0.0,2017,4,21,4
2017-04-22,0.0,78.272,35.010000000000005,28.485,0.0,0.0,0.0,0.0,0.0,141.74,0.0,0.0,0.0,0.0,23.952,185.376,1272.63,2017,4,22,5
2017-04-23,99.99,0.0,0.0,269.608,0.0,0.0,0.0,71.97,0.0,0.0,0.0,0.0,222.88,0.0,55.92,0.0,0.0,2017,4,23,6
2017-04-24,258.696,0.0,0.0,7.0920000000000005,0.0,1325.76,0.0,0.0,0.0,0.0,0.0,0.0,15.552,0.0,0.0,0.0,0.0,2017,4,24,0
2017-04-25,0.0,0.0,0.0,25.62,0.0,0.0,0.0,0.0,0.0,0.0,0.0,0.0,0.0,82.8,0.0,0.0,0.0,2017,4,25,1
2017-04-26,0.0,0.0,0.0,0.0,0.0,434.646,0.0,0.0,0.0,0.0,0.0,0.0,0.0,0.0,0.0,0.0,0.0,2017,4,26,2
2017-04-28,0.0,0.0,0.0,0.0,0.0,41.568,0.0,0.0,0.0,30.344,15.712,0.0,29.472,369.576,0.0,0.0,0.0,2017,4,28,4
2017-04-30,0.0,0.0,0.0,7.712,0.0,0.0,0.0,0.0,0.0,134.496,0.0,0.0,0.0,0.0,0.0,0.0,0.0,2017,4,30,6
2017-05-01,0.0,0.0,11.16,2.742,0.0,0.0,0.0,0.0,0.0,0.0,3.984,0.0,129.36,0.0,0.0,0.0,370.62,2017,5,1,0
2017-05-02,0.0,0.0,86.352,45.576,0.0,553.8000000000001,0.0,0.0,0.0,0.0,5.04,0.0,0.0,0.0,76.548,0.0,0.0,2017,5,2,1
2017-05-03,564.496,26.406,27.384,2.182,0.0,0.0,0.0,0.0,0.0,51.968,6.0,224.937,0.0,0.0,195.64,0.0,0.0,2017,5,3,2
2017-05-05,0.0,0.0,0.0,12.448,0.0,0.0,0.0,0.0,0.0,16.72,0.0,0.0,186.74,423.648,5.98,0.0,2055.744,2017,5,5,4
2017-05-06,26.176,54.48,0.0,3.208,0.0,0.0,0.0,0.0,7.216,96.31200000000001,0.0,0.0,49.568,0.0,0.0,0.0,0.0,2017,5,6,5
2017-05-07,199.95,0.0,0.0,85.232,0.0,442.764,0.0,0.0,0.0,63.68,44.4,3999.95,0.0,0.0,0.0,0.0,0.0,2017,5,7,6
2017-05-08,58.112,0.0,0.0,0.0,0.0,0.0,0.0,0.0,0.0,211.96,0.0,0.0,38.996,0.0,1031.176,0.0,0.0,2017,5,8,0
2017-05-09,93.98,48.784,115.22,31.711999999999996,0.0,0.0,0.0,9.344,0.0,0.0,0.0,0.0,108.68,19.136,856.656,0.0,0.0,2017,5,9,1
2017-05-10,0.0,0.0,0.0,0.0,0.0,0.0,0.0,7.072,0.0,0.0,0.0,0.0,11.96,743.988,0.0,0.0,0.0,2017,5,10,2
2017-05-11,0.0,0.0,0.0,0.0,0.0,0.0,0.0,0.0,0.0,0.0,0.0,0.0,5.98,0.0,0.0,0.0,0.0,2017,5,11,3
2017-05-12,120.0,8.67,10.96,0.0,0.0,0.0,0.0,54.9,0.0,10.02,0.0,0.0,0.0,631.96,82.368,0.0,0.0,2017,5,12,4
2017-05-14,185.528,0.0,4.768,81.354,0.0,0.0,0.0,0.0,0.0,109.576,0.0,0.0,31.104,43.6,0.0,0.0,0.0,2017,5,14,6
2017-05-15,0.0,0.0,100.3,533.38,0.0,0.0,0.0,0.0,0.0,0.0,0.0,0.0,15.232,0.0,0.0,0.0,0.0,2017,5,15,0
2017-05-16,0.0,0.0,0.0,0.0,0.0,0.0,0.0,0.0,0.0,282.84,27.72,0.0,17.34,0.0,552.56,0.0,0.0,2017,5,16,1
2017-05-17,0.0,0.0,0.0,32.86,0.0,0.0,0.0,0.0,7.896,195.848,14.62,0.0,30.528,0.0,0.0,65.17,0.0,2017,5,17,2
2017-05-18,0.0,0.0,0.0,0.0,0.0,0.0,0.0,0.0,0.0,0.0,0.0,0.0,17.94,0.0,104.28,0.0,0.0,2017,5,18,3
2017-05-19,0.0,330.74,21.4,57.328,0.0,641.96,0.0,0.0,0.0,75.68,0.0,0.0,0.0,0.0,454.9,0.0,0.0,2017,5,19,4
2017-05-20,0.0,0.0,0.0,58.753,0.0,0.0,0.0,0.0,0.0,1049.2,0.0,0.0,0.0,1363.96,0.0,0.0,0.0,2017,5,20,5
2017-05-21,66.26,0.0,0.0,5.7620000000000005,0.0,0.0,0.0,0.0,0.0,0.0,0.0,2396.4,194.61599999999999,55.176,0.0,0.0,0.0,2017,5,21,6
2017-05-22,95.1,662.84,0.0,0.0,0.0,0.0,0.0,26.88,0.0,0.0,14.73,0.0,0.0,825.364,0.0,0.0,174.286,2017,5,22,0
2017-05-23,0.0,0.0,0.0,6.294,0.0,0.0,8399.976,0.0,0.0,37.05,0.0,0.0,15.348,2102.31,0.0,0.0,0.0,2017,5,23,1
2017-05-24,0.0,0.0,16.656,0.0,0.0,0.0,0.0,0.0,0.0,0.0,0.0,0.0,191.6,0.0,0.0,69.5,0.0,2017,5,24,2
2017-05-25,0.0,0.0,0.0,0.0,0.0,0.0,0.0,0.0,0.0,24.96,0.0,0.0,19.36,0.0,1267.65,0.0,0.0,2017,5,25,3
2017-05-26,111.912,34.848,1.504,9.64,0.0,873.134,0.0,0.0,5.94,68.31,0.0,371.976,102.22,211.168,184.704,0.0,0.0,2017,5,26,4
2017-05-27,0.0,0.0,0.0,0.0,0.0,3504.9,0.0,0.0,0.0,30.759999999999998,0.0,0.0,472.05,0.0,1297.368,0.0,0.0,2017,5,27,5
2017-05-28,131.6,262.24,185.88,22.72,0.0,390.272,0.0,0.0,0.0,0.0,0.0,558.4,244.912,286.4,0.0,54.9,0.0,2017,5,28,6
2017-05-29,0.0,0.0,4.448,34.027,0.0,0.0,0.0,0.0,0.0,44.76,0.0,0.0,0.0,979.95,0.0,0.0,0.0,2017,5,29,0
2017-05-30,2315.64,488.66,20.259999999999998,43.230000000000004,0.0,801.568,839.988,26.55,0.0,215.24,62.1,0.0,746.1320000000001,205.95,49.76,0.0,2275.5,2017,5,30,1
2017-05-31,0.0,0.0,0.0,7.152,0.0,191.079,0.0,0.0,0.0,32.064,0.0,0.0,28.863999999999997,179.7,0.0,0.0,0.0,2017,5,31,2
2017-06-02,0.0,0.0,0.0,62.88,0.0,0.0,0.0,0.0,0.0,0.0,0.0,0.0,30.18,0.0,64.784,0.0,0.0,2017,6,2,4
2017-06-04,0.0,0.0,7.408,0.0,136.784,0.0,0.0,0.0,0.0,496.532,0.0,1349.85,116.74,31.984,0.0,0.0,177.225,2017,6,4,6
2017-06-05,0.0,58.24,11.16,21.552,0.0,0.0,0.0,0.0,0.0,0.0,22.5,0.0,0.0,0.0,484.988,61.38,0.0,2017,6,5,0
2017-06-06,557.12,0.0,0.0,75.81,0.0,0.0,0.0,0.0,0.0,0.0,22.05,0.0,278.32,3829.752,714.3,0.0,0.0,2017,6,6,1
2017-06-07,0.0,0.0,0.0,4.784,0.0,0.0,0.0,0.0,9.648,0.0,0.0,0.0,37.129999999999995,0.0,0.0,0.0,0.0,2017,6,7,2
2017-06-09,0.0,0.0,0.0,0.0,0.0,122.352,0.0,0.0,0.0,0.0,0.0,695.7,0.0,177.48,0.0,0.0,692.94,2017,6,9,4
2017-06-10,0.0,0.0,0.0,0.0,0.0,0.0,0.0,0.0,0.0,0.0,44.316,0.0,32.4,0.0,0.0,0.0,1335.68,2017,6,10,5
2017-06-11,629.94,0.0,0.0,63.6,0.0,0.0,0.0,0.0,0.0,12.544,14.62,0.0,0.0,0.0,0.0,0.0,902.712,2017,6,11,6
2017-06-12,0.0,325.104,11.264,49.104,0.0,379.372,0.0,115.02,0.0,54.024,14.62,1007.979,643.94,68.04,294.096,0.0,0.0,2017,6,12,0
2017-06-13,0.0,0.0,0.0,33.568,0.0,0.0,0.0,0.0,0.0,0.0,18.9,0.0,0.0,377.97,0.0,0.0,0.0,2017,6,13,1
2017-06-14,47.754,0.0,15.68,39.936,599.165,0.0,0.0,0.0,0.0,8.73,0.0,0.0,0.0,0.0,0.0,0.0,2745.834,2017,6,14,2
2017-06-15,0.0,0.0,0.0,0.0,0.0,0.0,0.0,0.0,0.0,0.0,0.0,0.0,173.488,0.0,0.0,0.0,0.0,2017,6,15,3
2017-06-16,0.0,0.0,0.0,0.0,0.0,0.0,0.0,0.0,0.0,0.0,9.45,91.475,46.35,0.0,0.0,0.0,0.0,2017,6,16,4
2017-06-17,30.0,0.0,11.52,56.44,239.666,802.546,0.0,0.0,0.0,266.352,22.5,0.0,378.76,566.97,249.3,0.0,376.866,2017,6,17,5
2017-06-18,0.0,453.6,0.0,4.626,0.0,0.0,0.0,0.0,0.0,0.0,0.0,0.0,83.712,0.0,0.0,0.0,0.0,2017,6,18,6
2017-06-19,0.0,0.0,0.0,0.0,0.0,0.0,0.0,0.0,0.0,0.0,0.0,0.0,17.12,0.0,0.0,0.0,0.0,2017,6,19,0
2017-06-20,147.868,469.476,5.16,47.43,0.0,161.568,0.0,0.0,0.0,57.69,0.0,0.0,156.61599999999999,21.8,161.94,0.0,0.0,2017,6,20,1
2017-06-21,0.0,0.0,0.0,223.54000000000002,353.568,0.0,0.0,0.0,0.0,0.0,0.0,0.0,0.0,0.0,0.0,0.0,0.0,2017,6,21,2
2017-06-23,0.0,0.0,0.0,0.0,0.0,0.0,0.0,0.0,3.96,0.0,188.33,0.0,166.70999999999998,862.344,418.58,835.17,0.0,2017,6,23,4
2017-06-24,0.0,250.152,0.0,0.0,0.0,0.0,0.0,0.0,0.0,0.0,0.0,4476.8,104.85,479.15000000000003,0.0,0.0,0.0,2017,6,24,5
2017-06-25,0.0,60.81,0.0,38.088,0.0,507.304,0.0,0.0,0.0,32.712,0.0,0.0,0.0,0.0,254.352,0.0,0.0,2017,6,25,6
2017-06-26,174.546,0.0,20.003999999999998,8.02,0.0,0.0,0.0,0.0,17.9,59.88,0.0,0.0,381.39000000000004,135.95,890.19,231.72,0.0,2017,6,26,0
2017-06-27,0.0,0.0,0.0,0.0,0.0,539.658,0.0,0.0,0.0,0.0,0.0,0.0,37.464,201.584,0.0,0.0,0.0,2017,6,27,1
2017-06-28,0.0,283.98,0.0,49.28,0.0,121.96,0.0,0.0,0.0,0.0,0.0,0.0,61.96,359.976,0.0,0.0,0.0,2017,6,28,2
2017-06-29,0.0,0.0,0.0,0.0,0.0,0.0,0.0,0.0,0.0,0.0,0.0,0.0,0.0,0.0,191.88,0.0,0.0,2017,6,29,3
2017-06-30,50.12,0.0,35.97,0.0,1266.86,0.0,0.0,0.0,0.0,0.0,0.0,0.0,0.0,0.0,0.0,0.0,0.0,2017,6,30,4
2017-07-01,30.84,0.0,0.0,75.036,0.0,0.0,1499.95,0.0,0.0,0.0,30.53,0.0,88.02000000000001,0.0,0.0,0.0,0.0,2017,7,1,5
2017-07-02,0.0,0.0,7.7,0.0,0.0,723.6139999999999,0.0,0.0,0.0,0.0,0.0,0.0,41.472,0.0,0.0,0.0,0.0,2017,7,2,6
2017-07-03,0.0,706.86,0.0,0.0,0.0,0.0,0.0,0.0,3.96,0.0,0.0,0.0,136.88,0.0,0.0,0.0,0.0,2017,7,3,0
2017-07-04,0.0,0.0,0.0,0.0,1279.165,0.0,0.0,43.96,0.0,50.8,0.0,0.0,0.0,249.456,27.92,0.0,0.0,2017,7,4,1
2017-07-07,0.0,0.0,45.98,15.135,0.0,541.34,2799.96,0.0,2.632,275.938,10.08,0.0,85.588,59.994,0.0,45.584,0.0,2017,7,7,4
2017-07-08,0.0,0.0,47.616,48.0,0.0,662.88,0.0,0.0,0.0,0.0,0.0,0.0,28.944000000000003,1795.584,33.488,0.0,0.0,2017,7,8,5
2017-07-09,0.0,0.0,0.0,0.0,0.0,408.006,0.0,0.0,0.0,165.28,0.0,0.0,0.0,0.0,0.0,0.0,0.0,2017,7,9,6
2017-07-10,0.0,0.0,154.24,44.856,0.0,0.0,0.0,0.0,0.0,0.0,0.0,341.991,0.0,0.0,354.808,0.0,0.0,2017,7,10,0
2017-07-12,0.0,0.0,0.0,0.0,0.0,0.0,0.0,0.0,0.0,0.0,0.0,0.0,0.0,95.76,0.0,0.0,0.0,2017,7,12,2
2017-07-14,29.0,151.62,41.86,68.24799999999999,579.136,0.0,0.0,0.0,43.68,82.55,0.0,0.0,219.84,911.184,11.21,11.632,0.0,2017,7,14,4
2017-07-15,0.0,0.0,0.0,0.0,0.0,230.28,0.0,0.0,0.0,0.0,0.0,0.0,105.52,0.0,0.0,44.4,0.0,2017,7,15,5
2017-07-16,75.98,0.0,22.32,30.560000000000002,0.0,0.0,0.0,10.2,0.0,9.552,0.0,0.0,80.136,638.358,37.224,5.84,0.0,2017,7,16,6
2017-07-17,428.4,208.6,0.0,12.816,0.0,0.0,0.0,0.0,0.0,37.17,87.71,0.0,136.89,617.784,655.51,0.0,0.0,2017,7,17,0
2017-07-18,15.576,0.0,11.264,1.872,0.0,1539.17,0.0,0.0,0.0,0.0,0.0,0.0,18.496,55.992,1215.688,33.8,0.0,2017,7,18,1
2017-07-19,389.97,0.0,0.0,86.16,504.9,0.0,0.0,0.0,0.0,185.58,0.0,0.0,245.94,35.984,87.92,0.0,0.0,2017,7,19,2
2017-07-20,0.0,0.0,0.0,0.0,0.0,0.0,0.0,0.0,0.0,0.0,0.0,0.0,0.0,89.95,0.0,0.0,0.0,2017,7,20,3
2017-07-21,0.0,0.0,18.656,13.029,0.0,363.92,0.0,419.9,0.0,0.0,9.414,0.0,0.0,0.0,166.176,0.0,0.0,2017,7,21,4
2017-07-22,109.95,37.68,33.36,5.4,0.0,0.0,0.0,0.0,0.0,39.068,6.3,0.0,84.24000000000001,0.0,965.85,86.2,0.0,2017,7,22,5
2017-07-23,0.0,23.696,215.584,16.168,0.0,0.0,0.0,0.0,0.0,0.0,0.0,265.475,5.184,115.136,0.0,13.344,0.0,2017,7,23,6
2017-07-24,0.0,0.0,73.2,0.0,0.0,253.764,0.0,0.0,0.0,0.0,0.0,0.0,0.0,0.0,0.0,0.0,0.0,2017,7,24,0
2017-07-25,0.0,243.88,37.17,130.056,0.0,241.568,1439.976,20.936,21.48,325.06,15.712,0.0,65.5,0.0,7.89,0.0,2430.08,2017,7,25,1
2017-07-28,0.0,9.48,0.0,1369.764,177.45,0.0,0.0,0.0,20.44,327.42,18.9,0.0,109.92,0.0,0.0,0.0,0.0,2017,7,28,4
2017-07-29,0.0,0.0,0.0,29.61,0.0,0.0,0.0,0.0,0.0,0.0,0.0,0.0,0.0,0.0,789.544,0.0,0.0,2017,7,29,5
2017-07-30,0.0,715.64,0.0,9.264,0.0,0.0,0.0,0.0,0.0,0.0,9.248,0.0,0.0,0.0,1036.624,0.0,0.0,2017,7,30,6
2017-07-31,0.0,283.14,0.0,0.0,0.0,0.0,0.0,0.0,0.0,272.94,0.0,0.0,0.0,754.95,0.0,0.0,863.128,2017,7,31,0
2017-08-01,0.0,45.96,0.0,0.0,0.0,0.0,0.0,0.0,0.0,19.312,0.0,0.0,19.648,1039.728,0.0,0.0,0.0,2017,8,1,1
2017-08-02,0.0,0.0,0.0,12.544,0.0,0.0,0.0,0.0,0.0,0.0,0.0,0.0,0.0,333.576,0.0,0.0,136.464,2017,8,2,2
2017-08-03,167.28,0.0,0.0,0.0,0.0,0.0,0.0,81.54,0.0,0.0,0.0,0.0,0.0,0.0,0.0,0.0,0.0,2017,8,3,3
2017-08-04,0.0,0.0,0.0,36.716,0.0,0.0,0.0,0.0,0.0,109.8,13.95,0.0,0.0,302.384,0.0,35.06,0.0,2017,8,4,4
2017-08-05,0.0,0.0,197.05,0.0,0.0,0.0,0.0,0.0,0.0,0.0,0.0,0.0,0.0,0.0,0.0,0.0,0.0,2017,8,5,5
2017-08-06,0.0,0.0,38.34,0.0,0.0,0.0,0.0,0.0,0.0,0.0,0.0,0.0,70.88,211.168,0.0,0.0,0.0,2017,8,6,6
2017-08-07,179.97,0.0,0.0,0.0,0.0,0.0,0.0,0.0,0.0,0.0,0.0,0.0,0.0,0.0,0.0,0.0,0.0,2017,8,7,0
2017-08-08,0.0,487.92,0.0,15.24,0.0,0.0,0.0,0.0,34.507999999999996,0.0,0.0,0.0,64.512,0.0,0.0,0.0,513.024,2017,8,8,1
2017-08-09,0.0,569.536,0.0,16.218,0.0,0.0,0.0,0.0,0.0,0.0,0.0,0.0,30.816,44.784,0.0,0.0,0.0,2017,8,9,2
2017-08-11,0.0,0.0,0.0,119.42,0.0,0.0,0.0,0.0,0.0,0.0,0.0,0.0,32.4,0.0,0.0,0.0,0.0,2017,8,11,4
2017-08-12,1399.944,0.0,37.312,0.0,0.0,145.764,0.0,0.0,0.0,0.0,0.0,0.0,6.48,0.0,1591.02,0.0,771.4405,2017,8,12,5
2017-08-13,71.98,76.264,0.0,42.072,241.96,0.0,0.0,0.0,0.0,0.0,103.6,0.0,10.272,0.0,0.0,185.376,0.0,2017,8,13,6
2017-08-14,279.96,0.0,0.0,0.0,0.0,0.0,0.0,0.0,0.0,0.0,0.0,105.552,31.092,507.084,0.0,0.0,0.0,2017,8,14,0
2017-08-15,0.0,122.328,0.0,18.882,0.0,225.296,0.0,0.0,0.0,312.03,3.15,0.0,37.52,943.12,17.94,0.0,0.0,2017,8,15,1
2017-08-16,0.0,0.0,0.0,0.0,0.0,0.0,0.0,10.86,0.0,0.0,0.0,0.0,32.4,0.0,0.0,0.0,161.28,2017,8,16,2
2017-08-17,0.0,0.0,0.0,15.712,0.0,0.0,0.0,0.0,0.0,0.0,0.0,0.0,0.0,0.0,0.0,0.0,0.0,2017,8,17,3
2017-08-18,0.0,355.32,0.0,2.068,0.0,0.0,0.0,0.0,0.0,14.896,0.0,0.0,83.84,39.99,0.0,0.0,0.0,2017,8,18,4
2017-08-19,0.0,0.0,0.0,448.792,0.0,0.0,0.0,0.0,0.0,0.0,0.0,0.0,0.0,0.0,0.0,0.0,0.0,2017,8,19,5
2017-08-20,0.0,0.0,0.0,0.0,0.0,0.0,0.0,0.0,0.0,0.0,0.0,0.0,0.0,14.78,0.0,0.0,0.0,2017,8,20,6
2017-08-21,254.97,0.0,0.0,46.111999999999995,0.0,0.0,0.0,0.0,0.0,0.0,9.216,0.0,60.480000000000004,123.94399999999999,0.0,28.048,3702.348,2017,8,21,0
2017-08-22,0.0,113.552,5.76,33.982,0.0,0.0,0.0,134.288,0.0,98.328,0.0,0.0,19.44,0.0,0.0,0.0,0.0,2017,8,22,1
2017-08-23,668.38,1083.8999999999999,50.64,0.0,0.0,532.704,0.0,135.9,0.0,22.608,62.790000000000006,837.6,34.68,0.0,742.2660000000001,15.88,0.0,2017,8,23,2
2017-08-26,985.8580000000001,0.0,22.372,146.688,0.0,2627.852,0.0,0.0,10.23,186.54,0.0,0.0,203.948,242.97,0.0,0.0,447.84,2017,8,26,5
2017-08-27,0.0,0.0,0.0,29.0,0.0,0.0,0.0,0.0,11.68,0.0,9.216,0.0,292.582,59.97,14.16,106.688,244.615,2017,8,27,6
2017-08-28,0.0,0.0,0.0,41.596,156.3728,0.0,0.0,0.0,0.0,0.0,0.0,0.0,15.48,108.576,0.0,0.0,0.0,2017,8,28,0
2017-08-29,95.976,0.0,0.0,5.274,163.88,0.0,0.0,0.0,10.584,0.0,0.0,0.0,64.624,22.0,0.0,27.93,241.92,2017,8,29,1
2017-08-30,0.0,0.0,0.0,37.764,0.0,786.744,0.0,0.0,0.0,47.04,100.24,0.0,0.0,630.858,54.224,0.0,0.0,2017,8,30,2
2017-08-31,0.0,0.0,0.0,0.0,0.0,0.0,0.0,0.0,0.0,0.0,0.0,0.0,0.0,0.0,23.968,0.0,0.0,2017,8,31,3
2017-09-01,548.17,376.74,11.96,4438.236,0.0,0.0,0.0,34.66,16.688,191.82,0.0,0.0,104.16,32.768,0.0,10.95,0.0,2017,9,1,4
2017-09-02,1172.24,309.456,113.626,64.31099999999999,0.0,215.976,999.98,65.94,1.81,218.93200000000002,29.24,1362.9,0.0,1091.168,105.368,0.0,1041.2459999999999,2017,9,2,5
2017-09-03,0.0,0.0,0.0,1250.318,543.684,0.0,0.0,0.0,0.0,98.712,58.48,0.0,79.12,280.782,54.5,0.0,0.0,2017,9,3,6
2017-09-04,279.95,87.168,103.312,174.54,0.0,0.0,0.0,16.56,0.0,106.53999999999999,0.0,0.0,251.692,0.0,665.3299999999999,22.72,0.0,2017,9,4,0
2017-09-05,116.0,62.79,115.812,125.10100000000001,0.0,1634.505,0.0,23.472,48.608000000000004,174.47199999999998,47.11,0.0,435.408,430.784,359.346,0.0,1652.94,2017,9,5,1
2017-09-06,31.86,77.88,0.0,3.204,722.352,0.0,0.0,95.952,0.0,0.0,0.0,0.0,41.92,329.584,10.784,0.0,0.0,2017,9,6,2
2017-09-08,92.75200000000001,207.48,85.24799999999999,100.16,2570.2056000000002,0.0,0.0,0.0,0.0,57.266000000000005,14.76,0.0,129.814,59.96,428.828,0.0,747.51,2017,9,8,4
2017-09-09,0.0,0.0,0.0,69.984,0.0,0.0,0.0,0.0,0.0,15.008,0.0,0.0,0.0,0.0,0.0,0.0,0.0,2017,9,9,5
2017-09-10,0.0,0.0,67.56,330.664,0.0,0.0,0.0,0.0,0.0,0.0,7.38,0.0,88.67,1239.6399999999999,59.48,0.0,300.93,2017,9,10,6
2017-09-11,3347.37,0.0,2.912,64.208,0.0,0.0,1599.92,11.09,0.0,0.0,6.0,0.0,46.362,953.696,370.46,0.0,0.0,2017,9,11,0
2017-09-12,20.7,0.0,0.0,20.704,0.0,1609.024,0.0,0.0,21.810000000000002,70.848,17.334,0.0,68.52,146.952,67.9,0.0,0.0,2017,9,12,1
2017-09-13,0.0,378.0,0.0,0.0,0.0,0.0,0.0,0.0,0.0,1336.44,14.4,0.0,35.25,179.92,413.82,16.9,0.0,2017,9,13,2
2017-09-14,0.0,0.0,0.0,673.568,0.0,0.0,0.0,0.0,0.0,0.0,0.0,0.0,25.92,437.85,0.0,0.0,0.0,2017,9,14,3
2017-09-15,0.0,0.0,35.4,910.648,0.0,0.0,0.0,0.0,0.0,0.0,0.0,0.0,26.744,0.0,0.0,0.0,1128.39,2017,9,15,4
2017-09-16,0.0,17.48,0.0,0.0,273.666,121.78,0.0,0.0,0.0,0.0,0.0,0.0,12.96,0.0,0.0,0.0,0.0,2017,9,16,5
2017-09-17,0.0,0.0,53.5,232.4,0.0,113.888,0.0,0.0,0.0,316.12,12.32,396.0,6.48,617.018,295.4,0.0,0.0,2017,9,17,6
2017-09-18,0.0,0.0,2.672,4.616,0.0,2769.23,0.0,0.0,0.0,66.072,3.0,0.0,381.99,239.984,900.08,0.0,383.438,2017,9,18,0
2017-09-19,249.95,0.0,0.0,98.158,0.0,1573.692,0.0,0.0,0.0,25.632,0.0,0.0,176.92,0.0,1675.75,39.21,0.0,2017,9,19,1
2017-09-20,0.0,393.25,11.76,404.32399999999996,163.88,98.392,0.0,0.0,0.0,17.088,0.0,0.0,143.31,0.0,0.0,0.0,0.0,2017,9,20,2
2017-09-22,0.0,0.0,48.648,7.506,0.0,0.0,0.0,0.0,0.0,100.672,33.08,0.0,35.88,63.936,128.34,0.0,0.0,2017,9,22,4
2017-09-23,0.0,0.0,4.912,35.945,0.0,553.722,0.0,4.08,0.0,560.704,18.9,0.0,11.952,0.0,118.25,13.68,0.0,2017,9,23,5
2017-09-24,0.0,0.0,0.0,448.752,0.0,718.6120000000001,0.0,304.9,0.0,212.59,0.0,0.0,48.18000000000001,0.0,553.016,0.0,0.0,2017,9,24,6
2017-09-25,499.95,286.256,19.599999999999998,5.022,477.666,201.96,0.0,0.0,0.0,68.64,15.936,0.0,60.048,0.0,355.76,0.0,393.165,2017,9,25,0
2017-09-26,531.976,329.912,35.4,22.44,424.9575,1202.523,0.0,8.928,0.0,0.0,7.83,0.0,82.75,0.0,51.45,0.0,0.0,2017,9,26,1
2017-09-27,0.0,0.0,13.89,2.907,956.6648,0.0,0.0,0.0,0.0,0.0,0.0,0.0,17.94,1001.584,0.0,0.0,0.0,2017,9,27,2
2017-09-28,0.0,0.0,0.0,0.0,0.0,0.0,0.0,0.0,0.0,0.0,0.0,0.0,99.136,0.0,0.0,0.0,0.0,2017,9,28,3
2017-09-29,209.97,0.0,77.296,90.17999999999999,0.0,0.0,0.0,0.0,0.0,0.0,15.936,0.0,18.97,859.2,0.0,0.0,0.0,2017,9,29,4
2017-09-30,0.0,0.0,0.0,1.964,523.92,0.0,0.0,0.0,0.0,0.0,0.0,0.0,0.0,0.0,0.0,0.0,0.0,2017,9,30,5
2017-10-01,79.512,0.0,30.976,5.388,0.0,194.848,0.0,0.0,0.0,41.85,0.0,0.0,28.352,69.9,0.0,0.0,330.588,2017,10,1,6
2017-10-02,0.0,61.44,33.96,825.142,0.0,0.0,17499.95,0.0,0.0,0.0,0.0,0.0,0.0,0.0,32.48,0.0,0.0,2017,10,2,0
2017-10-03,0.0,0.0,0.0,0.0,0.0,1514.4279999999999,0.0,15.648,0.0,38.08,6.16,0.0,106.38,0.0,0.0,0.0,0.0,2017,10,3,1
2017-10-04,0.0,0.0,0.0,30.4,0.0,0.0,5399.91,59.752,0.0,11.568,0.0,0.0,0.0,52.68,119.1,0.0,239.372,2017,10,4,2
2017-10-06,67.96,0.0,0.0,58.730000000000004,0.0,0.0,0.0,0.0,0.0,0.0,0.0,703.71,0.0,0.0,0.0,0.0,0.0,2017,10,6,4
2017-10-07,0.0,0.0,0.0,27.264,0.0,0.0,0.0,0.0,93.36,0.0,4.928,837.6,10.56,0.0,0.0,0.0,0.0,2017,10,7,5
2017-10-08,0.0,0.0,0.0,0.0,0.0,0.0,0.0,0.0,0.0,51.712,60.144,0.0,61.96,0.0,387.72,0.0,0.0,2017,10,8,6
2017-10-09,0.0,0.0,1.408,0.0,0.0,0.0,0.0,0.0,0.0,502.4,0.0,0.0,19.136,23.976,0.0,0.0,0.0,2017,10,9,0
2017-10-10,0.0,0.0,0.0,4.095,90.882,120.784,0.0,0.0,0.0,0.0,0.0,0.0,0.0,15.992,0.0,20.608,0.0,2017,10,10,1
2017-10-11,0.0,0.0,33.064,0.0,0.0,0.0,0.0,0.0,0.0,0.0,0.0,0.0,0.0,0.0,0.0,0.0,0.0,2017,10,11,2
2017-10-13,191.976,0.0,62.092,82.462,0.0,0.0,0.0,0.0,4.02,290.26,24.9,0.0,101.708,0.0,99.87,65.88,727.45,2017,10,13,4
2017-10-14,1849.454,0.0,0.0,0.0,0.0,102.592,0.0,35.008,0.0,0.0,0.0,0.0,244.136,1091.93,0.0,12.768,0.0,2017,10,14,5
2017-10-15,0.0,911.85,0.0,396.28,0.0,0.0,0.0,66.54,0.0,0.0,49.620000000000005,0.0,190.35999999999999,5.5,0.0,0.0,0.0,2017,10,15,6
2017-10-16,0.0,0.0,0.0,0.0,0.0,0.0,0.0,0.0,0.0,0.0,0.0,0.0,0.0,0.0,0.0,0.0,142.182,2017,10,16,0
2017-10-17,0.0,1927.59,0.0,334.14000000000004,241.64600000000002,0.0,0.0,0.0,0.0,0.0,0.0,0.0,0.0,449.97,0.0,0.0,0.0,2017,10,17,1
2017-10-18,0.0,0.0,0.0,0.0,0.0,307.92,0.0,0.0,0.0,0.0,0.0,0.0,0.0,0.0,0.0,0.0,0.0,2017,10,18,2
2017-10-20,0.0,0.0,7.152,19.296,0.0,443.822,0.0,0.0,25.248,61.1,0.0,0.0,51.016,317.68,20.86,0.0,0.0,2017,10,20,4
2017-10-21,204.24,0.0,125.61,4567.096,1043.92,242.136,0.0,0.0,0.0,19.96,0.0,0.0,58.800000000000004,235.152,711.822,7.36,661.176,2017,10,21,5
2017-10-22,0.0,0.0,8.34,0.0,0.0,0.0,0.0,0.0,0.0,173.26,0.0,0.0,6.68,0.0,0.0,0.0,0.0,2017,10,22,6
2017-10-23,0.0,0.0,0.0,0.0,0.0,0.0,0.0,0.0,17.05,16.156,0.0,0.0,434.216,0.0,0.0,0.0,0.0,2017,10,23,0
2017-10-24,1109.97,0.0,0.0,0.0,0.0,0.0,0.0,0.0,0.0,0.0,0.0,0.0,15.552,239.976,0.0,0.0,0.0,2017,10,24,1
2017-10-25,0.0,0.0,0.0,0.0,0.0,0.0,0.0,0.0,0.0,0.0,0.0,0.0,0.0,783.96,0.0,0.0,0.0,2017,10,25,2
2017-10-27,0.0,43.92,0.0,101.89599999999999,0.0,718.624,0.0,0.0,40.67,40.2,0.0,0.0,0.0,0.0,33.48,0.0,0.0,2017,10,27,4
2017-10-28,0.0,0.0,12.42,157.047,0.0,0.0,0.0,0.0,0.0,1111.368,0.0,0.0,140.26999999999998,302.376,1175.54,0.0,0.0,2017,10,28,5
2017-10-29,0.0,11.67,0.0,11.744,0.0,0.0,0.0,0.0,0.0,67.0,0.0,0.0,0.0,0.0,40.74,0.0,0.0,2017,10,29,6
2017-10-30,0.0,0.0,126.63,28.752,0.0,0.0,0.0,0.0,3.62,0.0,0.0,0.0,0.0,0.0,0.0,0.0,0.0,2017,10,30,0
2017-10-31,0.0,0.0,12.39,0.0,0.0,2265.7250000000004,0.0,0.0,0.0,0.0,0.0,0.0,32.064,0.0,1418.3600000000001,21.96,0.0,2017,10,31,1
2017-11-01,68.112,0.0,0.0,0.0,0.0,0.0,0.0,251.79,0.0,0.0,0.0,0.0,0.0,21.8,111.672,0.0,0.0,2017,11,1,2
2017-11-03,154.95,1144.8,101.50999999999999,84.27799999999999,0.0,687.739,0.0,0.0,35.26,24.1,87.71,179.991,459.51800000000003,0.0,0.0,0.0,842.94,2017,11,3,4
2017-11-04,0.0,0.0,192.8,11.888,0.0,755.136,0.0,0.0,10.74,376.154,629.184,686.4,102.00800000000001,0.0,45.248,202.96,876.3,2017,11,4,5
2017-11-05,813.6500000000001,0.0,39.68,203.42,956.6648,113.888,0.0,158.13,0.0,1030.76,63.59,0.0,0.0,23.988,0.0,0.0,863.128,2017,11,5,6
2017-11-06,0.0,0.0,0.0,0.0,0.0,289.408,0.0,0.0,0.0,274.128,0.0,0.0,124.88,0.0,84.84,0.0,0.0,2017,11,6,0
2017-11-07,599.946,0.0,0.0,426.464,0.0,1603.136,0.0,0.0,14.96,59.28,14.62,0.0,25.86,623.9300000000001,430.908,11.36,0.0,2017,11,7,1
2017-11-08,0.0,0.0,0.0,0.0,261.96,731.94,0.0,0.0,0.0,0.0,0.0,0.0,0.0,0.0,0.0,0.0,0.0,2017,11,8,2
2017-11-09,479.97,0.0,0.0,0.0,0.0,0.0,0.0,0.0,0.0,0.0,0.0,0.0,0.0,0.0,0.0,0.0,0.0,2017,11,9,3
2017-11-10,458.86400000000003,464.79999999999995,56.56,314.11199999999997,341.96,0.0,0.0,0.0,0.0,663.028,9.216,0.0,309.054,1145.868,945.296,14.72,0.0,2017,11,10,4
2017-11-11,191.938,671.544,107.05199999999999,131.632,0.0,744.79,0.0,0.0,0.0,48.92,0.0,0.0,0.0,257.98,111.5,0.0,2678.94,2017,11,11,5
2017-11-12,31.984,147.776,20.58,28.018,0.0,3461.248,0.0,287.52,16.752,22.752,0.0,0.0,19.98,203.976,0.0,0.0,674.352,2017,11,12,6
2017-11-13,0.0,0.0,184.77,3.136,0.0,0.0,0.0,0.0,0.0,54.08,14.94,0.0,217.056,2279.96,139.06,52.136,0.0,2017,11,13,0
2017-11-14,499.98,0.0,33.489999999999995,10.556,0.0,788.064,1199.976,0.0,0.0,68.49600000000001,7.38,0.0,21.73,103.95,40.44,0.0,0.0,2017,11,14,1
2017-11-15,99.39,0.0,0.0,1054.928,0.0,0.0,0.0,0.0,0.0,0.0,0.0,0.0,0.0,361.376,0.0,0.0,630.024,2017,11,15,2
2017-11-16,0.0,0.0,0.0,8.32,0.0,0.0,0.0,28.4,0.0,0.0,0.0,0.0,0.0,0.0,0.0,0.0,0.0,2017,11,16,3
2017-11-17,0.0,0.0,0.0,10.776,0.0,0.0,0.0,0.0,0.0,0.0,0.0,0.0,15.232,67.176,0.0,49.5,0.0,2017,11,17,4
2017-11-18,1914.96,171.808,6.368,61.12,0.0,557.068,0.0,0.0,0.0,0.0,48.848,0.0,19.648,61.192,1117.92,0.0,0.0,2017,11,18,5
2017-11-19,0.0,63.7,35.760000000000005,44.036,0.0,0.0,0.0,40.968,58.368,34.288000000000004,0.0,0.0,55.118,71.96,234.26399999999998,0.0,0.0,2017,11,19,6
2017-11-20,283.86400000000003,39.0,0.0,150.365,376.538,318.43,0.0,0.0,19.096,7.068,33.116,0.0,339.326,1463.81,39.72,0.0,0.0,2017,11,20,0
2017-11-21,81.576,0.0,0.0,0.0,113.568,322.69,0.0,0.0,0.0,77.952,0.0,30.345,124.25200000000001,404.94,21.568,0.0,0.0,2017,11,21,1
2017-11-22,24.032,0.0,44.436,206.608,0.0,0.0,0.0,0.0,0.0,39.88,2.088,0.0,0.0,0.0,0.0,0.0,0.0,2017,11,22,2
2017-11-23,0.0,0.0,0.0,0.0,0.0,0.0,0.0,0.0,15.8,84.81599999999999,0.0,0.0,0.0,0.0,0.0,0.0,0.0,2017,11,23,3
2017-11-24,1840.748,42.384,14.04,1237.176,339.92,1684.752,0.0,40.752,8.760000000000002,299.96,0.0,0.0,127.704,691.072,41.92,25.35,0.0,2017,11,24,4
2017-11-25,219.976,0.0,0.0,473.88800000000003,0.0,194.352,0.0,0.0,0.0,0.0,0.0,4819.905,5.08,59.98,636.76,0.0,1568.61,2017,11,25,5
2017-11-26,59.97,64.96,55.026,215.245,3406.664,0.0,0.0,0.0,0.0,595.38,0.0,3040.0,84.34,494.982,0.0,0.0,313.176,2017,11,26,6
2017-11-27,97.35,167.292,0.0,152.0,0.0,0.0,0.0,0.0,0.0,31.56,0.0,0.0,0.0,388.752,137.792,0.0,331.023,2017,11,27,0
2017-11-28,101.7,0.0,0.0,21.482,0.0,530.472,0.0,0.0,12.672,0.0,0.0,0.0,0.0,340.182,2421.864,0.0,0.0,2017,11,28,1
2017-11-29,58.416,0.0,0.0,0.0,0.0,0.0,0.0,0.0,0.0,242.176,0.0,0.0,0.0,0.0,0.0,0.0,0.0,2017,11,29,2
2017-11-30,0.0,0.0,0.0,0.0,0.0,389.97,0.0,0.0,0.0,0.0,0.0,0.0,47.12,36.192,496.86,0.0,0.0,2017,11,30,3
2017-12-01,0.0,3018.148,27.744,88.08,0.0,1258.096,0.0,22.92,0.0,177.16,0.0,0.0,71.82,1181.838,1112.94,40.7,366.009,2017,12,1,4
2017-12-02,165.6,59.7,0.0,695.136,781.864,0.0,0.0,0.0,0.0,86.94,0.0,0.0,152.156,629.95,2113.27,0.0,0.0,2017,12,2,5
2017-12-03,1649.95,394.816,21.92,18.192,205.666,572.626,0.0,0.0,0.0,111.9,6.3,0.0,182.72,0.0,855.03,0.0,1250.696,2017,12,3,6
2017-12-04,78.15,0.0,0.0,17.256,0.0,0.0,0.0,0.0,0.0,113.79,0.0,0.0,145.41,0.0,589.6800000000001,0.0,0.0,2017,12,4,0
2017-12-05,0.0,0.0,37.456,579.5260000000001,81.94,1951.84,0.0,0.0,0.0,191.82,11.952,0.0,0.0,1234.4,1050.0,0.0,0.0,2017,12,5,1
2017-12-06,0.0,0.0,0.0,1298.112,0.0,0.0,479.984,35.89,0.0,0.0,0.0,0.0,457.22,588.768,0.0,0.0,0.0,2017,12,6,2
2017-12-08,84.672,0.0,8.56,12.957,405.86,680.01,0.0,0.0,0.0,190.92,0.0,0.0,55.944,1462.078,386.43,0.0,1421.664,2017,12,8,4
2017-12-09,79.02,126.625,28.788,276.86600000000004,0.0,0.0,0.0,0.0,0.0,0.0,125.81,0.0,9.392,51.58,0.0,20.568,1136.8339999999998,2017,12,9,5
2017-12-10,44.75,100.44,0.0,833.5120000000001,0.0,1746.468,0.0,361.92,0.0,0.0,0.0,0.0,285.56,0.0,80.58,0.0,0.0,2017,12,10,6
2017-12-11,555.76,544.092,29.992,373.968,0.0,1226.27,0.0,0.0,15.26,14.8,0.0,0.0,30.98,1633.094,443.788,13.52,1220.7259999999999,2017,12,11,0
2017-12-12,633.902,56.52,13.9,18.693,0.0,0.0,0.0,0.0,0.0,417.12,0.0,0.0,49.12,657.93,26.86,0.0,0.0,2017,12,12,1
2017-12-13,63.88,0.0,9.84,6.096,0.0,0.0,0.0,0.0,0.0,0.0,0.0,0.0,0.0,0.0,0.0,0.0,1114.272,2017,12,13,2
2017-12-14,0.0,0.0,0.0,23.12,0.0,81.424,0.0,0.0,21.48,530.3,5.76,0.0,14.62,0.0,151.95000000000002,0.0,0.0,2017,12,14,3
2017-12-15,0.0,87.168,0.0,2.214,0.0,0.0,0.0,0.0,0.0,14.76,0.0,0.0,19.44,0.0,296.37,0.0,2217.135,2017,12,15,4
2017-12-16,21.21,34.944,0.0,4.788,0.0,563.92,0.0,0.0,3.68,0.0,0.0,0.0,0.0,0.0,0.0,0.0,0.0,2017,12,16,5
2017-12-17,165.6,0.0,0.0,9917.644,0.0,0.0,0.0,0.0,0.0,0.0,0.0,0.0,51.84,0.0,46.53,0.0,2003.52,2017,12,17,6
2017-12-18,957.886,194.528,18.688,2093.278,0.0,563.94,0.0,0.0,0.0,242.60000000000002,15.936,0.0,50.528000000000006,95.656,900.08,1540.78,377.45,2017,12,18,0
2017-12-19,0.0,0.0,3.52,51.70199999999999,0.0,0.0,0.0,0.0,0.0,303.92,0.0,0.0,0.0,0.0,0.0,0.0,455.97,2017,12,19,1
2017-12-20,66.3,0.0,0.0,15.42,0.0,0.0,0.0,0.0,0.0,18.92,0.0,0.0,33.9,0.0,0.0,0.0,0.0,2017,12,20,2
2017-12-22,0.0,0.0,0.0,112.264,0.0,0.0,0.0,0.0,0.0,919.3040000000001,0.0,11.56,0.0,0.0,0.0,0.0,0.0,2017,12,22,4
2017-12-23,0.0,0.0,13.02,5.553,141.372,0.0,1999.96,61.96,24.85,861.468,45.36,0.0,93.80799999999999,2373.306,1345.2,0.0,0.0,2017,12,23,5
2017-12-24,255.68,0.0,0.0,27.882,0.0,0.0,0.0,39.76,0.0,843.52,0.0,0.0,33.4,197.97,540.048,0.0,0.0,2017,12,24,6
2017-12-25,800.14,0.0,19.89,33.568,0.0,4176.022,0.0,0.0,0.0,364.97,0.0,269.97,151.68,2575.944,0.0,0.0,2095.871,2017,12,25,0
2017-12-26,89.97,53.11,65.298,4.992,0.0,359.29200000000003,0.0,0.0,0.0,0.0,0.0,0.0,33.9,302.384,0.0,17.76,902.712,2017,12,26,1
2017-12-27,40.0,0.0,0.0,0.0,0.0,845.488,0.0,0.0,17.184,0.0,22.77,0.0,34.048,0.0,0.0,0.0,0.0,2017,12,27,2
2017-12-29,0.0,81.96,0.0,52.128,0.0,754.45,0.0,27.792,0.0,70.56,0.0,0.0,248.8,0.0,14.03,27.96,0.0,2017,12,29,4
2017-12-30,0.0,0.0,16.52,13.308,0.0,170.786,0.0,0.0,0.0,0.0,5.904,0.0,72.224,0.0,481.32,13.712,0.0,2017,12,30,5
2017-12-31,0.0,0.0,51.256,198.144,0.0,0.0,0.0,0.0,0.0,0.0,0.0,0.0,23.48,302.376,156.512,0.0,0.0,2017,12,31,6
2018-01-01,0.0,15.224,12.736,23.817999999999998,0.0,310.744,0.0,0.0,0.0,664.746,0.0,0.0,0.0,0.0,454.56,0.0,0.0,2018,1,1,0
2018-01-02,16.59,5.432,31.744,44.513999999999996,0.0,0.0,0.0,0.0,0.0,0.0,0.0,695.7,0.0,0.0,372.144,0.0,913.43,2018,1,2,1
2018-01-03,0.0,0.0,9.12,2022.272,0.0,0.0,0.0,0.0,0.0,0.0,0.0,0.0,38.88,0.0,0.0,0.0,0.0,2018,1,3,2
2018-01-06,0.0,0.0,0.0,33.74,0.0,0.0,0.0,0.0,0.0,0.0,0.0,0.0,0.0,0.0,0.0,0.0,0.0,2018,1,6,5
2018-01-07,0.0,0.0,0.0,2.808,0.0,0.0,0.0,0.0,7.89,0.0,0.0,3059.982,0.0,0.0,214.8,110.11,0.0,2018,1,7,6
2018-01-08,0.0,0.0,0.0,0.0,0.0,0.0,0.0,0.0,0.0,0.0,0.0,0.0,0.0,0.0,0.0,0.0,892.98,2018,1,8,0
2018-01-09,0.0,0.0,0.0,274.491,0.0,0.0,0.0,0.0,0.0,0.0,0.0,0.0,0.0,0.0,0.0,0.0,0.0,2018,1,9,1
2018-01-12,0.0,0.0,0.0,760.98,0.0,0.0,0.0,9.78,0.0,37.68,0.0,0.0,40.08,0.0,0.0,0.0,0.0,2018,1,12,4
2018-01-13,0.0,0.0,209.94,0.0,212.94,0.0,0.0,0.0,0.0,0.0,0.0,0.0,32.4,0.0,0.0,4164.05,0.0,2018,1,13,5
2018-01-14,169.064,0.0,0.0,8.478,0.0,0.0,0.0,40.08,0.0,0.0,0.0,0.0,191.188,119.904,168.624,0.0,0.0,2018,1,14,6
2018-01-15,110.576,1958.544,21.4,37.06,0.0,0.0,0.0,0.0,0.0,0.0,0.0,0.0,12.7,0.0,0.0,0.0,0.0,2018,1,15,0
2018-01-16,0.0,0.0,0.0,5443.96,0.0,302.67,0.0,0.0,0.0,27.92,0.0,0.0,56.07,0.0,0.0,0.0,399.672,2018,1,16,1
2018-01-19,0.0,542.94,0.0,0.0,0.0,887.271,0.0,2.04,0.0,31.968,6.0,0.0,113.896,429.6,0.0,0.0,0.0,2018,1,19,4
2018-01-20,0.0,0.0,27.72,0.0,0.0,207.846,0.0,0.0,0.0,0.0,11.52,0.0,0.0,520.752,0.0,0.0,0.0,2018,1,20,5
2018-01-21,799.9200000000001,0.0,0.0,286.056,84.98,0.0,0.0,268.576,0.0,0.0,0.0,350.973,0.0,164.99,591.148,0.0,0.0,2018,1,21,6
2018-01-22,0.0,0.0,7.872,0.0,0.0,0.0,2999.95,0.0,15.12,0.0,0.0,0.0,11.96,0.0,1177.47,0.0,0.0,2018,1,22,0
2018-01-23,95.984,0.0,0.0,24.618,0.0,0.0,0.0,0.0,0.0,0.0,0.0,0.0,32.400000000000006,86.352,0.0,0.0,210.98,2018,1,23,1
2018-01-24,0.0,25.86,0.0,276.784,0.0,0.0,0.0,0.0,5.67,0.0,0.0,0.0,0.0,110.352,0.0,0.0,0.0,2018,1,24,2
2018-01-26,0.0,0.0,15.47,7.16,0.0,0.0,0.0,0.0,11.84,62.72,0.0,0.0,0.0,2939.93,18.16,0.0,0.0,2018,1,26,4
2018-01-27,71.976,0.0,14.016,0.0,0.0,0.0,0.0,0.0,0.0,0.0,0.0,0.0,0.0,245.922,0.0,0.0,0.0,2018,1,27,5
2018-01-28,689.88,0.0,0.0,0.0,0.0,0.0,0.0,0.0,0.0,37.74,0.0,0.0,279.9,0.0,0.0,0.0,0.0,2018,1,28,6
2018-01-29,0.0,0.0,13.108,131.744,0.0,0.0,0.0,0.0,0.0,0.0,5.22,0.0,0.0,0.0,0.0,8.57,0.0,2018,1,29,0
2018-01-30,0.0,0.0,71.204,58.34,0.0,539.9200000000001,0.0,0.0,0.0,34.58,0.0,0.0,0.0,2814.9359999999997,129.3,31.68,69.375,2018,1,30,1
2018-02-02,0.0,46.8,0.0,30.96,0.0,0.0,0.0,0.0,21.456,296.84000000000003,0.0,239.984,78.304,59.97,139.04,0.0,0.0,2018,2,2,4
2018-02-03,0.0,0.0,0.0,9.111,0.0,0.0,0.0,0.0,0.0,22.2,0.0,0.0,605.4639999999999,0.0,285.552,0.0,0.0,2018,2,3,5
2018-02-04,0.0,32.67,0.0,0.0,0.0,0.0,0.0,0.0,0.0,0.0,0.0,0.0,0.0,0.0,0.0,0.0,0.0,2018,2,4,6
2018-02-05,0.0,1640.7,7.12,243.992,0.0,0.0,0.0,0.0,0.0,0.0,0.0,0.0,0.0,371.2,0.0,0.0,0.0,2018,2,5,0
2018-02-06,0.0,0.0,0.0,46.24,600.754,0.0,0.0,0.0,0.0,0.0,0.0,0.0,29.9,227.46,0.0,0.0,0.0,2018,2,6,1
2018-02-09,127.984,12.992,0.0,252.784,0.0,0.0,0.0,0.0,0.0,25.104,0.0,0.0,0.0,0.0,354.9,0.0,0.0,2018,2,9,4
2018-02-10,0.0,0.0,0.0,0.0,203.983,0.0,0.0,0.0,0.0,0.0,0.0,0.0,23.12,0.0,0.0,0.0,0.0,2018,2,10,5
2018-02-11,0.0,0.0,0.0,21.336,0.0,963.136,0.0,0.0,0.0,147.568,20.7,0.0,0.0,88.776,0.0,0.0,0.0,2018,2,11,6
2018-02-13,799.96,90.64,17.34,0.0,0.0,0.0,0.0,0.0,0.0,107.53,0.0,0.0,17.94,0.0,0.0,25.02,0.0,2018,2,13,1
2018-02-16,0.0,0.0,28.032,0.0,0.0,600.558,0.0,0.0,18.368,7.692,0.0,0.0,37.94,14.99,629.862,0.0,0.0,2018,2,16,4
2018-02-17,0.0,0.0,175.44,5.715,89.0664,899.43,0.0,0.0,0.0,30.144,0.0,0.0,11.76,649.8820000000001,166.45,0.0,936.9300000000001,2018,2,17,5
2018-02-18,109.53,0.0,0.0,0.0,0.0,0.0,0.0,0.0,0.0,0.0,9.82,0.0,0.0,167.976,0.0,0.0,0.0,2018,2,18,6
2018-02-19,0.0,1245.86,12.84,0.0,0.0,0.0,0.0,0.0,11.22,44.67,0.0,0.0,0.0,0.0,0.0,0.0,0.0,2018,2,19,0
2018-02-20,31.992,13.11,6.56,0.0,0.0,0.0,0.0,10.64,9.432,90.934,0.0,0.0,0.0,549.544,51.168,0.0,386.91,2018,2,20,1
2018-02-21,47.904,0.0,0.0,0.0,0.0,0.0,0.0,0.0,0.0,0.0,0.0,0.0,0.0,0.0,0.0,0.0,0.0,2018,2,21,2
2018-02-23,0.0,0.0,0.0,0.0,0.0,0.0,0.0,0.0,8.4,0.0,0.0,0.0,37.44,71.96,0.0,0.0,0.0,2018,2,23,4
2018-02-24,1319.8,0.0,0.0,4.956,0.0,0.0,0.0,0.0,0.0,0.0,0.0,0.0,123.92,0.0,0.0,0.0,0.0,2018,2,24,5
2018-02-25,0.0,0.0,0.0,1.788,231.92,196.784,0.0,0.0,0.0,0.0,0.0,0.0,0.0,0.0,0.0,0.0,0.0,2018,2,25,6
2018-02-26,0.0,438.71000000000004,0.0,0.0,0.0,892.224,0.0,0.0,0.0,0.0,0.0,0.0,247.04,889.536,0.0,0.0,0.0,2018,2,26,0
2018-02-28,0.0,0.0,0.0,9.84,0.0,0.0,0.0,0.0,0.0,0.0,0.0,0.0,7.78,0.0,0.0,0.0,0.0,2018,2,28,2
2018-03-02,479.94,0.0,59.52,138.954,441.96,0.0,0.0,57.96,0.0,0.0,0.0,0.0,68.04,196.776,0.0,6.976,0.0,2018,3,2,4
2018-03-03,1149.42,72.8,0.0,0.0,0.0,351.332,0.0,0.0,0.0,0.0,0.0,0.0,26.88,0.0,0.0,0.0,399.672,2018,3,3,5
2018-03-04,0.0,0.0,9.32,0.0,0.0,0.0,0.0,15.25,0.0,103.5,2.464,0.0,89.568,0.0,8.72,0.0,0.0,2018,3,4,6
2018-03-05,299.97,262.24,0.0,381.01,0.0,0.0,0.0,42.68,7.9,0.0,25.06,0.0,0.0,0.0,221.16,0.0,0.0,2018,3,5,0
2018-03-06,0.0,0.0,87.368,14.976,0.0,0.0,0.0,0.0,0.0,71.97,16.448,0.0,313.31,206.384,67.78,0.0,0.0,2018,3,6,1
2018-03-07,49.08,0.0,0.0,25.92,0.0,0.0,0.0,0.0,0.0,0.0,91.59,0.0,0.0,0.0,0.0,0.0,0.0,2018,3,7,2
2018-03-08,0.0,647.84,3.36,171.2,0.0,0.0,0.0,0.0,0.0,0.0,20.7,0.0,0.0,0.0,0.0,0.0,0.0,2018,3,8,3
2018-03-09,199.98,0.0,0.0,30.84,0.0,0.0,479.984,0.0,0.0,0.0,0.0,0.0,0.0,0.0,0.0,0.0,0.0,2018,3,9,4
2018-03-10,111.96,48.784,5.248,13.092,0.0,0.0,0.0,0.0,0.0,50.568,0.0,0.0,0.0,89.892,0.0,0.0,933.408,2018,3,10,5
2018-03-11,63.88,0.0,0.0,908.2139999999999,0.0,0.0,0.0,0.0,0.0,26.72,0.0,0.0,0.0,776.85,43.28,0.0,154.764,2018,3,11,6
2018-03-12,0.0,0.0,0.0,40.41,0.0,0.0,0.0,0.0,0.0,0.0,0.0,0.0,0.0,69.93,242.94,0.0,0.0,2018,3,12,0
2018-03-13,214.95,465.16,49.216,205.18,0.0,89.768,959.984,0.0,0.0,0.0,0.0,209.986,690.822,482.988,90.8,1332.496,0.0,2018,3,13,1
2018-03-14,0.0,0.0,0.0,0.0,0.0,0.0,0.0,0.0,0.0,0.0,0.0,0.0,0.0,49.616,0.0,0.0,0.0,2018,3,14,2
2018-03-16,159.984,140.67,0.0,95.33699999999999,0.0,0.0,0.0,0.0,0.0,51.264,0.0,0.0,6.48,1149.792,410.854,0.0,0.0,2018,3,16,4
2018-03-17,128.66,0.0,59.1,40.376,0.0,0.0,0.0,0.0,0.0,0.0,30.668,0.0,10.272,119.7,153.97,0.0,0.0,2018,3,17,5
2018-03-18,27.816,93.548,83.932,182.994,0.0,0.0,0.0,19.4,0.0,82.524,0.0,0.0,0.0,537.544,0.0,0.0,0.0,2018,3,18,6
2018-03-19,299.5,381.36,0.0,61.944,0.0,0.0,0.0,0.0,0.0,30.93,28.91,0.0,0.0,657.504,0.0,0.0,697.16,2018,3,19,0
2018-03-20,503.93,0.0,0.0,0.0,0.0,0.0,0.0,0.0,0.0,2.91,0.0,0.0,392.728,0.0,0.0,0.0,0.0,2018,3,20,1
2018-03-21,0.0,64.384,0.0,50.016000000000005,0.0,1805.88,0.0,8.856,13.02,22.14,0.0,0.0,283.17999999999995,0.0,1085.16,0.0,0.0,2018,3,21,2
2018-03-23,0.0,0.0,0.0,34.76,0.0,0.0,13999.96,0.0,0.0,211.84,0.0,0.0,45.72,0.0,176.208,347.58,0.0,2018,3,23,4
2018-03-24,26.0,0.0,0.0,0.0,0.0,479.61,0.0,47.01,0.0,0.0,0.0,0.0,221.92,469.99,12.768,0.0,0.0,2018,3,24,5
2018-03-25,0.0,176.04,50.17,185.92,0.0,1986.52,479.984,0.0,0.0,0.0,0.0,0.0,6.848,681.544,0.0,0.0,0.0,2018,3,25,6
2018-03-26,197.21,87.168,19.83,0.0,257.568,0.0,2399.96,0.0,3.76,60.84,0.0,0.0,74.352,119.96,32.232,0.0,0.0,2018,3,26,0
2018-03-27,39.992,0.0,0.0,17.76,1023.332,811.804,0.0,0.0,0.0,15.008,8.26,0.0,186.22,206.1,332.94,0.0,292.1,2018,3,27,1
2018-03-28,0.0,0.0,0.0,68.742,0.0,0.0,0.0,0.0,0.0,48.04,0.0,532.72,59.72,0.0,795.48,0.0,0.0,2018,3,28,2
2018-03-29,0.0,0.0,0.0,0.0,0.0,0.0,0.0,0.0,0.0,0.0,0.0,0.0,0.0,0.0,81.4,0.0,0.0,2018,3,29,3
2018-03-30,0.0,0.0,6.08,5.715,0.0,0.0,0.0,325.86,0.0,94.2,0.0,0.0,0.0,164.792,59.76,0.0,0.0,2018,3,30,4
2018-03-31,0.0,33.62,0.0,112.128,205.3328,0.0,2999.95,0.0,0.0,90.78,0.0,0.0,75.04,1434.46,0.0,29.7,0.0,2018,3,31,5
2018-04-01,0.0,20.808,0.0,121.68,482.664,218.352,0.0,28.4,0.0,127.95,12.044,4799.984,42.93,23.976,94.2,0.0,0.0,2018,4,1,6
2018-04-02,360.0,0.0,11.12,0.0,0.0,0.0,0.0,0.0,0.0,25.11,14.94,0.0,0.0,0.0,0.0,0.0,411.8,2018,4,2,0
2018-04-03,0.0,0.0,7.056,0.0,0.0,0.0,0.0,0.0,0.0,25.472,0.0,0.0,0.0,0.0,0.0,0.0,0.0,2018,4,3,1
2018-04-04,0.0,0.0,7.04,0.0,0.0,0.0,0.0,16.98,0.0,0.0,0.0,0.0,0.0,544.0799999999999,0.0,240.37,0.0,2018,4,4,2
2018-04-06,0.0,0.0,0.0,8.1,0.0,0.0,0.0,0.0,0.0,0.0,0.0,0.0,106.32,0.0,0.0,0.0,0.0,2018,4,6,4
2018-04-07,617.976,0.0,16.256,5.328,0.0,0.0,0.0,0.0,0.0,258.072,0.0,0.0,0.0,219.184,0.0,0.0,854.4745,2018,4,7,5
2018-04-08,0.0,41.95,0.0,2690.97,0.0,0.0,0.0,0.0,0.0,637.1399999999999,0.0,0.0,440.31,0.0,2591.56,0.0,0.0,2018,4,8,6
2018-04-09,0.0,0.0,35.97,533.566,0.0,0.0,0.0,0.0,0.0,0.0,33.58,0.0,521.784,0.0,501.81,0.0,0.0,2018,4,9,0
2018-04-10,195.726,195.104,0.0,4.419,0.0,0.0,0.0,0.0,7.16,48.992,0.0,0.0,17.978,0.0,286.15,0.0,0.0,2018,4,10,1
2018-04-11,227.07,0.0,64.604,11.364,0.0,0.0,0.0,0.0,0.0,0.0,0.0,0.0,0.0,0.0,16.768,0.0,0.0,2018,4,11,2
2018-04-12,0.0,0.0,0.0,29.7,0.0,0.0,0.0,0.0,0.0,0.0,0.0,0.0,39.96,0.0,0.0,0.0,0.0,2018,4,12,3
2018-04-13,0.0,0.0,0.0,895.92,0.0,436.704,0.0,0.0,7.92,0.0,0.0,0.0,5.28,0.0,0.0,0.0,0.0,2018,4,13,4
2018-04-14,0.0,0.0,104.448,19.536,440.624,0.0,0.0,0.0,0.0,74.45,0.0,0.0,13.872,0.0,0.0,0.0,0.0,2018,4,14,5
2018-04-15,0.0,0.0,4.89,15.57,0.0,0.0,0.0,0.0,0.0,196.45,0.0,0.0,115.428,0.0,0.0,0.0,0.0,2018,4,15,6
2018-04-16,25.98,40.74,16.52,42.652,102.833,0.0,0.0,0.0,0.0,0.0,0.0,0.0,0.0,0.0,238.464,477.24,0.0,2018,4,16,0
2018-04-17,274.89,0.0,0.0,42.588,0.0,218.352,0.0,0.0,10.9,60.312,30.419999999999998,2549.985,48.876000000000005,0.0,195.136,0.0,0.0,2018,4,17,1
2018-04-20,0.0,0.0,15.76,183.42000000000002,0.0,317.058,0.0,0.0,0.0,153.336,0.0,0.0,0.0,0.0,384.04,0.0,0.0,2018,4,20,4
2018-04-21,59.516,97.264,0.0,5.628,0.0,908.82,0.0,0.0,0.0,162.6,0.0,0.0,20.736,0.0,0.0,0.0,0.0,2018,4,21,5
2018-04-22,0.0,0.0,0.0,0.0,0.0,0.0,0.0,0.0,0.0,272.632,0.0,0.0,0.0,0.0,675.06,0.0,0.0,2018,4,22,6
2018-04-23,200.748,121.94,0.0,104.64,387.136,0.0,0.0,18.688,0.0,180.11599999999999,3.0,0.0,5.344,0.0,0.0,177.60999999999999,0.0,2018,4,23,0
2018-04-24,69.98,99.28,0.0,19.136,0.0,0.0,0.0,0.0,1.81,0.0,0.0,0.0,0.0,552.0,186.352,0.0,0.0,2018,4,24,1
2018-04-25,107.97,0.0,118.864,87.24799999999999,344.981,0.0,0.0,0.0,0.0,0.0,0.0,0.0,19.05,0.0,0.0,0.0,0.0,2018,4,25,2
2018-04-26,0.0,0.0,0.0,0.0,0.0,0.0,0.0,0.0,0.0,1.988,39.28,0.0,20.34,0.0,0.0,0.0,0.0,2018,4,26,3
2018-04-27,0.0,0.0,183.61,0.0,220.2656,0.0,0.0,0.0,0.0,139.58,33.12,0.0,0.0,0.0,0.0,0.0,0.0,2018,4,27,4
2018-04-28,0.0,28.08,6.848,0.0,0.0,0.0,0.0,0.0,0.0,0.0,0.0,0.0,0.0,751.984,8.384,0.0,0.0,2018,4,28,5
2018-04-29,0.0,0.0,0.0,0.0,0.0,0.0,0.0,0.0,0.0,0.0,4.91,0.0,0.0,0.0,0.0,0.0,1048.35,2018,4,29,6
2018-04-30,2.376,0.0,25.308,85.35,0.0,0.0,0.0,93.52,0.0,309.344,22.32,0.0,174.328,677.58,0.0,0.0,0.0,2018,4,30,0
2018-05-01,48.9,0.0,0.0,0.0,314.352,2803.92,0.0,0.0,0.0,0.0,4.608,0.0,0.0,0.0,0.0,3.328,933.262,2018,5,1,1
2018-05-02,159.56,0.0,59.52,0.0,0.0,0.0,0.0,0.0,0.0,129.93,0.0,0.0,50.099999999999994,0.0,0.0,0.0,0.0,2018,5,2,2
2018-05-03,0.0,0.0,22.96,90.58800000000001,0.0,0.0,0.0,0.0,8.0,32.448,0.0,0.0,25.92,0.0,832.96,0.0,373.47,2018,5,3,3
2018-05-04,0.0,0.0,0.0,13.911000000000001,0.0,0.0,0.0,0.0,0.0,0.0,0.0,0.0,59.12,183.96,588.35,0.0,300.904,2018,5,4,4
2018-05-05,0.0,0.0,0.0,44.052,89.991,0.0,0.0,44.4,0.0,0.0,0.0,0.0,6.68,0.0,0.0,0.0,0.0,2018,5,5,5
2018-05-06,408.744,152.94,61.068,79.601,623.4648,0.0,0.0,0.0,0.0,0.0,181.32,0.0,84.416,627.168,772.68,0.0,0.0,2018,5,6,6
2018-05-07,79.99,87.444,0.0,0.0,0.0,1962.0900000000001,0.0,0.0,0.0,0.0,0.0,0.0,0.0,419.944,0.0,0.0,0.0,2018,5,7,0
2018-05-08,0.0,81.08,0.0,0.0,0.0,176.04999999999998,3359.952,0.0,0.0,0.0,0.0,0.0,41.472,0.0,0.0,0.0,0.0,2018,5,8,1
2018-05-09,199.98,0.0,0.0,147.92,0.0,207.0,0.0,65.232,0.0,0.0,0.0,0.0,0.0,0.0,171.24,0.0,286.85,2018,5,9,2
2018-05-11,0.0,0.0,49.168,26.032,209.979,0.0,0.0,0.0,0.0,7.996,37.59,0.0,44.288,0.0,74.416,0.0,0.0,2018,5,11,4
2018-05-12,87.4,7.77,10.272,53.408,0.0,0.0,0.0,0.0,0.0,42.85,12.064,0.0,87.6,0.0,127.92,255.62,285.48,2018,5,12,5
2018-05-13,0.0,20.768,0.0,1214.49,0.0,458.43,0.0,180.96,0.0,0.0,58.48,0.0,14.94,587.97,530.34,0.0,0.0,2018,5,13,6
2018-05-14,1489.9,0.0,101.86000000000001,58.17,0.0,1161.3899999999999,0.0,48.69,0.0,18.28,79.04,0.0,589.79,547.962,22.58,64.4,0.0,2018,5,14,0
2018-05-15,0.0,0.0,0.0,4.752,0.0,263.584,0.0,0.0,0.0,39.96,0.0,0.0,72.256,40.711999999999996,0.0,0.0,0.0,2018,5,15,1
2018-05-16,0.0,0.0,0.0,0.0,0.0,0.0,0.0,0.0,0.0,0.0,0.0,0.0,0.0,0.0,221.024,0.0,0.0,2018,5,16,2
2018-05-18,36.048,724.1,0.0,169.048,302.94,0.0,0.0,0.0,0.0,39.06,0.0,0.0,0.0,550.384,8.928,0.0,0.0,2018,5,18,4
2018-05-19,404.09000000000003,378.5,9.1,159.28,1628.82,995.76,0.0,0.0,0.0,0.0,13.216,0.0,548.474,781.942,0.0,0.0,0.0,2018,5,19,5
2018-05-20,0.0,64.9,179.36,49.568,0.0,518.272,0.0,0.0,7.41,6.98,0.0,343.2,0.0,1123.128,704.76,0.0,0.0,2018,5,20,6
2018-05-21,0.0,0.0,17.97,0.0,0.0,0.0,0.0,0.0,0.0,520.05,0.0,0.0,0.0,0.0,0.0,0.0,0.0,2018,5,21,0
2018-05-22,68.46,0.0,62.18,1.592,0.0,181.986,0.0,0.0,0.0,0.0,0.0,0.0,0.0,0.0,0.0,22.344,0.0,2018,5,22,1
2018-05-23,0.0,18.32,0.0,1.188,0.0,0.0,0.0,0.0,1.824,0.0,0.0,0.0,0.0,0.0,48.816,0.0,171.288,2018,5,23,2
2018-05-25,120.0,0.0,0.0,693.76,0.0,0.0,0.0,0.0,3.29,18.84,0.0,0.0,0.0,0.0,50.136,0.0,0.0,2018,5,25,4
2018-05-26,23.08,208.44,0.0,0.0,0.0,0.0,0.0,0.0,0.0,0.0,0.0,0.0,12.96,0.0,0.0,25.76,0.0,2018,5,26,5
2018-05-27,125.352,0.0,31.44,70.4,0.0,0.0,0.0,0.0,0.0,512.3,0.0,0.0,25.92,842.346,477.15,0.0,0.0,2018,5,27,6
2018-05-28,271.968,125.13,0.0,3.564,115.96,408.82899999999995,0.0,0.0,0.0,274.9,0.0,0.0,29.424,250.328,0.0,0.0,0.0,2018,5,28,0
2018-05-29,0.0,465.16,0.0,43.41,0.0,0.0,0.0,0.0,23.55,71.664,0.0,0.0,33.900000000000006,0.0,53.424,0.0,0.0,2018,5,29,1
2018-05-30,35.36,0.0,35.1,3.89,446.6264,0.0,0.0,0.0,0.0,21.602,0.0,0.0,37.52,156.792,0.0,0.0,0.0,2018,5,30,2
2018-06-01,0.0,17.48,0.0,57.698,0.0,0.0,0.0,0.0,0.0,0.0,0.0,0.0,27.744,158.376,324.744,0.0,0.0,2018,6,1,4
2018-06-02,0.0,0.0,0.0,0.0,0.0,0.0,0.0,43.92,0.0,0.0,0.0,0.0,61.376000000000005,2.97,27.44,0.0,0.0,2018,6,2,5
2018-06-03,1460.642,29.672,0.0,8.466000000000001,241.568,0.0,0.0,0.0,0.0,35.168,0.0,78.66,72.872,503.96,136.26,0.0,384.768,2018,6,3,6
2018-06-04,0.0,0.0,8.64,123.99000000000001,0.0,0.0,0.0,0.0,0.0,62.32,0.0,0.0,12.48,71.984,0.0,0.0,0.0,2018,6,4,0
2018-06-05,0.0,0.0,0.0,0.0,0.0,0.0,0.0,0.0,0.0,0.0,0.0,0.0,20.736,470.376,0.0,0.0,0.0,2018,6,5,1
2018-06-06,0.0,0.0,0.0,0.0,0.0,0.0,0.0,0.0,0.0,4.95,0.0,0.0,0.0,0.0,26.4,0.0,0.0,2018,6,6,2
2018-06-08,89.544,1.624,0.0,95.124,1497.666,0.0,0.0,0.0,0.0,0.0,0.0,0.0,85.056,399.096,35.168,23.76,0.0,2018,6,8,4
2018-06-09,0.0,0.0,0.0,0.0,0.0,0.0,0.0,0.0,0.0,23.976,0.0,0.0,85.472,0.0,720.76,0.0,108.925,2018,6,9,5
2018-06-10,132.52,0.0,39.5,0.0,514.165,0.0,0.0,0.0,14.13,0.0,41.160000000000004,0.0,40.032,368.736,1363.1,0.0,0.0,2018,6,10,6
2018-06-11,0.0,61.44,107.67200000000001,22.86,174.42,280.792,0.0,0.0,0.0,0.0,0.0,385.8,160.91,0.0,387.0,0.0,0.0,2018,6,11,0
2018-06-12,63.92,0.0,64.14,104.328,0.0,858.24,0.0,0.0,0.0,25.944000000000003,0.0,0.0,38.480000000000004,71.976,0.0,0.0,452.94,2018,6,12,1
2018-06-13,0.0,0.0,181.86,0.0,0.0,761.4380000000001,0.0,0.0,0.0,0.0,0.0,0.0,0.0,47.984,164.736,0.0,0.0,2018,6,13,2
2018-06-15,0.0,76.608,23.82,0.0,77.728,698.352,0.0,0.0,0.0,31.168,44.4,0.0,109.3,2647.848,227.32600000000002,0.0,120.96,2018,6,15,4
2018-06-16,479.952,180.66,37.936,5.936,0.0,1514.92,0.0,0.0,0.0,0.0,0.0,0.0,230.14,257.96999999999997,0.0,16.68,0.0,2018,6,16,5
2018-06-17,101.34,0.0,0.0,62.976,0.0,0.0,0.0,0.0,0.0,155.25,0.0,3404.5,12.224,0.0,160.382,0.0,0.0,2018,6,17,6
2018-06-18,0.0,0.0,0.0,0.0,917.9235,0.0,0.0,0.0,0.0,0.0,0.0,0.0,113.232,0.0,0.0,0.0,0.0,2018,6,18,0
2018-06-19,225.448,2.7079999999999997,0.0,6.888,0.0,760.116,0.0,0.0,0.0,38.784,0.0,0.0,243.99599999999998,0.0,153.584,11.184,457.485,2018,6,19,1
2018-06-20,389.91999999999996,0.0,5.248,51.312,0.0,0.0,0.0,0.0,0.0,0.0,9.82,0.0,63.504,503.96,4.464,0.0,0.0,2018,6,20,2
2018-06-21,0.0,0.0,0.0,129.89600000000002,0.0,0.0,0.0,0.0,0.0,17.92,0.0,0.0,447.84,0.0,0.0,0.0,0.0,2018,6,21,3
2018-06-22,0.0,0.0,0.0,44.523,0.0,487.96,0.0,37.608,0.0,0.0,0.0,0.0,0.0,0.0,8.928,0.0,0.0,2018,6,22,4
2018-06-24,0.0,0.0,517.34,182.994,0.0,172.764,0.0,0.0,2.88,276.69,0.0,0.0,32.016,0.0,0.0,0.0,0.0,2018,6,24,6
2018-06-25,0.0,0.0,5.344,0.0,400.784,0.0,0.0,0.0,11.304,0.0,71.04,0.0,0.0,148.48,0.0,0.0,871.4,2018,6,25,0
2018-06-26,431.928,0.0,15.92,102.368,0.0,273.552,0.0,0.0,0.0,526.45,13.872,0.0,73.06,1688.0059999999999,1070.58,28.4,0.0,2018,6,26,1
2018-06-27,1287.45,0.0,0.0,0.0,0.0,191.646,0.0,0.0,0.0,126.3,0.0,0.0,39.510000000000005,0.0,0.0,0.0,0.0,2018,6,27,2
2018-06-29,62.31,384.332,11.68,1220.012,1048.8192,0.0,0.0,0.0,0.0,25.16,0.0,0.0,5.184,0.0,1426.49,30.69,307.314,2018,6,29,4
2018-06-30,0.0,0.0,0.0,75.792,435.999,569.058,0.0,0.0,0.0,55.974000000000004,0.0,0.0,204.95,1001.584,1333.99,0.0,1044.63,2018,6,30,5
2018-07-01,0.0,0.0,0.0,169.99,0.0,0.0,0.0,0.0,0.0,0.0,0.0,0.0,25.92,0.0,443.92,0.0,0.0,2018,7,1,6
2018-07-02,0.0,0.0,0.0,5.232,0.0,0.0,0.0,0.0,0.0,0.0,0.0,0.0,163.96,0.0,0.0,0.0,0.0,2018,7,2,0
2018-07-03,2030.6799999999998,0.0,9.552,0.0,0.0,0.0,0.0,0.0,0.0,801.53,0.0,2992.332,362.312,463.93,87.92,0.0,215.148,2018,7,3,1
2018-07-05,0.0,0.0,0.0,17.71,0.0,0.0,0.0,0.0,0.0,332.028,0.0,0.0,46.656,79.96,0.0,0.0,0.0,2018,7,5,3
2018-07-06,0.0,0.0,0.0,2.946,0.0,361.376,0.0,0.0,0.0,0.0,0.0,0.0,16.056,0.0,0.0,0.0,0.0,2018,7,6,4
2018-07-07,796.6959999999999,0.0,0.0,17.472,87.21,0.0,0.0,0.0,5.94,0.0,0.0,0.0,15.552,683.988,13.392,0.0,0.0,2018,7,7,5
2018-07-08,191.9,0.0,255.73999999999998,109.54400000000001,0.0,0.0,0.0,0.0,0.0,484.1,861.6600000000001,0.0,77.32,0.0,0.0,0.0,0.0,2018,7,8,6
2018-07-09,0.0,58.464,127.88000000000001,1.08,0.0,0.0,0.0,0.0,0.0,526.45,0.0,0.0,274.8,257.98,424.55999999999995,0.0,0.0,2018,7,9,0
2018-07-10,0.0,41.91,0.0,0.0,0.0,0.0,0.0,0.0,0.0,18.84,0.0,0.0,0.0,0.0,298.464,0.0,0.0,2018,7,10,1
2018-07-11,1420.05,168.1,30.32,29.8,0.0,0.0,0.0,0.0,0.0,0.0,8.67,0.0,0.0,71.952,0.0,0.0,0.0,2018,7,11,2
2018-07-12,0.0,0.0,0.0,0.0,0.0,0.0,0.0,0.0,0.0,0.0,0.0,0.0,3.816,0.0,0.0,0.0,0.0,2018,7,12,3
2018-07-13,0.0,0.0,0.0,0.0,0.0,0.0,0.0,0.0,0.0,91.008,0.0,0.0,13.56,39.594,360.38,0.0,0.0,2018,7,13,4
2018-07-14,140.97,0.0,85.04,4.448,0.0,0.0,0.0,0.0,4.96,692.45,0.0,0.0,9.248,2360.322,301.496,0.0,0.0,2018,7,14,5
2018-07-15,41.9,179.94,6.56,26.55,0.0,664.146,0.0,0.0,0.0,0.0,7.83,0.0,21.92,0.0,0.0,0.0,1183.383,2018,7,15,6
2018-07-16,0.0,0.0,2.912,0.0,0.0,71.372,0.0,0.0,0.0,0.0,0.0,0.0,0.0,0.0,0.0,0.0,0.0,2018,7,16,0
2018-07-17,0.0,0.0,0.0,0.0,1194.165,0.0,479.984,57.9,0.0,46.983999999999995,0.0,0.0,132.3,269.98,10.56,0.0,0.0,2018,7,17,1
2018-07-18,0.0,0.0,0.0,7.656,0.0,672.288,599.97,0.0,0.0,0.0,0.0,0.0,16.096,0.0,0.0,9.184,801.6,2018,7,18,2
2018-07-20,389.97,416.32,0.0,839.8100000000001,0.0,346.704,0.0,0.0,0.0,192.712,14.62,0.0,13.36,0.0,69.712,0.0,0.0,2018,7,20,4
2018-07-21,0.0,17.48,151.13,196.278,302.94,225.296,0.0,0.0,0.0,8.8,0.0,0.0,22.82,2180.6440000000002,222.32,231.72,124.404,2018,7,21,5
2018-07-22,0.0,0.0,0.0,0.0,0.0,526.344,0.0,0.0,0.0,0.0,0.0,0.0,0.0,29.97,0.0,0.0,0.0,2018,7,22,6
2018-07-23,559.7,0.0,133.216,42.24,0.0,0.0,0.0,0.0,0.0,0.0,41.4,0.0,121.632,0.0,0.0,0.0,0.0,2018,7,23,0
2018-07-24,0.0,0.0,0.0,0.0,0.0,0.0,2399.96,0.0,0.0,0.0,0.0,0.0,0.0,0.0,0.0,0.0,0.0,2018,7,24,1
2018-07-25,0.0,0.0,0.0,0.0,0.0,0.0,0.0,0.0,0.0,20.096,23.534,0.0,20.736,0.0,259.92,37.752,436.70399999999995,2018,7,25,2
2018-07-26,1649.95,0.0,0.0,0.0,0.0,362.352,0.0,0.0,0.0,0.0,0.0,0.0,0.0,0.0,0.0,0.0,0.0,2018,7,26,3
2018-07-27,234.95,0.0,0.0,0.0,0.0,0.0,0.0,0.0,0.0,129.802,0.0,0.0,39.16,543.92,0.0,0.0,0.0,2018,7,27,4
2018-07-28,0.0,0.0,0.0,9.984,0.0,0.0,0.0,0.0,0.0,0.0,0.0,0.0,0.0,1145.6,14.98,0.0,0.0,2018,7,28,5
2018-07-29,90.57,172.46800000000002,64.488,33.48,115.96,302.67,0.0,0.0,2.896,0.0,0.0,0.0,0.0,608.7620000000001,0.0,0.0,0.0,2018,7,29,6
2018-07-30,0.0,0.0,0.0,76.776,0.0,0.0,0.0,0.0,0.0,0.0,26.25,0.0,0.0,89.95,330.4,0.0,0.0,2018,7,30,0
2018-07-31,41.424,155.88,0.0,878.48,0.0,0.0,0.0,0.0,0.0,36.96,0.0,0.0,66.356,322.36800000000005,56.56,0.0,0.0,2018,7,31,1
2018-08-01,0.0,0.0,0.0,54.896,0.0,0.0,0.0,0.0,0.0,0.0,0.0,1439.982,36.288,367.94399999999996,186.54,0.0,0.0,2018,8,1,2
2018-08-03,39.816,0.0,0.0,0.0,183.372,0.0,0.0,0.0,0.0,123.96,51.75,0.0,0.0,0.0,115.93,0.0,0.0,2018,8,3,4
2018-08-04,0.0,0.0,0.0,3.318,0.0,0.0,0.0,8.784,0.0,0.0,0.0,0.0,7.968,0.0,0.0,0.0,0.0,2018,8,4,5
2018-08-05,79.78,0.0,0.0,125.88,0.0,0.0,0.0,0.0,0.0,0.0,133.2,0.0,13.76,0.0,151.056,0.0,0.0,2018,8,5,6
2018-08-06,0.0,0.0,227.88,0.0,145.74,0.0,0.0,0.0,0.0,15.4,24.64,0.0,115.296,824.95,0.0,70.12,0.0,2018,8,6,0
2018-08-07,319.16,1473.1,116.47999999999999,56.84,0.0,207.184,0.0,0.0,0.0,51.75,0.0,0.0,269.11,867.84,118.16,0.0,0.0,2018,8,7,1
2018-08-10,0.0,0.0,0.0,0.0,0.0,0.0,0.0,70.08,0.0,121.3,0.0,0.0,177.2,1454.49,0.0,0.0,0.0,2018,8,10,4
2018-08-11,0.0,0.0,9.184,490.37399999999997,0.0,0.0,0.0,0.0,0.0,0.0,0.0,0.0,55.584,153.584,0.0,0.0,0.0,2018,8,11,5
2018-08-12,174.95,542.94,237.42000000000002,100.704,0.0,1779.9,299.99,0.0,0.0,54.92,0.0,0.0,212.896,242.624,46.74,0.0,0.0,2018,8,12,6
2018-08-13,1.584,355.838,59.52,1650.6060000000002,0.0,423.648,0.0,14.76,24.32,31.984,17.544,0.0,0.0,0.0,31.44,31.92,0.0,2018,8,13,0
2018-08-14,0.0,0.0,16.68,0.0,0.0,0.0,0.0,0.0,0.0,0.0,5.76,0.0,0.0,0.0,0.0,0.0,418.296,2018,8,14,1
2018-08-15,0.0,97.84,0.0,0.0,0.0,0.0,0.0,0.0,0.0,0.0,50.4,0.0,0.0,0.0,1801.632,0.0,0.0,2018,8,15,2
2018-08-16,0.0,0.0,0.0,13.428,0.0,0.0,0.0,0.0,0.0,0.0,0.0,0.0,0.0,0.0,67.136,0.0,0.0,2018,8,16,3
2018-08-17,98.16,2557.154,8.016,1233.826,0.0,4953.33,0.0,23.36,0.0,16.784,0.0,0.0,8.56,71.976,540.57,5.552,0.0,2018,8,17,4
2018-08-18,2363.2400000000002,0.0,9.912,2939.8579999999997,0.0,0.0,0.0,0.0,0.0,204.38,0.0,0.0,0.0,37.91,1523.184,0.0,0.0,2018,8,18,5
2018-08-19,0.0,0.0,0.0,493.00600000000003,0.0,0.0,0.0,0.0,0.0,0.0,0.0,0.0,19.44,0.0,0.0,0.0,0.0,2018,8,19,6
2018-08-20,0.0,0.0,0.0,239.12,0.0,0.0,0.0,0.0,0.0,0.0,0.0,0.0,25.92,143.84,266.85,17.22,0.0,2018,8,20,0
2018-08-21,33.18,203.52,17.12,4454.784,0.0,1255.104,0.0,15.28,35.0,247.0,51.75,0.0,361.28,431.968,572.58,37.24,568.728,2018,8,21,1
2018-08-22,0.0,0.0,0.0,0.0,0.0,0.0,0.0,0.0,0.0,0.0,0.0,0.0,0.0,0.0,0.0,0.0,524.54,2018,8,22,2
2018-08-23,0.0,161.376,0.0,0.0,0.0,0.0,0.0,0.0,0.0,2.784,0.0,0.0,58.288,4367.896,0.0,0.0,0.0,2018,8,23,3
2018-08-24,0.0,646.272,0.0,28.416,0.0,0.0,0.0,0.0,0.0,0.0,0.0,0.0,10.368,0.0,0.0,0.0,0.0,2018,8,24,4
2018-08-25,0.0,0.0,9.728,0.0,130.98,0.0,0.0,0.0,0.0,0.0,0.0,0.0,195.584,0.0,25.696,0.0,0.0,2018,8,25,5
2018-08-26,71.98,0.0,0.0,0.0,0.0,0.0,0.0,0.0,0.0,64.96,0.0,0.0,0.0,0.0,53.72,0.0,0.0,2018,8,26,6
2018-08-27,1119.888,336.25600000000003,5.952,878.576,0.0,230.28,879.984,2.896,0.0,319.036,0.0,0.0,134.136,347.97,418.74,28.4,1488.424,2018,8,27,0
2018-08-28,0.0,91.6,5.56,99.68,0.0,0.0,0.0,0.0,0.0,0.0,0.0,0.0,52.064,35.168,0.0,21.81,1137.75,2018,8,28,1
2018-08-29,0.0,0.0,9.408,3.24,0.0,0.0,0.0,0.0,0.0,148.02,47.36,0.0,0.0,0.0,27.44,0.0,0.0,2018,8,29,2
2018-08-31,659.9,638.73,0.0,6.672,0.0,569.568,0.0,0.0,8.376,0.0,0.0,0.0,229.544,689.408,354.424,6.208,0.0,2018,8,31,4
2018-09-01,19.99,314.6,7.58,22.92,0.0,498.26,0.0,0.0,0.0,114.9,0.0,0.0,0.0,0.0,0.0,0.0,283.56,2018,9,1,5
2018-09-02,2375.43,18.568,43.99,1623.092,0.0,1498.386,0.0,0.0,16.0,26.612,104.596,0.0,256.052,1599.354,599.2,0.0,491.054,2018,9,2,6
2018-09-03,385.77000000000004,0.0,11.52,125.176,239.666,272.565,0.0,24.448,0.0,108.4,0.0,0.0,428.304,0.0,0.0,0.0,0.0,2018,9,3,0
2018-09-04,111.0,0.0,68.864,631.1379999999999,825.174,97.184,0.0,0.0,14.82,0.0,0.0,0.0,52.608000000000004,48.736000000000004,710.0540000000001,0.0,2800.624,2018,9,4,1
2018-09-05,89.568,0.0,74.74,0.0,0.0,0.0,0.0,0.0,0.0,0.0,0.0,0.0,15.552,0.0,147.184,0.0,0.0,2018,9,5,2
2018-09-07,406.944,81.568,25.98,1585.797,0.0,161.568,0.0,4.896,0.0,309.12,29.24,0.0,145.42,582.2719999999999,515.76,0.0,0.0,2018,9,7,4
2018-09-08,211.128,0.0,0.0,42.616,0.0,213.43,319.984,0.0,45.92,21.184,0.0,0.0,20.736,416.904,126.80000000000001,0.0,765.625,2018,9,8,5
2018-09-09,514.5360000000001,11.176,37.152,18.657,0.0,385.29200000000003,0.0,17.48,0.0,97.27199999999999,27.567999999999998,0.0,262.528,1931.958,1043.61,8.832,0.0,2018,9,9,6
2018-09-10,446.706,58.17,14.88,802.4680000000001,0.0,362.352,0.0,0.0,0.0,0.0,0.0,0.0,128.716,407.064,286.29,0.0,0.0,2018,9,10,0
2018-09-11,0.0,671.7360000000001,0.0,1471.96,0.0,2231.84,0.0,22.18,24.728,66.864,0.0,0.0,338.596,223.91199999999998,0.0,0.0,512.19,2018,9,11,1
2018-09-12,0.0,90.86,0.0,45.78,0.0,0.0,0.0,0.0,0.0,8.36,0.0,0.0,346.55,0.0,0.0,0.0,0.0,2018,9,12,2
2018-09-13,0.0,0.0,15.92,0.0,0.0,0.0,0.0,0.0,0.0,0.0,0.0,0.0,0.0,0.0,0.0,0.0,0.0,2018,9,13,3
2018-09-14,0.0,942.784,100.9,22.194000000000003,0.0,702.7819999999999,0.0,0.0,0.0,127.936,56.7,253.755,113.522,1079.85,70.98,0.0,0.0,2018,9,14,4
2018-09-15,59.98,108.96,159.744,2897.712,782.94,916.0640000000001,0.0,0.0,0.0,612.8599999999999,0.0,0.0,195.832,1129.45,120.57999999999998,0.0,300.904,2018,9,15,5
2018-09-16,119.96000000000001,0.0,5.98,541.6379999999999,0.0,0.0,0.0,17.568,17.9,22.512,0.0,0.0,50.1,55.992,0.0,0.0,0.0,2018,9,16,6
2018-09-17,89.97,0.0,9.912,53.943999999999996,1292.94,1042.35,0.0,0.0,0.0,0.0,14.4,480.0,284.15999999999997,1415.76,295.79,0.0,0.0,2018,9,17,0
2018-09-18,101.34,0.0,131.688,10.08,0.0,0.0,0.0,125.708,0.0,30.14,0.0,0.0,523.25,507.66,47.584,34.48,0.0,2018,9,18,1
2018-09-19,239.534,0.0,99.292,23.022,72.588,0.0,0.0,0.0,0.0,409.216,0.0,0.0,32.4,663.896,108.24,0.0,0.0,2018,9,19,2
2018-09-20,345.41,0.0,0.0,11.784,0.0,5496.174,0.0,0.0,4.36,0.0,0.0,0.0,52.28,1404.51,45.4,0.0,0.0,2018,9,20,3
2018-09-21,151.96,80.48,0.0,34.362,0.0,0.0,0.0,0.0,0.0,0.0,0.0,0.0,55.86,0.0,15.51,0.0,0.0,2018,9,21,4
2018-09-22,1284.094,0.0,17.94,782.0110000000001,241.96,0.0,0.0,13.392,0.0,12.07,27.72,0.0,259.98,478.95000000000005,67.4,4685.696,0.0,2018,9,22,5
2018-09-23,539.894,354.096,0.0,105.66399999999999,180.588,594.816,0.0,14.352,0.0,29.328,0.0,0.0,505.62399999999997,39.984,31.44,0.0,0.0,2018,9,23,6
2018-09-24,745.78,0.0,27.0,54.28,0.0,1124.384,0.0,0.0,0.0,302.856,251.694,506.28,42.504,3332.584,55.8,7.3,0.0,2018,9,24,0
2018-09-25,119.96,0.0,16.168,16.855,0.0,758.616,0.0,24.448,0.0,47.12,20.7,0.0,0.0,0.0,217.45000000000002,190.896,0.0,2018,9,25,1
2018-09-26,0.0,0.0,2.224,948.216,0.0,419.136,0.0,71.88,0.0,9.24,0.0,0.0,35.88,0.0,0.0,0.0,0.0,2018,9,26,2
2018-09-28,54.384,209.792,0.0,79.431,0.0,0.0,0.0,0.0,0.0,42.016000000000005,0.0,0.0,24.72,0.0,147.184,1.744,0.0,2018,9,28,4
2018-09-29,239.976,97.84,99.2,46.672,0.0,136.47,0.0,59.288,35.0,72.998,7.968,336.51,75.55,0.0,295.08799999999997,0.0,344.22,2018,9,29,5
2018-09-30,159.98,3.89,0.0,11.646,0.0,0.0,0.0,0.0,0.0,0.0,20.664,0.0,344.58,0.0,0.0,0.0,0.0,2018,9,30,6
2018-10-01,104.75,241.96,6.672,144.304,0.0,559.76,0.0,0.0,0.0,0.0,0.0,1704.89,216.13,0.0,0.0,0.0,0.0,2018,10,1,0
2018-10-02,0.0,37.208,152.124,257.284,217.764,0.0,0.0,0.0,8.94,226.584,0.0,369.16,69.856,150.774,1575.14,39.072,2314.116,2018,10,2,1
2018-10-03,371.97,17.92,27.27,1793.98,0.0,0.0,0.0,0.0,0.0,83.92,0.0,0.0,15.552,0.0,22.58,0.0,171.288,2018,10,3,2
2018-10-04,0.0,0.0,0.0,0.0,0.0,0.0,0.0,0.0,0.0,19.98,0.0,0.0,0.0,0.0,0.0,0.0,0.0,2018,10,4,3
2018-10-05,63.824,15.8,0.0,135.648,0.0,656.55,0.0,0.0,14.9,72.9,0.0,5199.96,61.96,256.722,0.0,0.0,206.352,2018,10,5,4
2018-10-06,319.96,227.84,0.0,0.0,0.0,0.0,0.0,0.0,0.0,41.96,0.0,0.0,246.14999999999998,0.0,344.91,0.0,0.0,2018,10,6,5
2018-10-07,1115.91,0.0,0.0,54.694,307.666,0.0,0.0,0.0,18.936,0.0,0.0,0.0,0.0,431.048,666.192,0.0,154.764,2018,10,7,6
2018-10-08,275.96000000000004,0.0,0.0,0.0,0.0,145.764,0.0,0.0,0.0,0.0,0.0,0.0,0.0,103.192,83.44,0.0,0.0,2018,10,8,0
2018-10-09,0.0,0.0,67.144,31.055999999999997,314.352,254.058,0.0,0.0,0.0,45.888,0.0,0.0,64.99600000000001,0.0,0.0,0.0,719.095,2018,10,9,1
2018-10-10,0.0,0.0,0.0,0.0,0.0,239.358,0.0,0.0,0.0,0.0,0.0,0.0,0.0,0.0,0.0,0.0,0.0,2018,10,10,2
2018-10-12,1908.694,0.0,5.88,181.712,2154.9,254.604,0.0,0.0,17.9,40.48,0.0,0.0,18.336,369.544,0.0,0.0,673.344,2018,10,12,4
2018-10-13,209.94,904.9,0.0,5180.744,0.0,0.0,0.0,0.0,0.0,10.476,35.91,0.0,119.056,31.984,408.272,0.0,1504.52,2018,10,13,5
2018-10-14,46.36,0.0,0.0,78.512,0.0,0.0,0.0,0.0,0.0,9.46,0.0,0.0,0.0,0.0,0.0,0.0,0.0,2018,10,14,6
2018-10-15,0.0,0.0,99.6,0.0,0.0,0.0,0.0,0.0,0.0,22.72,180.43,0.0,204.95,0.0,0.0,0.0,510.24,2018,10,15,0
2018-10-16,18.528,0.0,0.0,124.75,0.0,0.0,0.0,0.0,0.0,547.3,0.0,599.985,307.776,0.0,0.0,0.0,1875.258,2018,10,16,1
2018-10-17,0.0,0.0,10.64,0.0,0.0,0.0,0.0,0.0,0.0,0.0,0.0,0.0,12.96,52.792,49.96,0.0,0.0,2018,10,17,2
2018-10-19,0.0,0.0,123.256,1674.884,328.3992,0.0,0.0,8.96,0.0,87.12,31.5,0.0,53.152,326.25600000000003,32.7,0.0,115.643,2018,10,19,4
2018-10-20,0.0,0.0,17.808,166.778,0.0,0.0,0.0,0.0,0.0,43.936,28.3,0.0,106.512,15.984,670.176,0.0,284.364,2018,10,20,5
2018-10-21,28.4,185.56,17.856,75.495,0.0,1162.432,0.0,0.0,0.0,45.696,0.0,0.0,9.248000000000001,1769.9080000000001,980.496,0.0,262.11,2018,10,21,6
2018-10-22,0.0,0.0,36.44,3.168,0.0,579.136,11199.968,95.58,0.0,0.0,0.0,0.0,0.0,2485.29,333.09,0.0,426.205,2018,10,22,0
2018-10-23,55.2,2.22,10.272,13.326,0.0,0.0,0.0,0.0,0.0,314.76,0.0,0.0,81.4,1723.72,272.85600000000005,0.0,878.64,2018,10,23,1
2018-10-24,0.0,0.0,0.0,0.0,0.0,0.0,0.0,0.0,11.68,0.0,0.0,0.0,0.0,0.0,0.0,0.0,517.405,2018,10,24,2
2018-10-26,19.99,0.0,0.0,114.72,0.0,0.0,0.0,251.58,0.0,0.0,20.92,0.0,0.0,180.192,55.616,0.0,356.85,2018,10,26,4
2018-10-27,0.0,0.0,13.632,5.607,556.665,0.0,0.0,15.84,0.0,0.0,0.0,0.0,110.01599999999999,194.98399999999998,0.0,0.0,189.576,2018,10,27,5
2018-10-28,50.176,0.0,0.0,0.0,0.0,0.0,0.0,47.98,0.0,77.952,21.93,0.0,63.504,0.0,147.184,0.0,0.0,2018,10,28,6
2018-10-29,0.0,0.0,0.0,0.0,0.0,0.0,0.0,0.0,0.0,0.0,0.0,0.0,46.96,0.0,0.0,0.0,0.0,2018,10,29,0
2018-10-30,442.4,1702.12,19.9,102.65599999999999,199.98,817.7719999999999,0.0,0.0,0.0,33.0,73.86,0.0,28.156,148.48,171.34,35.06,251.006,2018,10,30,1
2018-10-31,0.0,0.0,5.248,0.0,0.0,0.0,0.0,9.912,0.0,0.0,0.0,0.0,0.0,508.768,0.0,0.0,0.0,2018,10,31,2
2018-11-01,0.0,0.0,0.0,25.12,0.0,0.0,0.0,0.0,0.0,0.0,0.0,0.0,230.69,0.0,0.0,0.0,2665.62,2018,11,1,3
2018-11-02,2249.91,272.13599999999997,96.476,590.352,0.0,1131.292,0.0,90.756,23.82,28.332,0.0,0.0,55.050000000000004,859.2,512.47,384.592,0.0,2018,11,2,4
2018-11-03,284.026,0.0,55.984,34.127,0.0,307.136,959.984,0.0,0.0,57.361999999999995,27.33,0.0,237.66000000000003,361.376,52.4,0.0,2159.552,2018,11,3,5
2018-11-04,166.696,167.44,4.3,16.652,0.0,0.0,0.0,0.0,0.0,0.0,28.608,7999.98,9.664,1503.888,247.104,0.0,523.764,2018,11,4,6
2018-11-05,550.74,0.0,0.0,194.53,0.0,128.124,0.0,0.0,0.0,101.4,0.0,0.0,377.03,592.7479999999999,243.992,0.0,166.5,2018,11,5,0
2018-11-06,125.91,499.584,19.58,20.202,0.0,576.9399999999999,0.0,15.28,0.0,67.562,41.4,0.0,561.876,0.0,323.55600000000004,0.0,2036.86,2018,11,6,1
2018-11-07,507.65000000000003,100.94,0.0,59.952,0.0,272.97,0.0,0.0,0.0,0.0,0.0,0.0,0.0,1121.5140000000001,0.0,0.0,350.352,2018,11,7,2
2018-11-08,0.0,0.0,109.9,0.0,0.0,0.0,0.0,0.0,0.0,274.2,0.0,0.0,0.0,0.0,0.0,0.0,0.0,2018,11,8,3
2018-11-09,1118.586,0.0,0.0,9.64,0.0,739.368,0.0,0.0,0.0,143.65,0.0,0.0,0.0,499.168,2241.08,0.0,0.0,2018,11,9,4
2018-11-10,351.742,400.8,7.8,1036.228,0.0,1140.56,0.0,0.0,0.0,341.96,0.0,95.994,0.0,632.4639999999999,0.0,0.0,0.0,2018,11,10,5
2018-11-11,0.0,1169.01,181.86,158.176,0.0,0.0,0.0,0.0,45.92,123.84,10.44,0.0,29.808,35.184,35.48,25.5,0.0,2018,11,11,6
2018-11-12,167.28,76.12,9.21,60.496,0.0,113.888,0.0,12.224,18.24,136.416,9.96,0.0,321.92,1118.678,839.024,27.93,0.0,2018,11,12,0
2018-11-13,547.694,9.324,2.064,574.244,205.9992,2404.704,0.0,0.0,0.0,154.95,8.64,652.995,8.904,695.5500000000001,1368.3519999999999,0.0,0.0,2018,11,13,1
2018-11-14,167.952,0.0,79.28,34.278,0.0,321.568,0.0,15.28,0.0,0.0,0.0,0.0,0.0,119.94,96.36,0.0,0.0,2018,11,14,2
2018-11-15,0.0,0.0,0.0,0.0,0.0,0.0,0.0,0.0,0.0,559.2,0.0,0.0,0.0,0.0,0.0,0.0,0.0,2018,11,15,3
2018-11-16,139.96,0.0,109.712,1.824,0.0,0.0,899.982,0.0,0.0,289.59,0.0,1972.4160000000002,220.5,227.82,893.43,0.0,0.0,2018,11,16,4
2018-11-17,671.12,35.04,50.94,61.861999999999995,327.7328,0.0,10499.97,0.0,0.0,187.76,0.0,0.0,326.728,0.0,1247.64,0.0,0.0,2018,11,17,5
2018-11-18,132.52,389.056,38.864,28.68,0.0,127.386,0.0,55.584,2.96,25.580000000000002,7.38,0.0,106.592,74.95,477.26,2.944,0.0,2018,11,18,6
2018-11-19,0.0,2504.74,166.912,1706.749,0.0,729.428,0.0,16.74,25.06,856.572,0.0,0.0,30.256,31.968,305.01,6.672,1017.1650000000001,2018,11,19,0
2018-11-20,2.97,0.0,143.666,84.056,183.968,493.48800000000006,0.0,0.0,0.0,203.40599999999998,0.0,0.0,46.76,1829.96,0.0,0.0,0.0,2018,11,20,1
2018-11-21,0.0,8.62,17.32,191.536,0.0,0.0,0.0,0.0,9.02,27.42,0.0,1039.992,60.288000000000004,715.152,95.856,0.0,70.98,2018,11,21,2
2018-11-22,0.0,0.0,35.712,0.0,0.0,0.0,0.0,0.0,0.0,0.0,0.0,0.0,0.0,0.0,0.0,0.0,0.0,2018,11,22,3
2018-11-23,74.112,0.0,3.304,301.5,0.0,0.0,0.0,0.0,0.0,58.912,11.52,0.0,125.28,446.336,0.0,4.36,127.785,2018,11,23,4
2018-11-24,0.0,13.762,44.14,382.125,321.568,977.292,0.0,232.808,10.824,0.0,0.0,0.0,256.164,169.088,1893.122,0.0,435.168,2018,11,24,5
2018-11-25,0.0,67.84,23.848,0.0,1083.4189999999999,1555.8899999999999,0.0,0.0,0.0,0.0,0.0,0.0,82.94999999999999,339.91999999999996,512.29,0.0,0.0,2018,11,25,6
2018-11-26,38.04,324.138,12.84,126.91199999999999,0.0,828.6,0.0,0.0,0.0,289.06,0.0,0.0,0.0,3170.642,0.0,0.0,257.94,2018,11,26,0
2018-11-27,309.89,43.584,15.75,722.852,0.0,0.0,0.0,0.0,0.0,65.78,0.0,0.0,402.83000000000004,57.568,0.0,0.0,0.0,2018,11,27,1
2018-11-28,0.0,0.0,1.64,0.0,0.0,0.0,0.0,79.96,0.0,2593.82,62.65,0.0,129.664,1979.89,0.0,0.0,2065.32,2018,11,28,2
2018-11-29,0.0,0.0,0.0,0.0,0.0,390.368,0.0,0.0,0.0,101.52,0.0,0.0,0.0,0.0,0.0,0.0,0.0,2018,11,29,3
2018-11-30,479.952,663.936,155.94,68.472,0.0,2322.2160000000003,0.0,0.0,2.368,25.83,0.0,0.0,0.0,618.036,526.85,0.0,1781.682,2018,11,30,4
2018-12-01,20.37,31.152,0.0,74.272,141.96,1613.1799999999998,0.0,104.68,52.29,787.152,15.936,0.0,117.02799999999999,1397.066,976.0920000000001,0.0,0.0,2018,12,1,5
2018-12-02,0.0,660.95,337.254,859.8000000000001,242.352,2767.696,0.0,0.0,0.0,517.456,0.0,0.0,129.34,3758.066,673.908,4.36,0.0,2018,12,2,6
2018-12-03,227.07999999999998,45.216,13.344,127.326,0.0,0.0,0.0,0.0,0.0,69.88,3.15,0.0,211.576,136.99,0.0,47.32,521.96,2018,12,3,0
2018-12-04,798.718,0.0,22.192,5.346,0.0,913.672,0.0,0.0,0.0,79.11,0.0,649.0,110.03200000000001,0.0,61.568,0.0,0.0,2018,12,4,1
2018-12-05,304.42,316.34000000000003,0.0,305.76,0.0,0.0,0.0,0.0,0.0,321.48,20.52,0.0,153.44,31.176,0.0,0.0,0.0,2018,12,5,2
2018-12-06,0.0,0.0,0.0,0.0,0.0,0.0,0.0,0.0,0.0,0.0,0.0,0.0,0.0,0.0,10.68,0.0,0.0,2018,12,6,3
2018-12-07,179.98399999999998,320.64,0.0,1889.99,0.0,0.0,0.0,0.0,3.552,82.38,0.0,0.0,65.592,374.376,0.0,0.0,0.0,2018,12,7,4
2018-12-08,358.06,1159.23,13.248,112.904,1796.749,329.112,1199.976,0.0,0.0,238.38,89.41,0.0,287.81,83.988,970.15,0.0,1004.024,2018,12,8,5
2018-12-09,251.32999999999998,403.9,48.48400000000001,211.18099999999998,148.257,872.94,1399.98,57.576,0.0,9.708,5.76,0.0,640.5899999999999,444.768,79.588,0.0,896.328,2018,12,9,6
2018-12-10,663.25,426.79,18.24,169.11700000000002,0.0,0.0,0.0,10.86,0.0,432.664,0.0,0.0,23.328000000000003,134.81,324.9,0.0,1669.6,2018,12,10,0
2018-12-11,156.292,1.392,13.584,43.712,0.0,648.9340000000001,0.0,7.28,6.54,77.72,0.0,0.0,28.308,319.398,0.0,0.0,721.875,2018,12,11,1
2018-12-13,0.0,0.0,0.0,0.0,287.976,0.0,0.0,0.0,0.0,201.04,8.64,0.0,51.84,0.0,31.44,0.0,0.0,2018,12,13,3
2018-12-14,471.79,0.0,95.232,64.96,0.0,0.0,1199.98,43.7,17.28,350.962,0.0,0.0,0.0,52.68,73.85,25.71,1501.5700000000002,2018,12,14,4
2018-12-15,0.0,54.32,10.192,0.0,0.0,0.0,0.0,0.0,0.0,22.77,0.0,0.0,22.83,196.776,0.0,0.0,0.0,2018,12,15,5
2018-12-16,339.9,0.0,29.95,74.47999999999999,0.0,178.752,0.0,0.0,0.0,18.96,44.4,0.0,13.36,0.0,158.9,0.0,0.0,2018,12,16,6
2018-12-17,0.0,66.284,0.0,51.864,0.0,504.9,0.0,0.0,0.0,124.36,0.0,0.0,41.39,0.0,1224.98,13.98,0.0,2018,12,17,0
2018-12-18,149.32,1834.672,85.786,53.907999999999994,119.833,1141.938,0.0,0.0,4.824,118.91,0.0,0.0,136.72,0.0,0.0,0.0,0.0,2018,12,18,1
2018-12-19,0.0,0.0,0.0,36.672,102.018,0.0,0.0,0.0,0.0,13.36,0.0,0.0,0.0,0.0,78.256,1665.62,0.0,2018,12,19,2
2018-12-20,0.0,0.0,0.0,57.336,0.0,0.0,0.0,0.0,0.0,0.0,0.0,0.0,320.4,0.0,0.0,0.0,0.0,2018,12,20,3
2018-12-21,71.0,0.0,12.51,23.88,0.0,0.0,0.0,0.0,0.0,15.92,0.0,0.0,166.44,281.97,1499.72,69.5,0.0,2018,12,21,4
2018-12-22,806.754,898.67,27.298000000000002,7.971,220.98,1728.65,0.0,7.824,0.0,0.0,18.45,0.0,101.8,696.9979999999999,94.64,695.16,2136.826,2018,12,22,5
2018-12-23,0.0,29.312,25.744,13.84,0.0,0.0,0.0,182.94,0.0,282.114,0.0,0.0,249.50400000000002,494.97,648.352,0.0,0.0,2018,12,23,6
2018-12-24,0.0,35.91,0.0,156.348,0.0,1347.02,2879.952,0.0,0.0,46.474000000000004,0.0,479.97,19.44,0.0,1267.94,0.0,0.0,2018,12,24,0
2018-12-25,190.728,0.0,31.744,254.161,191.984,304.45,0.0,0.0,42.931999999999995,62.96,0.0,120.0,725.1800000000001,90.48,366.56,44.688,273.06,2018,12,25,1
2018-12-26,0.0,0.0,0.0,3.132,0.0,0.0,0.0,0.0,0.0,0.0,0.0,0.0,60.782,0.0,750.68,0.0,0.0,2018,12,26,2
2018-12-27,0.0,0.0,13.248,0.0,0.0,0.0,0.0,0.0,0.0,0.0,0.0,0.0,0.0,164.388,0.0,0.0,0.0,2018,12,27,3
2018-12-28,0.0,0.0,29.648,62.032,78.8528,454.076,0.0,0.0,13.96,18.328,72.45,0.0,4.28,14.85,908.874,0.0,0.0,2018,12,28,4
2018-12-29,0.0,0.0,34.58,12.53,0.0,2161.138,0.0,0.0,25.630000000000003,169.57999999999998,0.0,0.0,209.7,302.376,0.0,0.0,0.0,2018,12,29,5
2018-12-30,0.0,209.3,0.0,87.4,323.136,0.0,0.0,0.0,3.024,0.0,0.0,0.0,0.0,90.93,0.0,0.0,0.0,2018,12,30,6
