rating,date,variation,verified_reviews,feedback,processed_reviews
5,30-Jul-18,White  Dot,"""We really love our Echo Dot, we can get questions answered right away and play any music we can think of.""",1,really love echo dot get question answered right away play music think
5,30-Jul-18,White  Dot,"""Este producto llegó y a la semana se quedó sin olor, perdió toda su escencia, huele solo a alcohol""",1,este producto lleg la semana se qued sin olor perdi toda su escencia huele solo alcohol
1,5-Jul-18,Black  Plus,Didn’t really work as smooth as they make it seem like.,0,not_really work smooth make seem like
5,30-Jul-18,Black  Dot,Usual reliable Alexa,1,usual reliable alexa
3,22-Jul-18,Black  Spot,"""Would be 5 stars if you could turn off the &#34;Things to Try&#34; screen!!!  I should have read up on this before buying the Spot.  Amazon, please update to enable us to turn this off!  It is SO extremely annoying to look over to see the time but instead see &#34;Things to try&#34;.""",2,would star could turn thing try screen read buying spot amazon please update enable u turn extremely annoying look see time instead see thing try
4,30-Jul-18,Black  Dot,Primarily for music in our bedroom.  I wish the speaker had better fidelity.,1,primarily music bedroom wish speaker better fidelity
4,30-Jul-18,Charcoal Fabric ,Works great sounds great does not miss a beat wish it had a battery for better portability,1,work great sound great not_miss beat wish battery better portability
5,30-Jul-18,Charcoal Fabric ,"""LOVE, LOVE this new little gadget.  Has  made our lives so much easier.  it's like having our own personal secretary living here in the home.  We hardly need our CD's anymore, since ALEXA plays everything we need.  Going to get the Alexa DOTS soon for more rooms.  Thanks!!""",1,love love new little gadget made life much easier like personal secretary living home hardly need cd anymore since alexa play everything need going get alexa dot soon room thanks
2,30-Jul-18,Black  Dot,Sound is terrible. Cannot pair with echo to play simultaneously.  Must upgrade to amazon music if you want to play more than one device at a time.,0,sound terrible not_pair echo play simultaneously must upgrade amazon music want play one device time
5,30-Jul-18,Charcoal Fabric ,You’re all I need...na na nana!,1,needna na nana
5,29-Jul-18,Black  Show,Works great and has been fun to use.,1,work great fun use
5,30-Jul-18,Black  Dot,"""Purchased this for a discount on Prime Day to insert into a portable Bluetooth speaker made specifically to work with Echo Dot. Works great, love it! Now I can bring Alexa out onto the patio with me, and I mostly use it for music. This is our 3rd Echo product and we love them!""",1,purchased discount prime day insert portable bluetooth speaker made specifically work echo dot work great love bring alexa onto patio mostly use music rd echo product love
5,28-Jul-18,Charcoal Fabric ,"""I’m still learning how to use the Echo, but so far I love it!""",1,still learning use echo far love
5,30-Jul-18,Black  Dot, ,1,no_review
5,30-Jul-18,Configuration: Fire TV Stick,Love it and how easy it is to use. One of the best Prime Day purchases we have made.,1,love easy use one best prime day purchase made
5,7-Jul-18,Black,Have had an larger echo for some time and love it. Bought this one for another portion of the house since we have several wifi home devices and we wanted to voice control them from all over the house.,1,larger echo time love bought one another portion house since several wifi home device wanted voice control house
5,30-Jul-18,Black  Dot,Love it!,1,love
4,29-Jul-18,Black  Spot,"""Works decent, wish it was able to answer more questions....need a better source for info but the rest works great!""",1,work decent wish able answer questionsneed better source info rest work great
4,30-Jul-18,Black  Dot,"""The Echo Dot (2nd Generation) Smart Speaker is very compound in size, however it  projects very good sound. It also has a port in which you can connect an external speaker  for greater projection of sound. I also like it size because it's not awkward, and it doesn't take up a lot of space. It works great with the Alexa App. I also think the size is great for college students who live in dorm rooms with small limited spacing.""",1,echo dot nd generation smart speaker compound size however project good sound also port connect external speaker greater projection sound also like size not_awkward not_take lot space work great alexa app also think size great college student live dorm room small limited spacing
5,30-Jul-18,Black  Dot,"""It talks to me, plays the type of music i want to listen to, and even turns off when I ask if to.""",1,talk play type music want listen even turn ask
1,24-Jul-18,White  Spot,"""Great product EXCEPT there is no possible way for it to act as a clock the displays the time PERMANENTLY.  When in 'Clock' mode, the screen rotates between the clock face and a 'Things to Try' screen.  I intended on buying several units for my house, but I do not need a screen in the house that is permanently trying to upset me.  Acting as clock should be a BASIC feature of the Echo Spot.  How could you get this wrong, Amazon??  #FAIL""",0,great product except no_possible way act clock display time permanently clock mode screen rotates clock face thing try screen intended buying several unit house not_need screen house permanently trying upset acting clock basic feature echo spot could get wrong amazon fail
5,30-Jul-18,Charcoal Fabric ,"""I'm still learning how to use it, but so far my Echo is great! The sound is actually much better than I was expecting.""",1,still learning use far echo great sound actually much better expecting
5,29-Jul-18,Charcoal Fabric ,Nice product A+,1,nice product
5,30-Jul-18,Black  Show,I love it. It does everything.,1,love everything
2,30-Jul-18,Configuration: Fire TV Stick,"""It's constantly buffering, to the point where you can't watch anything without interruption. I purchased on Prime Day plus I used rewards to pay for it, so in the end I paid next to nothing. If I had paid full price for it I might want my money back. We stopped trying to use it and went back to our old streaming device. I know our internet service is not the issue because we do not have this problem with any other devices that we stream from.""",0,constantly buffering point not_watch anything without interruption purchased prime day plus used reward pay end paid next nothing_if paid full price might want money back stopped trying use went back old streaming device know internet service not_the issue not_have problem device stream
5,30-Jul-18,Configuration: Fire TV Stick,WooHoo! $20 on Prime Day; done!,1,woohoo prime day done
3,26-Jul-18,Black  Plus,"""Mic hears everything but only understands about half the first time, it often takes multiple tries until it gives the correct result.""",2,mic hears everything understands half first time often take multiple try give correct result
5,26-Jul-18,Black  Plus,"""Bye bye Philips hub and expensive monthly internet charge!  Took a little tinkering, had to rest the individual bulbs, but works great! No more, &#34;Philips hue bridge is not responding&#34; message.""",1,bye bye philip hub expensive monthly internet charge took little tinkering rest individual bulb work great no_more philip hue bridge not_responding message
5,30-Jul-18,Black  Dot,neat tool we enjoy it with the family,1,neat tool enjoy family
5,29-Jul-18,Heather Gray Fabric ,bought for my wife she loves it,1,bought wife love
4,30-Jul-18,Sandstone Fabric ,I just this for listening to talk radio in the morning and turning lights on and off etc. The system does an excellent job as a full house sound system streaming Sirius.,1,listening talk radio morning turning light etc system excellent job full house sound system streaming sirius
5,30-Jul-18,Black  Dot,"""Been debating on getting one, but am happy I did! Still more to explore. Thanks!""",1,debating getting one happy still explore thanks
5,16-May-18,Black,Perfect condition!,1,perfect condition
5,29-Jul-18,Charcoal Fabric ,I having it in my living room. Music sounds really good in my living room . I can hear it upstairs.,1,living room music sound really good living room hear upstairs
5,30-Jul-18,White  Dot,I love it.,1,love
5,25-Jul-18,White  Spot,Excellent purchase!!,1,excellent purchase
5,29-Jul-18,White  Spot, ,1,no_review
4,3-Jul-18,White  Plus,"""Was debating between a 4 and a 5 star review. The one challenge with the hub is that Phillips has added functionality that only works with their hub. Basic functionality works with this unit, but now I need two apps to set everything how I want it instead of one, which has caused some user issues. It's woken up a couple times without the trigger word, which I find highly unsettling. We have minor issues with it not always picking up what we say correctly, but it's usually just one or two repeats if that happens.The speaker is great quality and easily covers the kitchen/living room. The sleek design is not obtrusive. My girlfriend has had fun interacting with it and we've had entertaining conversations with it.""",1,debating star review one challenge hub phillips added functionality work hub basic functionality work unit need two apps set everything want instead one caused user issue woken couple time without trigger word find highly unsettling minor issue not_always picking say correctly usually one two repeat happensthe speaker great quality easily cover kitchenliving room sleek design not_obtrusive girlfriend fun interacting entertaining conversation
5,22-Jul-18,White  Spot,Awesome cute and smart!,1,awesome cute smart
5,28-Jul-18,Black  Show,I bought this after visiting a friend who had one and it is great.  I understand the frustration of not having YouTube though.  Still good to have-love seeing the words to songs and if you have the Ring doorbell-you never have to get up from your chair...laziness at it's best!  LOL  All in all- a great product with good speakers.,1,bought visiting friend one great understand frustration not_having youtube though still good havelove seeing word song ring doorbellyou never_have get chairlaziness best lol great product good speaker
5,18-Jul-18,White,Great product and works great,1,great product work great
5,28-Jul-18,Black  Show,"""Love how it shows the song info on the screen if playing... also time, notifications, news, etc!""",1,love show song info screen playing also time notification news etc
5,17-May-18,Black,"""Amazingly fun. My daughter and I just asked questions on the first day. I have now set my daily alarm, weekend reminder, playlist, morning shows, random songs, daily bible verses, weather, and morning commute. It tells me which way to go dodging traffic. You have to get one. I don’t have it linked to my phone yet.""",1,amazingly fun daughter asked question first day set daily alarm weekend reminder playlist morning show random song daily bible verse weather morning commute tell way go dodging traffic get one not_have linked phone yet
4,30-Jul-18,Black  Dot,"""I had some trouble with my echo dot when I first got it because of internet connection issues. After doing research online I saw from some other people that they had trouble with the 2nd generation Echo Dot. However, the same weekend I took a trip and brought my Echo Dot along to the hotel where it seemed to work just fine. Now back home, the internet connection has seemed to have gotten through it's little rough patch and I haven't had any problems since. So, if you are having connection issues with an Echo Dot then it is probably the internet and not the device.""",1,trouble echo dot first got internet connection issue research online saw people trouble nd generation echo dot however weekend took trip brought echo dot along hotel seemed work fine back home internet connection seemed gotten little rough patch not_had problem since connection issue echo dot probably internet not_the device
5,30-May-18,Black,"""This device works perfectly and was a good price.  We love Alexa and are having great fun with her.  The music is great and we get the radio stations we need for our morning traffic report.  I didn’t think I would enjoy having AI in the house, but it is fun, educational and entertaining even for people who aren’t tech savvy.""",1,device work perfectly good price love alexa great fun music great get radio station need morning traffic report not_think would enjoy ai house fun educational entertaining even people not_tech savvy
5,30-Jul-18,Black  Show,I already had purchased the Echo and a couple of Dots and hesitated to purchase this until the price dropped.  I am very glad I did.  The versatility of the video screen is outstanding.  No regrets!,1,already purchased echo couple dot hesitated purchase price dropped glad versatility video screen outstanding no_regrets
5,20-Jul-18,White  Plus,Sounds a little better than the original plus it now has an interrogated Zigbee hub.  The hub is compatible with the GE Link bulbs.,1,sound little better original plus interrogated zigbee hub hub compatible ge link bulb
4,29-Jul-18,Sandstone Fabric ,"""it's great for music, a little hard to figure out how it works.""",1,great music little hard figure work
4,29-Jul-18,Sandstone Fabric ,"""Love my new addition to the house! Speaker quality is great and over all we love our Alexa. My only two ( not complaints, more suggestions for the future series) would be better communication ability. Example: For our smart lights in the house. Unless we specify kitchen Light 1 or kitchen Light 2 prior to the command she either won’t respond or says she doesn’t recognize. It may be me, but I want my Alexa to respond when I say thank you afterwards. I have to repeat Alexa thank you and there are times she won’t respond to me, but will my husband. I know it sounds odd. We laugh about it, but maybe it’s a Southern thing but I want my Alexa to have manners too.""",1,love new addition house speaker quality great love alexa two not_complaints suggestion future series would better communication ability example smart light house unless specify kitchen light kitchen light prior command either not_respond say not_recognize may want alexa respond say thank afterwards repeat alexa thank time not_respond husband know sound odd laugh maybe southern thing want alexa manner
4,30-Jul-18,Black  Dot,My son loves his Echo Dot.,1,son love echo dot
5,29-Jul-18,White  Plus,"""I purchased the Amazon Echo Plus on Amazon prime day because I need a hub. I'm in the process of upgrading my home into a smart home. For the same price as some hub's, and even less expensive in some other cases. I got a hub that works with my devices, plus it does a lot more. I haven't even had time to go through all the skills it has, but I've already found myself using many of them. When I started a search for a hub. I wasn't even considering the Echo. In part, because I didn't know it was a hub. But also because I didn't really think I would find much use for another AI system. If you're looking for a hub. Why settle for a plane hub, when you can get a personal assistant that does so much more and yet cost's the same or less than other hubs? Oh! And by the way. For the same price as the Amazon Echo Plus alone. I found one that came bundled with a smart bulb & saw another that came with a smart plug. Given the price of these extras. Well, that just put the Echo Plus over the top.""",1,purchased amazon echo plus amazon prime day need hub process upgrading home smart home price hub even less expensive case got hub work device plus lot not_even time go skill already found using many started search hub not_even considering echo part not_know hub also not_really think would find much use another ai system looking hub settle plane hub get personal assistant much yet cost less hub oh way price amazon echo plus alone found one came bundled smart bulb saw another came smart plug given price extra well put echo plus top
5,28-Jul-18,White  Plus,Comes with a hub.  Got it during prime day for $99 and a hue white bulb.  Works great.  Now I can add more stuff that required a hub!,1,come hub got prime day hue white bulb work great add stuff required hub
5,28-Jul-18,White  Show,Super easy set up! Great features! FUN!,1,super easy set great feature fun
5,30-Jul-18,Black  Dot,We put one in the bedroom.  It plays music and tells us the weather.  It also is an alarm to wake us up in the morning.  It is better than a clock radio.  It will play any type of music you want from radio stations or your own favorites.  It can even tell jokes.  I don't know how I got along without it before now.  Amazing.,1,put one bedroom play music tell u weather also alarm wake u morning better clock radio play type music want radio station favorite even tell joke not_know got along without amazing
5,30-Jul-18,Black  Dot,"""I have had the echo dot for about two weeks and am having fun with it. I set morning alarms, check the weather, have Alexa play various music (I bought inexpensive speakers to connect for better sound), and I'm learning her skills. A little tricky to connect to wifi initially, but after some trial and error it connected, and has stayed connected. So far, super satisfied. Will be buying one for my mother and one for my office.""",1,echo dot two week fun set morning alarm check weather alexa play various music bought inexpensive speaker connect better sound learning skill little tricky connect wifi initially trial error connected stayed connected far super satisfied buying one mother one office
5,29-Jul-18,Black  Show,I loved talking it out of the box and being able to easily set up.,1,loved talking box able easily set
5,30-Jul-18,Sandstone Fabric ,"""Love the Echo !!! I love the size, material and speaker quality. I have it hooked up to one light easily and will work on additional lights and thermostat. Next is Echo Dot for bedroom. There is a lot more to do with Echo that you think. Traffic, Weather, Trivia, etc.""",1,love echo love size material speaker quality hooked one light easily work additional light thermostat next echo dot bedroom lot echo think traffic weather trivia etc
1,28-Jun-18,Black,Does not work all the time,0,not_work time
2,30-Jul-18,Configuration: Fire TV Stick,I don’t like that it goes into sleep mode after 20-30 minutes of “inactivity”. I shouldn’t have to “wake up” the fire tv to finish watching a show.,0,not_like go sleep mode minute inactivity not_have wake fire tv finish watching show
5,30-Jul-18,Black  Dot,We put one in the bedroom.  It plays music and tells us the weather.  It also is an alarm to wake us up in the morning.  It is better than a clock radio.  It will play any type of music you want from radio stations or your own favorites.  It can even tell jokes.  I don't know how I got along without it before now.  Amazing.,1,put one bedroom play music tell u weather also alarm wake u morning better clock radio play type music want radio station favorite even tell joke not_know got along without amazing
4,30-Jul-18,Charcoal Fabric ,"""Great device, responsive and helpful""",1,great device responsive helpful
5,30-Jul-18,White  Dot,"""I love my echo dot. Has many features and works great.The only thing I don't like about it, is that I can't play my iMusic on it. I'm going to have to pay for a Spotify or Amazon music account.""",1,love echo dot many feature work greatthe thing not_like not_play imusic going pay spotify amazon music account
5,29-Jul-18,Charcoal Fabric ,I really love my amazon echo. I think the sound quality is great and we have a lot of fun with it. It is really handy for music and to get updates on the weather and sports!,1,really love amazon echo think sound quality great lot fun really handy music get update weather sport
4,28-Jul-18,Black  Plus,"""I love everything about it. I love that the echo plus turns on and off my light. It can also dim them with voice commands. I also like listening to my kindle books even the ones that I didn’t purchased  audibles for. I like that it can play my music from Amazon music, pandora, tunein, I heart radio and Spotify. Echo can even play my local radio station. I love that the echo is connected to my TiVo Bolt. This allows TiVo to pause, stop and play whatever I want with a simple voice command. I love that I can reorder items that I purchased on Amazon and that the echo plus notifies me when my order is mailed, when it will be delivered and when the package has been delivered.  The only three dislikes that I have is that if you’re up too close or to far the echo doesn’t respond. So I think they need to improve the microphone. And I wish the speaker was better. The speakers are okay but could be improved. Also I have the echo dot and it never has given me any problems with the internet. Well the other day I received a Red Light Right on my Echo Plus. This error was Sorry I’m having trouble understanding you please try again later. After research online I learned it was a problem connecting to my internet. And it was easy to find this out. And I found it odd that my dot wasn’t having this problem even though they are connected to the same network.""",1,love everything love echo plus turn light also dim voice command also like listening kindle book even one not_purchased audible like play music amazon music pandora tunein heart radio spotify echo even play local radio station love echo connected tivo bolt allows tivo pause stop play whatever want simple voice command love reorder item purchased amazon echo plus notifies order mailed delivered package delivered three dislike close far echo not_respond think need improve microphone wish speaker better speaker okay could improved also echo dot never_has given problem internet well day received red light right echo plus error sorry trouble understanding please try later research online learned problem connecting internet easy find found odd dot not_having problem even though connected network
5,30-Jul-18,Walnut Finish ,"""Great fun getting to know all the functions of this product.  WOW -- family fun and homework help.  Talking with other grandchildren,who also have an Echo, is a HUGE bonus.  Can't wait to learn more and more and more""",1,great fun getting know function product wow family fun homework help talking grandchildrenwho also echo huge bonus not_wait learn
1,25-Jul-18,White,It worked for a month or so then it stopped. I've tried everything to try and make it work but nothing is working. I want a refund,0,worked month stopped tried everything try make work nothing_is working want refund
5,25-Jul-18,Black  Plus,It has great sound and very responsive to commands!,1,great sound responsive command
5,30-Jul-18,Charcoal Fabric ,Just had to have it and now lets play and learn how to get the most out of it.,1,let u play learn get
5,29-Jul-18,Sandstone Fabric ,"""This is our third echo. Worth every penny. It's like having 3 household employees for a small flat rate. We keep them in the bedrooms and the living room. We can drop-in and use them as an intercom, listen to music, answer quick questions, alarms to wake up for school, etc.""",1,third echo worth every penny like household employee small flat rate keep bedroom living room dropin use intercom listen music answer quick question alarm wake school etc
3,30-Jul-18,Black  Dot,"""I like the Echo, but not sure about the Dot.  I use it a lot for music and Audio books.The sound quality of this smaller Echo is nowhere near the quality of the full sized model.  I haven't decided if I'll keep it or not!""",2,like echo not_sure dot use lot music audio booksthe sound quality smaller echo nowhere_near quality full sized model not_decided keep
5,2-Jul-18,White,"""Works great, never had any issues.""",1,work great never_had issue
5,30-Jul-18,Black  Plus,To have ability to play Amazon Music outside for patio gatherings. I also used blue tooth to connect Echo Plus via Alexa App on my tablet to an external speaker when/if the party extends into the yard. I have plans to connect other devices such as thermostat and other lighting and home devices.,1,ability play amazon music outside patio gathering also used blue tooth connect echo plus via alexa app tablet external speaker whenif party extends yard plan connect device thermostat lighting home device
5,30-May-18,Black,I bought three of these and all three have worked flawlessly. If they weren't labeled as refurbished I wouldn't have known,1,bought three three worked flawlessly not_labeled refurbished would not_have known
4,29-Jul-18,Sandstone Fabric ,The sound quality is good just wish alexa could answer more questions,1,sound quality good wish alexa could answer question
5,29-Jul-18,Charcoal Fabric ,Mainly use it for the music but I’m learning more all the time.  Really nothing bad to say about it,1,mainly use music learning time really nothing_bad say
5,30-Jul-18,Configuration: Fire TV Stick,Simple install and love the voice activation,1,simple install love voice activation
1,30-Jul-18,Configuration: Fire TV Stick,Garbage...Even trying to watch Amazon Prime Video this piece of garbage looses internet connection half way thru a show. The cheapest Roku works 100 time better. DO not waste your time or money on this piece of garbage.,0,garbageeven trying watch amazon prime video piece garbage loos internet connection half way thru show cheapest roku work time better not_waste time money piece garbage
5,29-Jul-18,Black  Plus,The speakers on these devices are surprisingly good. The functionality of each echo device is fantastic.,1,speaker device surprisingly good functionality echo device fantastic
5,4-Jul-18,White  Plus,"""Besides being fun, it also has many practical aspects--a real bonus for those with vision issues!""",1,besides fun also many practical aspectsa real bonus vision issue
4,31-Jul-18,White  Show,Very pleasedSimple to figure out,1,pleasedsimple figure
5,27-May-18,Black,Working great and my daughter loves it!,1,working great daughter love
2,23-Jul-18,Black  Spot,"""For as awesome as the Echo and Echo Dots are, the Spot is a disappointment. There is very little control over what the screen shows, what the clock looks like, what order things show up in, etc. At this point if I hadn't thrown the box away immediately, I would have sent it back and just got another full size Echo.""",0,awesome echo echo dot spot disappointment little control screen show clock look like order thing show etc point not_thrown box away immediately would sent back got another full size echo
5,30-Jul-18,White  Dot,"""Alarm,bed time story, universal""",1,alarmbed time story universal
4,19-Jul-18,White  Spot,"""Bought this to replace a Sony Dash (remember those?) after Sony decided to pull support from it entirely. It works great for what I use it for: an alarm clock, a weather station, background music player and voice control of lights throughout my house. My biggest gripe about the device and why I knocked a star off is that you can't turn off the suggestions on &#34;Things to Try&#34;. It 's an annoying and a stupid design decision since you have control to turn off other things you don't want to see as it cycles through content screens. A software update or two would help this improve especially full control of what we want and don't want to see in the content rotation.""",1,bought replace sony dash remember sony decided pull support entirely work great use alarm clock weather station background music player voice control light throughout house biggest gripe device knocked star not_turn suggestion thing try annoying stupid design decision since control turn thing not_want see cycle content screen software update two would help improve especially full control want not_want see content rotation
5,30-Jul-18,Black  Dot,Great item.  I'm so glad I made the purchase and on Prime day.,1,great item glad made purchase prime day
5,30-Jul-18,Black  Show,Just like any other echo. Doesn’t disappoint,1,like echo not_disappoint
2,19-Jul-18,Black  Spot,"""It's not as good as Siri, BUT it still has some positives, it's great at playing music, and setting alarms. I personally felt that I paid too much for this product, as it was nearly half off on prime day (literally the day after I purchased it). So I'm pretty disappointed. I might still return it and get my money back. .""",0,not_as good siri still positive great playing music setting alarm personally felt paid much product nearly half prime day literally day purchased pretty disappointed might still return get money back
2,24-Jul-18,Black  Spot,"""I wanted to use this as a bedside clock with the ability to play music and podcasts. Sadly, it continuously scrolls the &#34;Things to try&#34; and won't stay on the clock face. Amazon is about to get this one back.""",0,wanted use bedside clock ability play music podcasts sadly continuously scroll thing try not_stay clock face amazon get one back
5,28-Jul-18,Black  Show,"""Easy to set up. Plug it in then make some selections for your preferences such as language, temp C or F etc. I am getting more familiar with it and will be adding my calendar and appointments.""",1,easy set plug make selection preference language temp c f etc getting familiar adding calendar appointment
5,30-Jul-18,Black  Show,"""I'm loving my new Echo Show. The video screen adds so much more value and potential. Movies, tv shows, song lyrics, all extra features that are available with the Echo Show. Oh, it also has a built in camera for taking pics.""",1,loving new echo show video screen add much value potential movie tv show song lyric extra feature available echo show oh also built camera taking pic
5,29-Jul-18,Charcoal Fabric ,the best,1,best
5,30-Jul-18,Configuration: Fire TV Stick,I have used Roku & Mi Tv box. This fire TV stick is very similar. Easy to use.,1,used roku mi tv box fire tv stick similar easy use
5,30-Jul-18,Charcoal Fabric ,I bought this to compare the speaker quality to our first generation speaker and i like the sound better.  I will ship this to my daughter though because I like the fact that my first generation has a chargeable base that we bought which keeps it more mobile and she needs a better sound than what she has now.,1,bought compare speaker quality first generation speaker like sound better ship daughter though like fact first generation chargeable base bought keep mobile need better sound
5,31-Jul-18,Black  Dot,"""Love it , this time it's a gift  for friend""",1,love time gift friend
5,26-Jul-18,Black,I Love it!!!!,1,love
2,26-Jul-18,Black  Plus,"""When I got this Echo I was excited to have a device with better sound than my Dot and a hub to control some Hue bulbs.What I didn't realize and also wasn't fully communicated to me, is that you can't use Hue bulbs to their full potential with this device. You can only turn on and off the lights and set them to a number of preset colors. You also cannot update the bulbs to the newest firmare which is a security concern for me.Do not buy this if you want a full featured hub for your new IoT devices. If you do, you will end up needing to update to a standalone hub, which makes the hub inside this device redundant and pointless.I still love the echo and have zero complaints about the Alexa functionality or sound quality of this device. I'm only disappointed with the hub's functionalities.""",0,got echo excited device better sound dot hub control hue bulbswhat not_realize also not_fully communicated not_use hue bulb full potential device turn light set number preset color also not_update bulb newest firmare security concern medo not_buy want full featured hub new iot device end needing update standalone hub make hub inside device redundant pointlessi still love echo zero complaint alexa functionality sound quality device disappointed hub functionality
4,30-Jul-18,White  Dot,I like almost everything,1,like almost everything
5,30-Jul-18,Black  Show,Tremendous way to communicate with friends and family all across the country,1,tremendous way communicate friend family across country
5,15-Jul-18,White,Just as good as the new one I bought but $10.00 less.,1,good new one bought less
5,30-Jul-18,Heather Gray Fabric , ,1,no_review
5,30-Jul-18,White  Dot,"""I love my echo dot. Has many features and works great.The only thing I don't like about it, is that I can't play my iMusic on it. I'm going to have to pay for a Spotify or Amazon music account.""",1,love echo dot many feature work greatthe thing not_like not_play imusic going pay spotify amazon music account
5,29-Jul-18,Heather Gray Fabric ,Easy to setup. Love all the things she does.,1,easy setup love thing
5,30-Jul-18,Charcoal Fabric ,Love my Echo. Still learning how every thing works but having tons of fun.,1,love echo still learning every thing work ton fun
4,30-Jul-18,White  Show,Only problem is my slow internet. I really like the speaker on it. Having tons of fun with it,1,problem slow internet really like speaker ton fun
5,31-Jul-18,Configuration: Fire TV Stick,We love it! Finally got one for everyone in the home. Most importantly we’re saving money that would have otherwise gone to cable.,1,love finally got one everyone home importantly saving money would otherwise gone cable
4,30-Jul-18,White  Dot,Overall I like this. Though Siri on my phone can do more for what I need as I don’t have a “smart home” and don’t intend to make it one. But it’s fun and I use it for music and to have it read me my audible books.,1,overall like though siri phone need not_have smart home not_intend make one fun use music read audible book
2,20-Jul-18,White  Plus,"""At a volume setting of half or less, the speaker sounds like there is something rattling, crackling or vibrating in it.  I'd understand if the volume was set higher.  All speakers get distorted when over-driven.  But this doesn't sound like this is an over-driven case; sounds like more of a rattle/crackle.  Possibly because the bass is too high.  Learned that there is no ability to adjust any of the sound characteristics (other than volume).  I will attempt to exchange it assuming it is just an isolated problem.""",0,volume setting half less speaker sound like something rattling crackling vibrating would understand volume set higher speaker get distorted overdriven not_sound like overdriven case sound like rattlecrackle possibly bass high learned no_ability adjust sound characteristic volume attempt exchange assuming isolated problem
2,30-Jul-18,Charcoal Fabric ,"""It's like Siri, in fact, Siri answers more accurately then Alexa.  I don't see a real need for it in my household, though it was a good bargain on prime day deals.""",0,like siri fact siri answer accurately alexa not_see real need household though good bargain prime day deal
4,30-Jul-18,Heather Gray Fabric ,Speaker is better than 1st generation Echo,1,speaker better st generation echo
5,29-Jul-18,Charcoal Fabric ,plays great,1,play great
5,30-Jul-18,Configuration: Fire TV Stick,Great ! It was the best decision ! Especially if you have Amazon Prime.,1,great best decision especially amazon prime
5,30-Jul-18,Black  Show,Love it l. I plan on getting an echo for the kitchen.,1,love l plan getting echo kitchen
5,28-Jul-18,Black  Show,We are very pleased with this item. The display is clean and crisp and easy to read. We enjoy trying the suggested things to try asking Alexa. We use the timer feature quite a bit and have added our calendars and contacts. We are still exploring the many skills available.,1,pleased item display clean crisp easy read enjoy trying suggested thing try asking alexa use timer feature quite bit added calendar contact still exploring many skill available
5,30-Jul-18,Charcoal Fabric ,This is great item and just added audible books which makes it even better. Thank you!,1,great item added audible book make even better thank
5,30-Jul-18,Configuration: Fire TV Stick,Upgraded from a first generation firestick. I don't know why I waited so long. I love it!,1,upgraded first generation firestick not_know waited long love
5,30-Jul-18,Configuration: Fire TV Stick,I loved everything,1,loved everything
5,30-Jul-18,Black  Dot,Love it.  It works great.  Alexa still has some problems  but it is getting better every day.  I'm not an expert but I think the sound quality is fine.  Not perfect but good.,1,love work great alexa still problem getting better every day not_an expert think sound quality fine not_perfect good
5,17-Jul-18,Black  Spot,"""I’ve had this for a little over 3 weeks now and I absolutely love it! It’s so easy to use. I’m basically using it as a smart alarm but it can do way more. The screen quality is great and it looks super cute sitting on my night stand. I don’t know how I lived without it so long. If you can’t decide whether to buy it or not, GO FOR IT! You won’t regret it!!""",1,little week absolutely love easy use basically using smart alarm way screen quality great look super cute sitting night stand not_know lived without long not_decide whether buy not_go not_regret
5,30-Jul-18,Black  Show,I love it it is awesome,1,love awesome
5,28-Jul-18,Black  Plus,"""It's fun to imagine the household management options ...Some info questions baffle Alexa, but other options are cool - esp. music-related ...""",1,fun imagine household management option info question baffle alexa option cool esp musicrelated
2,30-Jul-18,Black  Dot,Sound is terrible. Cannot pair with echo to play simultaneously.  Must upgrade to amazon music if you want to play more than one device at a time.,0,sound terrible not_pair echo play simultaneously must upgrade amazon music want play one device time
4,30-Jul-18,Black  Spot,"""I love this little Spot more than I thought I would. The sound is great for such a little thing...my music plays nice and loud and clear. The video is terrific...I was watching some Prime shows just for the heck of it, and I was really impressed. Immediately convinced my mom to buy my sister one for her birthday!Only thing that kept me from giving it 5 stars...I really wish it was cordless. I love having it in my kitchen but trying to find a place to plug it in is a pain. And it won’t connect to my Bluetooth speaker while playing Amazon Prime Music for some reason, which is a drag when I want to hear it in the dining room during dinner. Of course, if it was CORDLESS I could just bring it with me...otherwise, I absolutely love it and will probably buy another one!""",1,love little spot thought would sound great little thingmy music play nice loud clear video terrifici watching prime show heck really impressed immediately convinced mom buy sister one birthdayonly thing kept giving starsi really wish cordless love kitchen trying find place plug pain not_connect bluetooth speaker playing amazon prime music reason drag want hear dining room dinner course cordless could bring meotherwise absolutely love probably buy another one
5,29-Jul-18,White  Show, ,1,no_review
3,30-Jul-18,Black  Dot,The commands Alexa requires are too specific.  I find Google home to be much more flexible in figuring out what I'm asking for.,2,command alexa requires specific find google home much flexible figuring asking
2,30-Jul-18,Black  Dot,Nope. Still a lot to be improved. For most of the things we ask.. It says.. Hmmmm.. I dont know that.,0,nope still lot improved thing ask say hmmmm not_know
5,31-Jul-18,Configuration: Fire TV Stick,Loved it!! Wish I would have bought one sooner.,1,loved wish would bought one sooner
5,30-Jul-18,Black  Dot,"""We have 3 echos now, even one in the barn, great idea for when I am working with my horse, can still get news flashes & my music!""",1,echo even one barn great idea working horse still get news flash music
5,30-Jul-18,Heather Gray Fabric ,Sound quality,1,sound quality
4,30-Jul-18,Sandstone Fabric ,"""I liked the original Echo. This is the same but shorter and with greater fabric/color choices. I miss the volume ring on top, now it's just the plus/minus buttons. Not a big deal but the ring w as comforting. :) Other than that, well I do like the use of a standard USB charger /port instead of the previous round pin. Other than that, I guess it sounds the same, seems to work the same, still answers to Alexa/Echo/Computer. So what's not to like? :)""",1,liked original echo shorter greater fabriccolor choice miss volume ring top plusminus button not_a big deal ring w comforting well like use standard usb charger port instead previous round pin guess sound seems work still answer alexaechocomputer not_to like
5,30-Jul-18,Black  Dot,Echo Dot and related devices are the best thing to come in a long time.,1,echo dot related device best thing come long time
2,30-Jul-18,Black  Plus, ,0,no_review
5,28-Jul-18,Charcoal Fabric ,Great device.  Seems to work better than the 1st generation!,1,great device seems work better st generation
5,30-Jul-18,White  Dot,Love the echo dot it’s amaxing!!!,1,love echo dot amaxing
5,29-Jul-18,Black  Plus,Love the Echo Plus!! Much better versatility than the first generation Echo. Intercom and voice-controllable smart bulbs are awesome!,1,love echo plus much better versatility first generation echo intercom voicecontrollable smart bulb awesome
5,25-Jun-18,Black,"""The refurbished echo for has been wonderful. I purchased this for my mother. She loves the ability to contact me without a phone, listen to music, weather, and ask questions. It's been a wonderful gift and works excellently with no problems""",1,refurbished echo wonderful purchased mother love ability contact without phone listen music weather ask question wonderful gift work excellently no_problems
5,23-Jul-18,Black  Plus,So far I love it.  It was easy to set up - if I can do it anybody can.  Speakers are great and its fun to play my music with just a voice command!,1,far love easy set anybody speaker great fun play music voice command
3,30-Jul-18,Black  Dot,"""It won’t work as a blue tooth speaker with my tv,it connects but won’t work""",2,not_work blue tooth speaker tvit connects not_work
4,28-Jul-18,Black  Show,Great Product,1,great product
1,28-Jul-18,Black,I returned 2 Echo Dots & am only getting refund for 1. I returned 2 in one package. I want my refunds for both of them. They are in the same package. Can you not see them both???!!!,0,returned echo dot getting refund returned one package want refund package not_see
3,30-Jul-18,Black  Plus,"""Still need more AI built into it to interact better. It needs to continue the conversation sometimes if the finding / answer needs to be right. You can't keep stop Alexa and ask again and again. Also, it should be able to access the wikipedia, dictionary in many areas with better and fast access.Needs to hear us better. Also, we should be able to name it on our own instead calling Alexa or Echo. Price can be reduced a bit (value based) and updates should be auto and daily to improve it.  Connectivity to other home equipment can be imrproved as well.Good product with good sound quality, but needs more AI built in.""",2,still need ai built interact better need continue conversation sometimes finding answer need right not_keep stop alexa ask also able access wikipedia dictionary many area better fast accessneeds hear u better also able name instead calling alexa echo price reduced bit value based update auto daily improve connectivity home equipment imrproved wellgood product good sound quality need ai built
5,30-Jul-18,Black  Show,Amazing!,1,amazing
5,28-Jul-18,Black  Spot,still learning how to ise it but is DOES NOT disappoint. I’m giving to everyone for Christmas so I can “check in” on them unnannounced like they do me...just show up with no advanced warning!!!,1,still learning ise not_disappoint giving everyone christmas check unnannounced like mejust show no_advanced warning
5,13-Jul-18,Black,"""I love you, Alexa!""",1,love alexa
1,29-Jul-18,Black  Plus,Alexa didn’t know answers to many questions we asked. For example we asked how many cups in a pound and she said a pound is a form of money,0,alexa not_know answer many question asked example asked many cup pound said pound form money
5,29-Jul-18,Black  Show,Easy setup. Was up and running in minutes. The learning feature is outstanding. Now I know why Amazon is so far ahead of the competition.,1,easy setup running minute learning feature outstanding know amazon far ahead competition
5,30-Jul-18,Charcoal Fabric ,It’s awesome,1,awesome
5,30-Jul-18,Charcoal Fabric ,I LIKE IT ALL,1,like
5,30-Jul-18,Black  Dot,It does what it's suppose to do great product.,1,suppose great product
5,30-Jul-18,White  Spot,We absolutely love this product!!! Wish we would have bought this instead of the dots!!!,1,absolutely love product wish would bought instead dot
5,29-Jul-18,Charcoal Fabric ,Alexa rocks,1,alexa rock
5,30-Jul-18,Configuration: Fire TV Stick,It was perfect.  Works like a charm.,1,perfect work like charm
5,25-Jun-18,Black,Works amazingly. I bought it for my daughter and she loves it.,1,work amazingly bought daughter love
5,29-Jul-18,Sandstone Fabric ,Very responsive. Great sound quality for its size.,1,responsive great sound quality size
4,30-Jul-18,Charcoal Fabric ,"""It's better than the 1st gen in every way except for one.  I really miss the ring at the top for volume control.  It was quicker and easier to just grab the top and twist without having to look at the buttons and find the &#34;-&#34; one and press it a few times.  I also wish the bass was a bit better.  All in all, it's a great device and I'm happy with it.""",1,better st gen every way except one really miss ring top volume control quicker easier grab top twist without look button find one press time also wish bass bit better great device happy
5,30-Jul-18,Configuration: Fire TV Stick,Easy to set up and use.,1,easy set use
5,30-Jul-18,Heather Gray Fabric ,"""awesome thing, love Alexa""",1,awesome thing love alexa
1,28-Jul-18,Charcoal Fabric ,Alexa hardly came on..,0,alexa hardly came
5,27-Jul-18,Black  Spot,"""Wasn't so sure about bringing &#34;smart technology&#34; into my home, but I'm hooked! I love the sleek look of the Echo Spot on my nightstand and how easy it was to set up and use. I also love that it scrolls the news, local weather, and give suggestions of what to ask Alexa. I use this as my alarm clock, speaker, and have it sync'd with the Etekcity Voltson Wi-Fi Smart Plugs to control the lighting in my apartment.""",1,not_so sure bringing smart technology home hooked love sleek look echo spot nightstand easy set use also love scroll news local weather give suggestion ask alexa use alarm clock speaker syncd etekcity voltson wifi smart plug control lighting apartment
5,29-Jul-18,Charcoal Fabric ,Everything,1,everything
5,29-Jul-18,Sandstone Fabric ,"""Still getting used to Alexa, don't have her connected to our TV yet or other things right now use her for music and information, which she is great!!""",1,still getting used alexa not_have connected tv yet thing right use music information great
4,30-Jul-18,Black  Spot,"""I like that it's smaller, but it has never understood commands as easily as our first-gen original Echo did.""",1,like smaller never_understood command easily firstgen original echo
5,30-Jul-18,Charcoal Fabric ,This device is awesome!,1,device awesome
5,30-Jul-18,Configuration: Fire TV Stick,"""The first stick is a solid, entry level, device and does what it's supposed to do.""",1,first stick solid entry level device supposed
4,29-Jul-18,Charcoal Fabric ,We really only use this as a speaker to stream music. We’ve had it 7 months and it’s just kinda useless.,1,really use speaker stream music month kind useless
5,26-Jul-18,Black  Spot,"""I got this for my husband on Prime Day. He loves it as his alarm clock and smart device. This is our 3rd Echo device, and we have them all connected throughout the house. Although you can deactivate the camera, we also chose to cover it since the device is in our bedroom. I'm not comfortable with having a camera in the room (no, we don't bring our cell phones in the room).""",1,got husband prime day love alarm clock smart device rd echo device connected throughout house although deactivate camera also chose cover since device bedroom not_comfortable camera room no_we not_bring cell phone room
5,31-Jul-18,Black  Dot,beyond awesome,1,beyond awesome
5,29-Jul-18,Black  Show,"""The packaging was beautiful and then there she was!! We have 2 dots and an echo plus already. Now we have the show and we love it. An echo for each room!You can also say &#34;Alexa, turn off the screen&#34; and it will go black. This is good for sleeping.""",1,packaging beautiful dot echo plus already show love echo roomyou also say alexa turn screen go black good sleeping
5,30-Jul-18,Configuration: Fire TV Stick,"""It’s better than I thought, it practically turns your regular tv into a smart tv!""",1,better thought practically turn regular tv smart tv
5,30-Jul-18,Configuration: Fire TV Stick,"""I don't have Alexa, but after getting this I'm feeling inspired to get one. I feel this is a good gateway and or Alexa trial, and liking it so far.  Channels work just fine like Apple TV, just need to check if there is a phone app for a keyboard typing, because spelling things out on keyboard sucks for searching YouTube clips""",1,not_have alexa getting feeling inspired get one feel good gateway alexa trial liking far channel work fine like apple tv need check phone app keyboard typing spelling thing keyboard suck searching youtube clip
5,29-Jul-18,Charcoal Fabric ,This unit add much pleasure to our Echo Plus.  We now can have music and information through our home. (or just in one room),1,unit add much pleasure echo plus music information home one room
4,29-Jul-18,Heather Gray Fabric ,Good hearing range and sound quality. It was a bit complicated to set up and she doesn't quite understand me a lot even when I am speaking slowly and clearly but I love the flash briefing feature and interfacing with my abode home security system.,1,good hearing range sound quality bit complicated set not_quite understand lot even speaking slowly clearly love flash briefing feature interfacing abode home security system
2,30-Jul-18,Configuration: Fire TV Stick,"""Had to return it as Hulu does not work on device.  It kept coming up with errors, and Hulu app not being able to open at times.  It was hit and miss, and at times, Hulu will stop working right in the middle of a show or movie.  Plus fire stick is very slow in opening the apps.""",0,return hulu not_work device kept coming error hulu app not_being able open time hit miss time hulu stop working right middle show movie plus fire stick slow opening apps
5,30-Jul-18,Configuration: Fire TV Stick,Still learning how to use it but like it so far. We played music from YouTube and a couple movies on it. No complaints,1,still learning use like far played music youtube couple movie no_complaints
5,29-Jul-18,Heather Gray Fabric ,"""I was hesitant to buy the echo because I have the echo Dot and it seems good enough. The echo is the same except the sound quality, which I really didn't feel I needed. However, I am so glad I got it. What a difference! The sound really is far superior to the Echo Dot! Now I can listen to The Greatest Showman with a little more power!""",1,hesitant buy echo echo dot seems good enough echo except sound quality really not_feel needed however glad got difference sound really far superior echo dot listen greatest showman little power
5,28-Jul-18,Charcoal Fabric ,Great device.  Seems to work better than the 1st generation!,1,great device seems work better st generation
5,30-Jul-18,Black  Show,works great.. nice sound and picture,1,work great nice sound picture
5,30-Jul-18,Heather Gray Fabric ,Very cool product. Speaker sounds good with my Spotify blasting through it.,1,cool product speaker sound good spotify blasting
2,29-Jul-18,Sandstone Fabric ,"""I am not super impressed with Alexa. When my Prime lapsed, she wouldn't play anything. She isn't smart enough to differentiate among spotify accounts so we can't use it for that either. She randomly speaks up when nobody is talking to her. Just today I unplugged her...not sure I'll ever use my Alexa again.""",0,not_super impressed alexa prime lapsed would not_play anything not_smart enough differentiate among spotify account not_use either randomly speaks nobody_is talking today unplugged hernot sure ever use alexa
5,30-Jul-18,Black  Plus,Did take me about 6 hours to set it up I have a Galaxy S9 phone when I got used to the system setup it was in seconds edit my light bulbs adding a string of lights simple easy,1,take hour set galaxy phone got used system setup second edit light bulb adding string light simple easy
5,30-Jul-18,Black  Dot,LOVE it. I got this for my boyfriend for his birthday and his kids have a blast asking Alexa all kinds of questions and having her tell silly jokes. We love it.,1,love got boyfriend birthday kid blast asking alexa kind question tell silly joke love
4,30-Jul-18,Configuration: Fire TV Stick,I have 2 of them the one I have to reset it at least once a week or so some times twice,1,one reset least week time twice
5,14-Jul-18,Black  Plus,"""Love, Love, Love my Amazon Echo Plus!!❤️❤️""",1,love love love amazon echo plus
5,30-Jul-18,Black  Dot,I love how compact it is.,1,love compact
4,30-Jul-18,White  Dot,I like it and it’s helful but it can only do certain thongs that is supported by amazon.,1,like helful certain thong supported amazon
4,30-Jul-18,White  Dot,"""We are still testing this one out and so far, we like it. I was very hesitant about putting a voice activated device in our home and this would be our first. Unfortunately, it sometimes gets our WiFi light bulbs mixed up and won't turn them on but we've been able to manage and fix it. I mean, it's convenient, especially for those unable to reach to turn off lights or electronics that you could hook up to the Dot. I do like that it plays music and has reminders, alarms, etc - I'm just still getting used to the fact that The Man is always listening now.""",1,still testing one far like hesitant putting voice activated device home would first unfortunately sometimes get wifi light bulb mixed not_turn able manage fix mean convenient especially unable reach turn light electronics could hook dot like play music reminder alarm etc still getting used fact man always listening
4,19-Jul-18,Black  Spot,"""Having received this as a gift, I am writing my initial thoughts: (compared to my google home mini)PROS:  Way easier to setup than the google home mini.  I was able to connect ALL of my smart home device (unlike google) without any issues.  Making phone calls on this was clearer for the receiver to understand me.CONS:  Need to enable 'skills' to get more functionality.  Google home has built in functionality to search the web for answer to questions easier than  the amazon echo.  Could not connect this to youtube.""",1,received gift writing initial thought compared google home minipros way easier setup google home mini able connect smart home device unlike google without issue making phone call clearer receiver understand mecons need enable skill get functionality google home built functionality search web answer question easier amazon echo could not_connect youtube
1,24-May-18,Black,I set up the Echo Dot and it worked for an hour and then died completely. DO NOT BUY refurbished!!!! I sent back for return the day after I received.,0,set echo dot worked hour died completely not_buy refurbished sent back return day received
5,15-Jul-18,Black  Spot,"""I’m not sure why or how Amazonia asking me about this purchase. I got it as a gift from my kids for Mother’s Day...  It was not bought from my account. Lil bit creepy 😑. I haven’t really had much use for it as no one calls, they text. So that part meh. The other things it does are no different than the other Alexa products.""",1,not_sure amazonia asking purchase got gift kid mother day not_bought account lil bit creepy not_really much use no_one call text part meh thing no_different alexa product
5,30-Jul-18,Black  Dot,Love it... can't stop using it..,1,love not_stop using
5,30-Jul-18,Configuration: Fire TV Stick,Love how I can take it on vacation and use it. Very easy to set up.,1,love take vacation use easy set
5,29-Jul-18,Charcoal Fabric ,Good sound. Like it for music and scheduling. Like that i can get random thoughts recorded while I think about them. The jokes are cute!,1,good sound like music scheduling like get random thought recorded think joke cute
5,15-Jul-18,Black,I love it works very well,1,love work well
5,4-Jul-18,Black  Plus,Echo Plus with built-in Hub - Black ...Amazon,1,echo plus builtin hub black amazon
5,22-Jun-18,Black,Happy with this as I was with the other 2 I ordered!!,1,happy ordered
5,29-Jul-18,Charcoal Fabric ,Technology in such a small device. The price was good too! The sound is amazing! A must have feature for any home!,1,technology small device price good sound amazing must feature home
5,29-Jul-18,White  Show,"""My daughter has an Echo Show and she told me how much she loved it. I bought a white one for my kitchen and absolutely love it!  It has all the features of the others plus great extras. The sound system is awesome. I also own the original Echo Tower, Dots and Spot. Each are great and have their uses around my house. I highly recommend all of these products.""",1,daughter echo show told much loved bought white one kitchen absolutely love feature others plus great extra sound system awesome also original echo tower dot spot great us around house highly recommend product
5,31-Jul-18,Configuration: Fire TV Stick,Ummm... TV like everyone else.,1,ummm tv like everyone else
5,30-Jul-18,Configuration: Fire TV Stick,availability of movies and nothing I don't like,1,availability movie nothing_i not_like
5,30-Jul-18,Black  Dot,"""Perfect for kids, adults and everyone in between!!""",1,perfect kid adult everyone
5,30-Jul-18,Black  Show,"""Works exactly how you would expect, right out of the box. I love being able to not only hear, but now see, what I need on this device. I loved my regular echo, but the Show is just so much better!  It works wonderfully for music (especially paired with the Amazon music account) and is perfect with my ring doorbell. Love it!""",1,work exactly would expect right box love able not_only hear see need device loved regular echo show much better work wonderfully music especially paired amazon music account perfect ring doorbell love
5,30-Jul-18,Configuration: Fire TV Stick,It worked as a charmed.,1,worked charmed
4,29-Jul-18,Heather Gray Fabric ,"""Very cool product. Easy to setup, fun to use and sound quality is much better than I anticipated.""",1,cool product easy setup fun use sound quality much better anticipated
4,30-Jul-18,Black  Dot,I liked linking two more rooms in the home,1,liked linking two room home
5,30-Jul-18,Black  Dot,"""Very helpful for playing music, setting alarms, and talking to you when you are lonely.""",1,helpful playing music setting alarm talking lonely
4,29-Jul-18,Black  Spot,"""I am a hardcore fan of Echo. Infact I am in love with all members of my Alexa family. I have Echo, Echo Dot, Echo Plus and now this new toddler Echo Spot. Every variant has its own beauty. I love feel and size of Echo Spot. It’s fabulous as far as looks are concerned. It does not have great Audio quality (which I did not expect at the time of placing order because of its compact and small size). I bought it to connect with my Bose SoundTouch.""",1,hardcore fan echo infact love member alexa family echo echo dot echo plus new toddler echo spot every variant beauty love feel size echo spot fabulous far look concerned not_have great audio quality not_expect time placing order compact small size bought connect bose soundtouch
5,29-Jul-18,Charcoal Fabric ,It’s smaller than the original. Looks nicer too.,1,smaller original look nicer
5,30-Jul-18,Black  Show,"""Love it!  Great to request music and be able to see lyrics.  I had a dot, but this is so much better.""",1,love great request music able see lyric dot much better
5,30-Jul-18,Configuration: Fire TV Stick,Great and easy to use,1,great easy use
1,12-Jun-18,Black,"""Stopped working after 7 months. The warranty was only good for 3 months. I would have assumed an amazon product sold on amazon would have had higher standards than guaranteeing that it would work for 3 whole months. I mean what is this product supposed to be, a piece of junk?They offered my a 15% discount if I wanted to buy another one. Why would I want to buy another one?""",0,stopped working month warranty good month would assumed amazon product sold amazon would higher standard guaranteeing would work whole month mean product supposed piece junkthey offered discount wanted buy another one would want buy another one
5,30-Jul-18,Black  Dot,"""Makes turning on and off things in the house so simple. Great for little updates as well, like checking the weather and such.""",1,make turning thing house simple great little update well like checking weather
4,30-Jul-18,Heather Gray Fabric ,"""Did t really know what I could use this device for. Used it for a few things, but need an overview""",1,really know could use device used thing need overview
5,30-Jul-18,Configuration: Fire TV Stick,"""absolutely an amazing device, very easy to setup and use""",1,absolutely amazing device easy setup use
5,30-Jul-18,Black  Dot,Have the echo wanted something smaller in another room  they work together great,1,echo wanted something smaller another room work together great
5,30-Jul-18,Black  Dot,Good but it’s pretty low,1,good pretty low
3,30-Jul-18,Black  Dot,Not impressed,2,not_impressed
5,26-Jul-18,Black  Spot,"""Bedroom clock , ask questions,  weather reportsAlarm clock ⏰. Music 🎶 download music""",1,bedroom clock ask question weather reportsalarm clock music download music
5,30-Jul-18,Black  Show,I love it,1,love
5,29-Jul-18,Charcoal Fabric ,"""This was given to my 7 year at the time as a birthday gift from his dad. He loves it, ask Alexa anything she has the answer, plus it’s good for homework. So I purchased one on prime day for my bathroom for when I’m getting ready for work. I listen to music at 4am and the base it’s metro booming.. Replacement for my clock radio, plus I have the echo dot on my night stand as my alarm clock..""",1,given year time birthday gift dad love ask alexa anything answer plus good homework purchased one prime day bathroom getting ready work listen music base metro booming replacement clock radio plus echo dot night stand alarm clock
5,30-Jul-18,Configuration: Fire TV Stick,very easy to set up and very easy to use,1,easy set easy use
5,29-Jul-18,Heather Gray Fabric ,Love it but having a hard time setting up all the apps,1,love hard time setting apps
5,30-Jul-18,Oak Finish ,Versatile and fun !!!,1,versatile fun
4,27-Jul-18,Black  Plus,"""Wish it would have came with the lightbulb, but otherwise works great, fast delivery, and I enjoy using it!""",1,wish would came lightbulb otherwise work great fast delivery enjoy using
5,26-Jul-18,Black  Plus,Ease of use and many tasks it will perform,1,ease use many task perform
3,29-Jul-18,Charcoal Fabric ,I don't think the &#34;2nd gen&#34; sounds as good as the 1st.  But it does have an aux out... so you could add an external speaker.  But if you are going to do that why wouldn't you just get a dot?  2nd issue is (which isn't unique to this unit but I don't understand why I can't override the default that prevents you from playing a blue tooth speaker while playing through a &#34;group&#34;.  I get there is a delay when using a BT speaker.  But if the other units are not where they can be heard then I should be able to play as a group while using the BT speaker.,2,not_think nd gen sound good st aux could add external speaker going would not_you get dot nd issue not_unique unit not_understand not_override default prevents playing blue tooth speaker playing group get delay using bt speaker unit not_where heard able play group using bt speaker
5,30-Jul-18,Configuration: Fire TV Stick,I love it! Super easy to use. Hole the button and speak....takes you right to it without delay :-),1,love super easy use hole button speaktakes right without delay
5,30-Jul-18,Configuration: Fire TV Stick,"""This product replaces the 1st generation Fire Stick I had, and what an improvement in speed in both showing Amazon content but ALL apps downloaded on PRODUCT! I bought in on PRIME day for $19 .... BEST DEAL EVER !""",1,product replaces st generation fire stick improvement speed showing amazon content apps downloaded product bought prime day best deal ever
5,30-Jul-18,White  Plus,Happy with Echo Plus. Having fun learning what I can do with it.,1,happy echo plus fun learning
5,30-Jul-18,Sandstone Fabric ,Love it,1,love
1,30-Jul-18,White  Dot, ,0,no_review
5,28-Jul-18,Black  Show,Love the speakers and the screen.,1,love speaker screen
5,30-Jul-18,Black  Plus,"""I love every aspect of the Echo Plus, I wanted it for my office. The light was also for my desk lamp.""",1,love every aspect echo plus wanted office light also desk lamp
3,29-Jul-18,Heather Gray Fabric ,I like the interaction of asking questions. I don’t like that I can’t ask her to setup schedule of off and on of connected lamp.,2,like interaction asking question not_like not_ask setup schedule connected lamp
5,23-Jul-18,Black  Spot,Husband loves it!,1,husband love
4,22-Jul-18,White  Plus,I bought 2 of these (plus 2 Echo Dot 2nd Generation) on Prime Days. Love the Echo Plus easy to setup. The reason for the 4 star is the fact that one of them did not arrive with the free Philips Hue White A19 Single LED Bulb Works with Amazon Alexa. There is no one to call to find out why.,1,bought plus echo dot nd generation prime day love echo plus easy setup reason star fact one not_arrive free philip hue white single led bulb work amazon alexa no_one call find
3,31-Jul-18,Configuration: Fire TV Stick,Great buy at $20!,2,great buy
5,30-Jul-18,Black  Dot,"""Does what I expected, and more.""",1,expected
5,29-Jul-18,White  Spot,Love my Amazon products,1,love amazon product
2,26-Jul-18,White  Spot,"""Honestly it's no different from the Echo dots I already own,  other then occasionally seeing the lyrics to a song I'm listening too i really don't see the difference.""",0,honestly no_different echo dot already occasionally seeing lyric song listening really not_see difference
4,30-Jul-18,Black  Show,"""Pleased with the Echo, it is loud and can hear my voice and understand much better than previous versions.""",1,pleased echo loud hear voice understand much better previous version
5,21-Jul-18,Black  Spot,"""It does so much more than I knew when I bought it. It pretty much runs my house, helps me fall asleep, takes care of my schedule, and entertainment""",1,much knew bought pretty much run house help fall asleep take care schedule entertainment
5,10-Jul-18,White,We have a few echos already. Went for this one in refurbished to save a few bucks. It works great. I love this new generation one because it has a rubber bottom - nice.,1,echo already went one refurbished save buck work great love new generation one rubber bottom nice
5,30-Jul-18,Black  Dot,"""I am really enjoying the many different features on my Alexa, especially listening to music and audio books""",1,really enjoying many different feature alexa especially listening music audio book
1,30-Jul-18,Black  Dot,I didn’t order it,0,not_order
5,29-Jul-18,Charcoal Fabric ,The best part of this product is you can control the thermostat and lights for your house.  There isn’t anything I dislike.,1,best part product control thermostat light house not_anything dislike
5,21-Jul-18,Black  Spot,"""The screen response time is way better than I expected. Sound quality is good too, also it’s not so bright that I have to turn off the screen but it is an option.  I have a Dot in another room and which ever hears me better is the one that responds.""",1,screen response time way better expected sound quality good also not_so bright turn screen option dot another room ever hears better one responds
5,29-Jul-18,Black  Spot,Setup was easy and it is a fantastic alarm clock,1,setup easy fantastic alarm clock
5,29-Jul-18,Black  Show,Am very happy now that i can see.,1,happy see
5,29-Jul-18,Black  Plus,This Echo Plus has proved to be the most innovative improvement in my life!,1,echo plus proved innovative improvement life
5,30-Jul-18,Heather Gray Fabric ,"""I love the sound quality of this unit, it is a very clear sound.""",1,love sound quality unit clear sound
5,30-Jul-18,Configuration: Fire TV Stick,Easy to install and operate. Works with Alexa voice commands.,1,easy install operate work alexa voice command
5,30-Jul-18,White  Show,love the Echo show great in  kitchen  for recipes,1,love echo show great kitchen recipe
5,29-Jul-18,Heather Gray Fabric ,Love the feature to play music in every room with multiple Echos.,1,love feature play music every room multiple echo
5,30-Jul-18,White  Dot,"""I live alone, this is the best companion!""",1,live alone best companion
5,20-Jul-18,Black  Plus,Absolutely love it..  only thing that would make it better is if was rechargeable.  When playing  music with  Bluetooth speaker outside I have to go inside to change songs.,1,absolutely love thing would make better rechargeable playing music bluetooth speaker outside go inside change song
5,28-Jul-18,Black  Spot,Love these!,1,love
3,30-Jul-18,Black  Dot,"""I bought this for my healing room.  I play continuous spa like music. Although Alexa knows the type of music needed, the device does not deliver quality sound it sounds muffled.  I didn't know I had to buy speakers too.""",2,bought healing room play continuous spa like music although alexa know type music needed device not_deliver quality sound sound muffled not_know buy speaker
5,30-Jul-18,Black  Spot,Easy setup  Love it!,1,easy setup love
4,6-Jun-18,Black,works as promised,1,work promised
5,28-Jul-18,Black  Show,"""Great product, great price on Prime Day.  Thanks Alexa!""",1,great product great price prime day thanks alexa
5,30-Jul-18,Configuration: Fire TV Stick,Easy to set up,1,easy set
5,29-Jul-18,White  Show,Echo Show is my personal assistant! Awesome!!!,1,echo show personal assistant awesome
5,29-Jul-18,Charcoal Fabric ,Our family really loves this new Echo,1,family really love new echo
5,18-Jul-18,White  Spot,"""Got it and, as expected, ITS GREAT! Almost a swell as my SHOW.""",1,got expected great almost swell show
3,30-Jul-18,Configuration: Fire TV Stick,Its ok... my home screen on my fire stick is not working on my television. So by that not working...Alexa will not respond to any questions or commands....I'm going to reach out to Amazon this weekend.,2,ok home screen fire stick not_working television not_workingalexa not_respond question commandsi going reach amazon weekend
5,30-Jul-18,Configuration: Fire TV Stick,"""Like it alots, something different than traditional television. The use of Alexa is nice too.""",1,like alots something different traditional television use alexa nice
5,30-Jul-18,Heather Gray Fabric ,I am thoroughly enjoying my Ecoo!  Love to have it read my audiobook to me while in the office and then I can simply open the audiobook on my kindle to continue it when elsewhere. Wonderful for listening to music when not in the mood for a book. Great for setting reminders for myself too and so much more.,1,thoroughly enjoying ecoo love read audiobook office simply open audiobook kindle continue elsewhere wonderful listening music not_in mood book great setting reminder much
5,30-Jul-18,Charcoal Fabric ,I love having an Alexa!,1,love alexa
5,29-Jul-18,Charcoal Fabric ,I love it!!,1,love
1,24-May-18,Black,This Echo Dot is horrible. The volume on my phone is louder than than this device. My boss has one at this is not the case,0,echo dot horrible volume phone louder device bos one not_the case
5,30-Jul-18,White  Spot,I love the Echo Spot. This bedside alarm clock size device can do what theEcho Show can do. I was concerned because I already had a large Echo in mybedroom that answered to “Alexa” like the other devices in my home. I wasconcerned about having both devices answering at the same time when I discoveredthat I had other name choices (not enough for me but just enough to avoid confusion).I named him “Echo.” Now if I could only choose a male voice. I loved that I could link it tomy security camera and my new doorbell. So many more features. Don’t forget to buy thestand/base. So many advantages to having that. Read the reviews. Highly recommend.,1,love echo spot bedside alarm clock size device theecho show concerned already large echo mybedroom answered alexa like device home wasconcerned device answering time discoveredthat name choice not_enough enough avoid confusioni named echo could choose male voice loved could link tomy security camera new doorbell many feature not_forget buy thestandbase many advantage read review highly recommend
5,30-Jul-18,Configuration: Fire TV Stick,Awesome product!,1,awesome product
5,30-Jul-18,Black  Show,We love our Echo Show!,1,love echo show
5,30-Jul-18,Black  Dot,It was easy to set up and affordable! Love it!,1,easy set affordable love
4,30-Jul-18,Black  Dot,Easy to set up. Still trying to get it to connect to a light bulb smart plug. Grandkids think Alex is cool!,1,easy set still trying get connect light bulb smart plug grandkids think alex cool
5,26-Jul-18,White,Bought for my bathroom to listen when I'm in the shower.  Love it.,1,bought bathroom listen shower love
5,28-Jul-18,Black  Show,"""I absolutely love this thing. And I love AMAZON because my Echo Show went bonkers and all it took was a brief chat and Voila, a new one to replace it is on the way. I was floored when the screen started blurring and shaking and jumping and missing part of its data. Alexa still talked but I couldn't watch movies. SO HAPPY that Amazon is so easy to deal with and makes good on its products without any hassle at all.""",1,absolutely love thing love amazon echo show went bonkers took brief chat voila new one replace way floored screen started blurring shaking jumping missing part data alexa still talked could not_watch movie happy amazon easy deal make good product without hassle
5,30-Jul-18,Black  Dot,Perfect!  Fast shipment and packaging.  Worked as intended.,1,perfect fast shipment packaging worked intended
3,30-Jul-18,Sandstone Fabric ,like google better,2,like google better
5,30-Jul-18,Black  Show,"""Alexa Show is amazing. My wife hated that I bought it, thought we didn't need it and after a day she fell in love with Alexa too lol. It is so convenient for setting timers, listening to music, playing music for the dog while im not home, connecting to bluetooth speakers for parties, playing movies. I love it!""",1,alexa show amazing wife hated bought thought not_need day fell love alexa lol convenient setting timer listening music playing music dog not_home connecting bluetooth speaker party playing movie love
5,29-Jul-18,Heather Gray Fabric ,I love Alexa!  I am surprised how much I use her.,1,love alexa surprised much use
5,28-Jul-18,Charcoal Fabric ,"""I’m still learning how to use the Echo, but so far I love it!""",1,still learning use echo far love
3,30-Jul-18,Black  Dot,"""Got this for my 2nd Echo in the house, I already have the regular Echo.  The Echo Dot was easy to set up but the sound is not enjoyable, wishing I would have just gone with another regular Echo solely based on sound.""",2,got nd echo house already regular echo echo dot easy set sound not_enjoyable wishing would gone another regular echo solely based sound
5,28-Jul-18,Black  Show,"""I love it! Plays great music, movies, and so much more. I does lag when u want to see your arlo security cameras thou. So far so good. Wish it had a longer cord.""",1,love play great music movie much lag want see arlo security camera thou far good wish longer cord
5,30-Jul-18,Black  Dot,"""We have 3 echos now, even one in the barn, great idea for when I am working with my horse, can still get news flashes & my music!""",1,echo even one barn great idea working horse still get news flash music
5,30-Jul-18,White  Spot,"""Love it!! Perfect for an alarm clock replacement, plus so much more!!""",1,love perfect alarm clock replacement plus much
5,29-Jul-18,Charcoal Fabric ,"""Works and sounds great! My house is barely 1100sf, and I have this sitting on my kitchen counter. I can hear it, and speak to it from any room. Lots of functionality still to discover.""",1,work sound great house barely sf sitting kitchen counter hear speak room lot functionality still discover
5,20-Jul-18,Black  Plus,"""Alexa helps with more than just lights or music, it helps out when your kids think they know everything and you know nothing  lol  Sweet  love it  so much so I purchased 2, Alexa has been a great purchase for my uncle whom lives by himself, when I got it he wasnt so keen on it, but now its his best friend, he tells her goodmorning and she will say it back along with a description on something that is happening today or something special that happened years ago on that day, as well as sang him Happy birthday  lolol  he now has educated him self on things he never knew, and laughs at the things she may say when he waits to see he response to something hes asked  love it, and to think I was going to hate it.""",1,alexa help light music help kid think know everything know nothing_lol sweet love much purchased alexa great purchase uncle life got not_so keen best friend tell goodmorning say back along description something happening today something special happened year ago day well sang happy birthday lolol educated self thing never_knew laugh thing may say wait see response something he asked love think going hate
2,26-Jul-18,Black,Doesn't always respond when spoken to with promp word. I thought it would connect to my echo upstairs and use it like an intercom haven't been able to do that.,0,not_always respond spoken promp word thought would connect echo upstairs use like intercom not_been able
4,30-Jul-18,Black  Dot,Wish volume was capable of going louder,1,wish volume capable going louder
5,28-Jul-18,Black  Plus,Love this thing. Easy to setup and  looking forward to adding more smart devices to my home.,1,love thing easy setup looking forward adding smart device home
5,30-Jul-18,Black  Dot,"""I had put this off for awhile but finally got around to buying 3 of them for my home. My wife is legally blind and cannot use the computer. This has been a Godsend, 100%. We have the Amazon music for her and now she can listen to music, check the weather, get phone numbers, make calls, etc., etc.. We are still learning but I tell you, this is absolutely amazing. I purchased 4 more for my extended family and the grandchildren absolutely love playing their music on Alexa. With the wifi and direct cable capability, the speaker/stereo options are there for the choosing. This is well worth the money. You won't regret this at all!""",1,put awhile finally got around buying home wife legally blind not_use computer godsend amazon music listen music check weather get phone number make call etc etc still learning tell absolutely amazing purchased extended family grandchild absolutely love playing music alexa wifi direct cable capability speakerstereo option choosing well worth money not_regret
5,29-Jul-18,Charcoal Fabric ,I use it in my office and another at my apartment for music and information,1,use office another apartment music information
5,27-May-18,Black,Es perfecto.,1,e perfecto
5,30-Jul-18,White  Dot,Set up is so easy.,1,set easy
5,30-Jul-18,Configuration: Fire TV Stick,Makes accessing all of the Apps easy. Love the voice control.,1,make accessing apps easy love voice control
5,12-Jun-18,White,"""Just like new. No problems whatsoever, Alexa. Thank you.""",1,like new no_problems whatsoever alexa thank
5,29-Jul-18,Charcoal Fabric ,Great sound from a little speaker,1,great sound little speaker
5,30-Jul-18,Black  Dot,"""We are still in the discovery phase, but so far we are enjoying the smart home features we have installed.""",1,still discovery phase far enjoying smart home feature installed
5,30-Jul-18,Heather Gray Fabric ,Good sound works well,1,good sound work well
5,30-Jul-18,Black  Plus,"""It's a great product with many good aspects, it easy to setup and control with intuitive straight forward instructions. The included lightbulb was excellent and worked perfectly. I very much enjoy this product and recommend it.""",1,great product many good aspect easy setup control intuitive straight forward instruction included lightbulb excellent worked perfectly much enjoy product recommend
5,29-Jul-18,Black  Spot,I wanted to see my security video cameras without having to use my phone. Works great and extremely easy to set up.,1,wanted see security video camera without use phone work great extremely easy set
5,28-Jul-18,Black  Show,Works well,1,work well
5,30-Jul-18,Black  Show,"""Used for personal use. We like hearing weather, news from CNN, and various playlists.""",1,used personal use like hearing weather news cnn various playlist
5,29-Jul-18,Sandstone Fabric ,Easy to use and has great sound...It was a great purchase at a great price.,1,easy use great soundit great purchase great price
5,25-Jul-18,Black  Spot,"""I was on beta list for Alexa, Have a Show, an original Alexa, 4 Echo's and I actually like this the best, even more than show""",1,beta list alexa show original alexa echo actually like best even show
5,31-May-18,White,Works great and simple to set up. Alexa is way more accurate than I imagined so Im using it more than I thought. Wish alarms could be set a bit further out but thats my only complaint.No she's not listening when you don't say the wake word so if you're worried you can lose the conspiracy theories. The speaker is great too so don't hold off on getting one if you were turned off by gen 1 like me.,1,work great simple set alexa way accurate imagined using thought wish alarm could set bit complaintno not_listening not_say wake word worried lose conspiracy theory speaker great not_hold getting one turned gen like
5,29-Jul-18,Black  Show,Super fun !! I ty is what I was expecting,1,super fun ty expecting
5,28-Jul-18,Charcoal Fabric ,if you don't have an Echo you definitely need one,1,not_have echo definitely need one
5,28-Jul-18,Black  Plus,"""Alread had Echos and Dots, but the ability to control Philips Hue bulbs nudged me to buy this on Prime Day.  Another fun product from Amazon.""",1,alread echo dot ability control philip hue bulb nudged buy prime day another fun product amazon
5,30-Jul-18,White  Dot,as expected,1,expected
5,29-Jul-18,Black  Spot,"""Like the little spot,  now our guest room is Alexa enabled.""",1,like little spot guest room alexa enabled
5,28-Jul-18,Black  Show,"""It has a screen, microphones, speaker, and alexa lives inside.  Yup it is an Echo Show.  Expectations met.""",1,screen microphone speaker alexa life inside yup echo show expectation met
5,30-Jul-18,Black  Dot,"""AMAZING. It has helped me become better organized, gives me traffic updates, weather updates, and helps me maintain a good, fast morning routine.""",1,amazing helped become better organized give traffic update weather update help maintain good fast morning routine
5,25-Jul-18,White  Spot,I love my echo spot!,1,love echo spot
5,30-Jul-18,Black  Show,I've only had this a week but so far so good.  We are enjoying it.,1,week far good enjoying
4,15-Jul-18,White  Plus,Alexa is great only she will laugh or add random comments in conversations. Last night I was asking a sibling why they are using Alexa upstairs versus the one downstairs. Then the echo dot downstairs starting singing “oh technology oh technology” kind of weird but it seems to have a mind of its own.,1,alexa great laugh add random comment conversation last night asking sibling using alexa upstairs versus one downstairs echo dot downstairs starting singing oh technology oh technology kind weird seems mind
5,29-Jul-18,Charcoal Fabric ,It's so efficient and amazing!  How COOL!  We all use it often every day...,1,efficient amazing cool use often every day
5,30-Jul-18,Black  Dot,"""I do love these things, i have them running my entire home, TV, all my lights, my thermostat, my front door dead bolt, the cameras... and i love listening to npr. these things are well worth the value and they really shine once you stat adding smart devices and you can control your entire home like its right out of star trek.... I named mine computer to get the feel... but its amazing what you can do with these devices and smart systems.""",1,love thing running entire home tv light thermostat front door dead bolt camera love listening npr thing well worth value really shine stat adding smart device control entire home like right star trek named mine computer get feel amazing device smart system
5,30-Jul-18,Walnut Finish ,A great investment. Alexa has helped me out and made me laugh.,1,great investment alexa helped made laugh
5,29-Jul-18,Heather Gray Fabric ,"""Love it, love it!!!!!!!!""",1,love love
5,30-Jul-18,Charcoal Fabric ,We love the size of the 2nd generation echo. Still needs a little improvement on sound,1,love size nd generation echo still need little improvement sound
5,21-Jul-18,White  Plus,Love it just wish I could play my amazon music on both my devices without having to buy an additional subscription,1,love wish could play amazon music device without buy additional subscription
5,30-Jul-18,White  Dot,I like that it respond most of my comands. Great product.,1,like respond comands great product
5,30-Jul-18,Black  Dot,Very convenient,1,convenient
5,29-Jul-18,Charcoal Fabric ,"""I already have an Alexa and with Amazon find today I could not resist getting an echo also. It is the best thing I ever did, I use them on each side of the house! And couldn't be happier!""",1,already alexa amazon find today could not_resist getting echo also best thing ever use side house could not_be happier
5,6-Jun-18,Black,Bought my first echo dot and loved it so I got this for work. Absolutely love it!,1,bought first echo dot loved got work absolutely love
4,30-Jul-18,Charcoal Fabric ,"""It’s still a great product.But the sound quality does seem worse.Don’t get me wrong. You definitely get used to it within an hour. But it definitely feels like echo gen 1 sound quality was better.Besides that , it’s great.With the addition of being able to play Just over Bluetooth with no WiFi, it’s even better.""",1,still great productbut sound quality seem worsedo not_get wrong definitely get used within hour definitely feel like echo gen sound quality betterbesides greatwith addition able play bluetooth no_wifi even better
5,30-Jul-18,White  Dot,Great. Definitely gets a little old after a while but for $30 I can't really regret it at all. Love having it hooked up to my speakers via bluetooth and waking up to The Smiths.,1,great definitely get little old not_really regret love hooked speaker via bluetooth waking smith
1,30-Jul-18,Configuration: Fire TV Stick,Purchased to use on the road in my semi. Does not work in that application.,0,purchased use road semi not_work application
5,30-Jul-18,Black  Dot,The Echo Dot was everything that I expected and more.,1,echo dot everything expected
4,28-Jul-18,Black  Show,It is great. But it would be better there was a way to use headphones with it.,1,great would better way use headphone
5,30-Jul-18,Black  Dot,"""My new best friend!! I'm a little behind the times I've never had anything like this, another alexa or google home, so to me this is a super amazing useful tool. I use it to play sleep sounds to sleep. I use it for my amazon audible books. Set alarms, reminders, receive notifications, play games with her. Have her tell me a short story lol. It's pretty fun. I know some people complained about the speaker I'm not sure why. I'm sure if you have an open concept house all to yourself and want to blast music no this might not blast it around loud enough. But I rent a room and in my bedroom it's perfect I don't have any problems with the speaker. Love everything about it!""",1,new best friend little behind time never_had anything like another alexa google home super amazing useful tool use play sleep sound sleep use amazon audible book set alarm reminder receive notification play game tell short story lol pretty fun know people complained speaker not_sure sure open concept house want blast music no_this might not_blast around loud enough rent room bedroom perfect not_have problem speaker love everything
2,14-Jul-18,White  Plus,"""The sound quality is not that good, especially for the price that you pay for this. I would recommend to get the Echo Dot and buy a better speaker instead. Maybe Sonos and use the Echo dot.""",0,sound quality not_that good especially price pay would recommend get echo dot buy better speaker instead maybe sonos use echo dot
5,30-Jul-18,Black  Dot,Easy to set up and does everything it’s a poster. Despite its small size the speakers are adequate. Understands instructions from across the room. Very happy with the purchase.,1,easy set everything poster despite small size speaker adequate understands instruction across room happy purchase
5,30-Jul-18,Configuration: Fire TV Stick,Great streaming device,1,great streaming device
5,29-Jul-18,Charcoal Fabric ,great sound,1,great sound
5,5-Jul-18,Black  Plus,STILL TRYING TO LINK TO MY SON'S AND DAUGHTER'S IN THEIR ROOMS...,1,still trying link son daughter room
5,29-Jul-18,Charcoal Fabric ,Very easy to set up and have no issues.,1,easy set no_issues
5,30-Jul-18,Configuration: Fire TV Stick,I love how it is Alexa enabled. I just say the show I want to watch and &#34;she&#34; knows how and where to find it for me!,1,love alexa enabled say show want watch know find
5,28-Jul-18,Black  Show,Let’s start with.Dislikes: Now I want to buy 7 more to have them all over my house.Do I even need to add my likes now? HahaAwesome fun and useful. Nothing else to say.,1,let u start withdislikes want buy housedo even need add like hahaawesome fun useful nothing_else say
5,24-Jul-18,Black  Spot,"""I liked it, perfect size, the screen is really clear,  and elegant.""",1,liked perfect size screen really clear elegant
3,28-Jul-18,Black  Spot,I was hoping for a better clock face to make this an alarm clock replacement .  The display brightness dims too much at night to accomplish this task.The display works well for camera viewing.It is an attractive device. and a decent value at $99,2,hoping better clock face make alarm clock replacement display brightness dims much night accomplish taskthe display work well camera viewingit attractive device decent value
5,30-Jul-18,Black  Dot,"""I had put this off for awhile but finally got around to buying 3 of them for my home. My wife is legally blind and cannot use the computer. This has been a Godsend, 100%. We have the Amazon music for her and now she can listen to music, check the weather, get phone numbers, make calls, etc., etc.. We are still learning but I tell you, this is absolutely amazing. I purchased 4 more for my extended family and the grandchildren absolutely love playing their music on Alexa. With the wifi and direct cable capability, the speaker/stereo options are there for the choosing. This is well worth the money. You won't regret this at all!""",1,put awhile finally got around buying home wife legally blind not_use computer godsend amazon music listen music check weather get phone number make call etc etc still learning tell absolutely amazing purchased extended family grandchild absolutely love playing music alexa wifi direct cable capability speakerstereo option choosing well worth money not_regret
4,30-Jul-18,Black  Dot,It’s great but sound quality is very low,1,great sound quality low
5,30-Jul-18,White  Plus,"""It was an excellent purchase. Echo Plus has sound quality, good size, I love it... I it!""",1,excellent purchase echo plus sound quality good size love
5,30-Jul-18,Black  Dot,Easy to set up and does everything it’s a poster. Despite its small size the speakers are adequate. Understands instructions from across the room. Very happy with the purchase.,1,easy set everything poster despite small size speaker adequate understands instruction across room happy purchase
4,21-Jun-18,Black,"""This refurbished item was fine,but I wasn't aware that there is a fee for having other echos set up in the rooms.  However, it was missing the cordThank you""",1,refurbished item finebut not_aware fee echo set room however missing cordthank
4,31-Jul-18,White  Spot,"""Don’t use it for much as I thought we would. Synced with Kasa-Cam and use it to check up on our baby in the crib a lot. Lyrics for music is cool, too. Other than that it’s used as a clock and standard dot’ish features.""",1,not_use much thought would synced kasacam use check baby crib lot lyric music cool used clock standard dotish feature
5,30-Jul-18,Black  Dot,I have a friend now.,1,friend
5,29-Jul-18,Charcoal Fabric ,Works absolutely great,1,work absolutely great
5,30-Jul-18,White  Dot,Still learning everything she can do.  Good for a room.  Volume is pretty good without an additional speaker,1,still learning everything good room volume pretty good without additional speaker
5,28-Jul-18,Black  Spot,"""Love to have meditation music, I use it as a morning alarm, just to mention few in general I love it""",1,love meditation music use morning alarm mention general love
1,29-Jul-18,Black,This thing barely works. You have to select 3rd party apps to do stuff you'd think it could do out of the box. I'm sending mine back asap. Waste of money.,0,thing barely work select rd party apps stuff would think could box sending mine back soon possible waste money
5,30-Jul-18,Configuration: Fire TV Stick,Awesome product,1,awesome product
5,18-May-18,Black,Looked Brand new works great. I love these echo dots and the refurbished ones are like new,1,looked brand new work great love echo dot refurbished one like new
5,16-Jul-18,Black,Works perfect. Save a few bucks and buy the refurbished. Looks brand new.,1,work perfect save buck buy refurbished look brand new
5,14-Jun-18,Black,Second Dot work great for refurbishedThought it was new,1,second dot work great refurbishedthought new
5,2-Jun-18,Black,Works good.  Microphone is not as good as the better Echo products,1,work good microphone not_as good better echo product
5,30-Jul-18,White  Spot,"""We've owned a number of Echo devices, but have viewed them as more of a toy than a tool.  Other than playing music through a sound system, we haven't found much use for them.  We just don't find the voice user interface to be all that efficient.  The Echo Spot solves the efficiency problem by displaying the information that you're routinely interested in.  Furthermore, you can do some basic navigation using the touch screen as well as tailor the settings.  We now use these as bedside clocks.""",1,owned number echo device viewed toy tool playing music sound system not_found much use not_find voice user interface efficient echo spot solves efficiency problem displaying information routinely interested furthermore basic navigation using touch screen well tailor setting use bedside clock
5,29-Jul-18,White  Show,"""So far, I like it.  It is better than I expecting it.""",1,far like better expecting
5,3-Jul-18,White,The simplicity of use and setting up.,1,simplicity use setting
3,28-Jul-18,Black  Plus,I like the list ability and the music I can play.  I do not like that I can not create a playlist without using the app and even then Alexa will not play my songs I have to do it through my tablet or phone.  I also do not like that Alex can not print again it has to be done through the app.,2,like list ability music play not_like not_create playlist without using app even alexa not_play song tablet phone also not_like alex not_print done app
4,2-Jul-18,Black,"""I use this Echo to listen to music as well as a sort-of research tool. It can answer a variety of questions. I would like if the volume could go just a little bit louder, but I can't complain.I also believe it should have an internal power source. In order to use the Echo, it must be plugged in at all times using the universal charging cord. It would be nice to use the Echo Dot on the go without having to buy the other product.""",1,use echo listen music well sortof research tool answer variety question would like volume could go little bit louder not_complaini also believe internal power source order use echo must plugged time using universal charging cord would nice use echo dot go without buy product
5,30-Jul-18,Black  Dot,"""Too soon, I'm still learning what I can do with it.""",1,soon still learning
4,26-Jul-18,Black  Spot,"""Love that I have command access to news such as Bloomberg TV, NPR, etc.Highly recommend that you gain access to Alexa app before setting up Device and get familiar with key features/services...such as setting up your daily commute.If family and friends have Spot...then it’s a great substitute for Skype and Face Time...you can always “drop in” when missing loved ones or just to catch up.""",1,love command access news bloomberg tv npr etchighly recommend gain access alexa app setting device get familiar key featuresservicessuch setting daily commuteif family friend spotthen great substitute skype face timeyou always drop missing loved one catch
5,29-Jul-18,Black  Show,The greatest,1,greatest
5,26-Jul-18,Black  Spot,"""Great product, what they don't tell you is that once you allow a &#34;Drop In&#34;  they can drop in anytime!!!  While they are sleeping, while we are yelling at them, while anything.""",1,great product not_tell allow drop drop anytime sleeping yelling anything
5,30-Jul-18,Configuration: Fire TV Stick,"""This makes a big difference in searching for programs, so much easier then the older fire stick, faster to.""",1,make big difference searching program much easier older fire stick faster
5,30-Jul-18,Charcoal Fabric ,"""Love it! I was thinking about getting one and when the prime day discount was offered, I could not pass it up! It's fun to ask Alexa to play any song or group and she comes up with a playlist from Amazon Prime Music. You can also connect your iPhone with bluetooth and play music with Pandora or YouTube videos using Alexa as a speaker. I've been having fun asking Alexa different types of questions or for information like weather, news or even the time in other countries. The only downside is if you have limited data on your wifi plan, because Alexa uses burns it up when playing music.""",1,love thinking getting one prime day discount offered could not_pass fun ask alexa play song group come playlist amazon prime music also connect iphone bluetooth play music pandora youtube video using alexa speaker fun asking alexa different type question information like weather news even time country downside limited data wifi plan alexa us burn playing music
5,28-May-18,Black,Very fun to use and having morning briefing,1,fun use morning briefing
5,30-Jul-18,Black  Dot,"""Works great.Having fun playing music,checking weather,a king questions.""",1,work greathaving fun playing musicchecking weathera king question
4,30-Jul-18,White,"""Love it but the volume could definitely use a boost. If it had better built in speaker's, would definitively be a 5 star. They thought ahead and put  an audio auxiliary input, so I bought a dedicated speaker for the Echo. Proved to be best way to go.""",1,love volume could definitely use boost better built speaker would definitively star thought ahead put audio auxiliary input bought dedicated speaker echo proved best way go
2,28-Jul-18,Black  Spot,I wanted to use it as a clock in our bedroom.  But the font is too small to see from any distance.  And apparently you can't change it.,0,wanted use clock bedroom font small see distance apparently not_change
5,30-Jul-18,Heather Gray Fabric ,We have only been using Alexa for a couple of days and are having a lot of fun with our new toy. It like having a new household member! We are trying to learn all the different featues and benefits that come with it.,1,using alexa couple day lot fun new toy like new household member trying learn different featues benefit come
5,30-Jul-18,Heather Gray Fabric ,I like the looks better than the original echo.  I moved my old echo to the basement family room. Nice sound.,1,like look better original echo moved old echo basement family room nice sound
5,31-Jul-18,Black  Dot,"""The echo dot was easy to set up and use. It helps provide music, etc. to small spaces and was just what I was looking for.""",1,echo dot easy set use help provide music etc small space looking
5,21-Jun-18,Black,Pleased with the order just what I wanted!!,1,pleased order wanted
5,30-Jul-18,Black  Spot,Love it!! Super fun! Easy to use! My three year old even gets involved,1,love super fun easy use three year old even get involved
5,29-Jul-18,Black  Show,"""I haven't had my show very long or used it a lot, but I love it! I use it to set timers when cooking because my stove is being finicky and not wanting to work most of the time. I also use it to check for different recipes, listen to music and my all time favorite.... telling everyone it is time for dinner. My son gets a real kick out of that!I know a lot of people are expecting more out of their shows then it is possible to at the moment, but remember the original echo didn't have what it has now when it first came out. I see that Amazon is adding new stuff all the time and soon I am sure it will have all that we want very soon.... maybe even things we haven't thought of!I do wish it was a bit more user friendly. I still haven't figured out how to video chat with my cousin in North Carolina who also has one, and when I tried to call my son's dot it went to video chat immediately, last I looked, dots don't have video screens!Another thing that needs to be addressed is when my husband tried to have the one in our bedroom play thunderstorm sounds to help him go to sleep, it tried to get him to buy an app instead of playing the skill I had enabled that was free. So now he is a bit worried to use it again. That needs to be fixed.I do have to say that all in all I am very happy with my Echo Show!""",1,not_had show long used lot love use set timer cooking stove finicky not_wanting work time also use check different recipe listen music time favorite telling everyone time dinner son get real kick thati know lot people expecting show possible moment remember original echo not_have first came see amazon adding new stuff time soon sure want soon maybe even thing not_thought ofi wish bit user friendly still not_figured video chat cousin north carolina also one tried call son dot went video chat immediately last looked dot not_have video screensanother thing need addressed husband tried one bedroom play thunderstorm sound help go sleep tried get buy app instead playing skill enabled free bit worried use need fixedi say happy echo show
5,27-Jul-18,Black  Plus,sounds great have not used the hub yet,1,sound great not_used hub yet
5,31-Jul-18,Black  Show,Love the Echo Show.  Being able to see the lyrics of the songs as they play or to be able to put a recipe up on the screen is wonderful!!,1,love echo show able see lyric song play able put recipe screen wonderful
5,28-Jul-18,Black  Show,"""Great improvement over the original Echo.  Like the ability to see lyrics to songs, watch Prime TV and get other visuals.  The little hints about things to try that appears across the bottom sparks the imagination.""",1,great improvement original echo like ability see lyric song watch prime tv get visuals little hint thing try appears across bottom spark imagination
5,28-Jul-18,Heather Gray Fabric ,I like the volume up and down on the top so I can turn it down quickly.,1,like volume top turn quickly
5,29-Jul-18,Black  Spot,Love this! Replaced an old alarm clock in my bedroom with this.  Love that it dims at night. Very responsive to commands.,1,love replaced old alarm clock bedroom love dims night responsive command
2,30-Jul-18,Charcoal Fabric ,"""It's like Siri, in fact, Siri answers more accurately then Alexa.  I don't see a real need for it in my household, though it was a good bargain on prime day deals.""",0,like siri fact siri answer accurately alexa not_see real need household though good bargain prime day deal
5,30-Jul-18,White  Spot,"""Bought this for my bedroom and the Show for my living room. Love them both. The Spot is perfect for bedside and has an impressive design. Shows lyrics, photos , etc. I paired it with a Smart Plug for the bedroom lamps &#34;Alexa, turn off lights&#34;, love it.""",1,bought bedroom show living room love spot perfect bedside impressive design show lyric photo etc paired smart plug bedroom lamp alexa turn light love
4,11-Jun-18,Black,"""Nice. It works good.Some times is not easy to recognize your voice and you have to repeat several times, some time almost screaming.""",1,nice work goodsome time not_easy recognize voice repeat several time time almost screaming
5,31-Jul-18,White  Dot,Small device that my kids like to ask questions. Very handy friendly interactive,1,small device kid like ask question handy friendly interactive
5,23-Jul-18,Black  Spot,Love the Spot - Awesome little guy with precise video - I’m saving to buy one for my mom on the east coast - The Spot changes Everything as far as keeping your loved ones connected!!!Well worth every Cent!!,1,love spot awesome little guy precise video saving buy one mom east coast spot change everything far keeping loved one connectedwell worth every cent
5,28-Jul-18,Black  Spot,"""More than I expected. I use it for timers, alarms, shopping lists, calendar events, news, weather, and so much more.""",1,expected use timer alarm shopping list calendar event news weather much
5,29-Jul-18,Oak Finish ,Love my Echo,1,love echo
5,30-Jul-18,Heather Gray Fabric ,Love this just wish it had a built in hub,1,love wish built hub
5,30-Jul-18,Configuration: Fire TV Stick,Just the perfect cost effective solution.  Thank you Amazon.,1,perfect cost effective solution thank amazon
4,29-Jul-18,Charcoal Fabric ,speaker sounds good,1,speaker sound good
5,29-Jul-18,Charcoal Fabric ,Very easy to set up and have no issues.,1,easy set no_issues
5,29-Jul-18,Heather Gray Fabric ,Liked 100%,1,liked
5,29-Jul-18,Charcoal Fabric ,Love this!  Have it in the kitchen and works well!,1,love kitchen work well
4,29-Jul-18,White  Spot,so far just ok,1,far ok
5,28-Jul-18,Black,I’m never disappointed with amazons technology.,1,never_disappointed amazon technology
5,29-Jul-18,White  Spot,Love my spot! She even more than I expected! Great size for a bedroom!,1,love spot even expected great size bedroom
1,28-Jul-18,White  Show,No YouTube,0,no_youtube
5,30-Jul-18,Black  Dot,"""Love my Alexa! Actually have 3 throughout the house. Favorite function is lists. Great for time management and if course, music.""",1,love alexa actually throughout house favorite function list great time management course music
5,30-Jul-18,Configuration: Fire TV Stick,It works great. Better than the previous fire stick!,1,work great better previous fire stick
5,30-Jul-18,Configuration: Fire TV Stick,"""I love this thing! The Alexa feature makes it so easy to find what you want no matter which streaming service has it.  No more searching Netflix then Amazon etc to see if either has your show,  Alexa finds it for you!""",1,love thing alexa feature make easy find want no_matter streaming service no_more searching netflix amazon etc see either show alexa find
4,30-Jul-18,Black  Show,It's a fun item to have.  Has a lot of udefulness.  Big negative is that it doesn't use Google (or any real search engine) to get answers or find information.,1,fun item lot udefulness big negative not_use google real search engine get answer find information
5,28-Jul-18,Black  Spot,Great deal on prime day,1,great deal prime day
5,22-Jun-18,White,"""Love the dots, especially with the ability to talk from one to the other, these are really convenient. No issues with the refurbished as they are like new.""",1,love dot especially ability talk one really convenient no_issues refurbished like new
5,29-Jul-18,Black  Spot,Fun tech toy,1,fun tech toy
5,29-Jul-18,Heather Gray Fabric ,Love it!! Great product!!!,1,love great product
5,29-Jul-18,Charcoal Fabric ,Works absolutely great,1,work absolutely great
5,31-Jul-18,White  Show,"""just what I expected,already have 2 other  shows""",1,expectedalready show
5,12-Jul-18,Black,This is my third Dot. They all work perfectly and I use each one multiple times a day. Absolutely love them.,1,third dot work perfectly use one multiple time day absolutely love
4,30-Jul-18,Black  Dot,I love my Dot and am hoping to add a couple more around the apartment. The only reason I didn't give it 5 stars is because I wish the speaker would be just a little better. I know Amazon probably wanted to keep costs down for this item but I really like to play music around the apartment when I am busy doing things so if they would have added a speaker with just a little more wattage and bass response they would have something great to put in the bathroom or kitchen where there might not be a lot of space for a full sized Echo. I would have been willing to pay 10 to 20 dollars more if it had a better speaker. Oh well it is what it is and I still love it. I'm just going to have to find a Bluetooth speaker that sounds good but doesn't take up a whole lot of space.,1,love dot hoping add couple around apartment reason not_give star wish speaker would little better know amazon probably wanted keep cost item really like play music around apartment busy thing would added speaker little wattage bass response would something great put bathroom kitchen might not_be lot space full sized echo would willing pay dollar better speaker oh well still love going find bluetooth speaker sound good not_take whole lot space
5,30-Jul-18,Black  Dot,Easy to set up and connect with smart devices. Just what I needed!,1,easy set connect smart device needed
5,20-Jul-18,Black  Spot,We gave the Echo Spot as a gift to my mother in law.  She loves it.  She can play music of all genres!  Easy for her to use.,1,gave echo spot gift mother law love play music genre easy use
5,30-Jul-18,Configuration: Fire TV Stick,We love our fire stick!! The Alexa voice control is fantastic for my younger kids!!,1,love fire stick alexa voice control fantastic younger kid
5,30-Jul-18,White  Dot,Love having one in our bedroom and in the kitchen. Great to drop in on family around the house.,1,love one bedroom kitchen great drop family around house
5,30-Jul-18,Black,Works great! Looks brand new! Love my new echo dot. I will be getting them for all the main rooms in the house.,1,work great look brand new love new echo dot getting main room house
5,30-Jul-18,Black  Show,"""I love the Echo Show!! I have the dot and have been using that for the last 6 months,  but the Show is so much better.  The sound quality is amazing and the screen resolution is like watching a mini 4K tv.  I love being able to see my timers, events and list instead of having them read to me.  I purchased this on prime day, and it is worth every penny.  When the dot was given to me, I thought """"this is a cute novelty,  but I'll probably never use it"""". Was I wrong!!  Echo is part of my daily routine,  and has made my life so much easier.""",1,love echo show dot using last month show much better sound quality amazing screen resolution like watching mini k tv love able see timer event list instead read purchased prime day worth every penny dot given thought cute novelty probably never_use wrong echo part daily routine made life much easier
5,30-Jul-18,White  Spot,The thing I like most about my Echo Spot is the voice command feature.  You can ask anything and get an answer or play any music without getting up to adjust the Echo. Easy to use,1,thing like echo spot voice command feature ask anything get answer play music without getting adjust echo easy use
5,30-Jul-18,Charcoal Fabric ,"""I love it,she is very helpful. I use her for remembering things and sleep. You can ask her just about anything. I have only had her for about a week so still learning her.""",1,love itshe helpful use remembering thing sleep ask anything week still learning
3,30-Jul-18,Black  Dot,The speaker could be better...,2,speaker could better
5,30-Jul-18,Black  Dot,I enjoy it. Still discovering new uses.,1,enjoy still discovering new us
5,30-Jul-18,Black  Show,Great in the kitchen.  I love to cook and it is fun to look up recipes.  Also great for listening to music and watching shows on Amazon Prime Video while I cook.  I subsequently bought an Echo Dot with the ihome clock docking station for the bedroom.  I created a group so I can play music on both of them at the same time.  I plan to add more speakers in the future.,1,great kitchen love cook fun look recipe also great listening music watching show amazon prime video cook subsequently bought echo dot ihome clock docking station bedroom created group play music time plan add speaker future
5,30-Jul-18,White  Dot,"""Love it , Now if I can only find the correct smart (links)Plug to connect this too""",1,love find correct smart linksplug connect
5,30-Jul-18,Black  Dot,Love it!,1,love
5,26-Jul-18,White  Spot,Great buy!,1,great buy
5,30-Jul-18,White  Dot,so far i am liking it although i am probably not using it to the full capasity,1,far liking although probably not_using full capasity
3,3-Jun-18,Black,"""I received an Echo as a gift, loved it so much I decided to get the Dot for my bedroom. Both very easy to set up but a big difference in the sound quality. I would still buy it again.""",2,received echo gift loved much decided get dot bedroom easy set big difference sound quality would still buy
5,30-Jul-18,Black  Dot,I had an Alexia built into my thermostat that just didn't work very well. I had to be standing right next to it for it to hear me and music played very choppy on it. I decided to try the Echo Dot since it was on Prime Day. I have not been disappointed! It hears me just fine and music plays with out any problem. I really like that I can Bluetooth connect to my Bose Speaker for quality sound.,1,alexia built thermostat not_work well standing right next hear music played choppy decided try echo dot since prime day not_been disappointed hears fine music play problem really like bluetooth connect bose speaker quality sound
5,30-Jul-18,Configuration: Fire TV Stick,Is good.,1,good
5,30-Jul-18,Black  Plus,Using as a hub and music.,1,using hub music
5,30-Jul-18,White  Dot,"""Great price.  I love my echo dot,""",1,great price love echo dot
5,30-Jul-18,Charcoal Fabric ,Easy to set up.,1,easy set
5,17-May-18,White,Works perfect! There’s no difference at all between this refurb one and my new ones that I have in my house. I’ll be buying the refurbs from here on out,1,work perfect no_difference refurb one new one house buying refurbs
4,27-Jul-18,Black  Plus,Sound is better,1,sound better
5,29-Jul-18,Heather Gray Fabric ,"""Love these,  great sound... easy to connect and use...""",1,love great sound easy connect use
5,30-Jul-18,Black  Dot,Love it. Added it to an upstairs bedroom,1,love added upstairs bedroom
5,29-Jul-18,Charcoal Fabric ,Enjoyed entire echo experience,1,enjoyed entire echo experience
5,30-Jul-18,Charcoal Fabric ,Tried to play certain broadway shows like Camelot and it gives ne the group Camelot.,1,tried play certain broadway show like camelot give ne group camelot
5,30-Jul-18,Oak Finish ,Versatile and fun !!!,1,versatile fun
5,30-Jul-18,Configuration: Fire TV Stick,Love this wished I had gotten it sooner,1,love wished gotten sooner
5,27-Jul-18,White  Plus,It is fantastic.,1,fantastic
5,29-Jul-18,White  Plus,Home entertainment.,1,home entertainment
5,18-Jul-18,Black  Spot,Surprisingly good beefy sound out of this thing. I think it might shape up to be one of my favorite echo devices. I have nearly all of them. ;-),1,surprisingly good beefy sound thing think might shape one favorite echo device nearly
5,14-Jun-18,Black,Love these guys they work so great,1,love guy work great
4,30-Jul-18,Black,"""For a refurbished item.. It works like its new... Which I love... Easy set up,  which I love. The only issue is the volume,  if you are listening while relaxing its fine,  but if you are expecting to do anything else,  I recommend  purchasing a speaker.""",1,refurbished item work like new love easy set love issue volume listening relaxing fine expecting anything else recommend purchasing speaker
5,29-Jul-18,Black  Plus,It works perfect!,1,work perfect
5,30-Jul-18,Configuration: Fire TV Stick,Good,1,good
5,28-Jul-18,Black  Show,This was an impulse buy and I am super happy I made the purchase. I love this so much I immediately bought my parents one. now we can video chat easily! I love all the features and how easy this is to use and set up.,1,impulse buy super happy made purchase love much immediately bought parent one video chat easily love feature easy use set
4,26-Jul-18,White  Spot,Speakers are not as loud as Google Home,1,speaker not_as loud google home
5,30-Jul-18,Black  Plus,"""We went to a Best Buy with the intention of buying Alexa products, instead were talked into the Google Home products. Bought the Google Home and the Home Mini... has trouble from the start setting them up, and they couldn’t understand my husband (Scottish accent). After days of the “oops, something went wrong” command.. we returned them and bought the Amazon Echo Show and the Echo Plus... so easy to set up! It connected immediately to my amazon account and was way easier to navigate. They both understand commands from my husband on the first try and have yet to give an error message. We have loved these two products and should have gone with what we intended in the first place! You won’t regret your purchase!""",1,went best buy intention buying alexa product instead talked google home product bought google home home mini trouble start setting could not_understand husband scottish accent day oops something went wrong command returned bought amazon echo show echo plus easy set connected immediately amazon account way easier navigate understand command husband first try yet give error message loved two product gone intended first place not_regret purchase
5,28-Jul-18,Charcoal Fabric ,I love Alexa!,1,love alexa
4,30-Jul-18,Black  Spot,Smaller than I thought it would be. Happy I got a stand so it sits up higher on the bedside table.,1,smaller thought would happy got stand sits higher bedside table
5,30-Jul-18,Heather Gray Fabric ,"""I love it, wife hates it.""",1,love wife hate
5,30-Jul-18,Black  Dot,Love Alexa!!  I own 2 and gave one for a gift which was a huge hit!,1,love alexa gave one gift huge hit
5,7-Jun-18,Black,A++++,1,no_review
5,30-Jul-18,Configuration: Fire TV Stick,Very easy to install.  Very intuitive to use.  Very happy with the purchase.,1,easy install intuitive use happy purchase
5,30-Jul-18,Charcoal Fabric ,I love it. It plays my sleep sounds immediately when I ask,1,love play sleep sound immediately ask
5,30-Jul-18,Configuration: Fire TV Stick,"""I didn’t realize it needed an external power source in order to utilize the fire stick. I thought it was more along the lines of a flash drive device you Singley plugged into your tv. However, since using my amazon fire stick I have enjoyed every moment of it and would definitely recommend this product to any and all.""",1,not_realize needed external power source order utilize fire stick thought along line flash drive device singley plugged tv however since using amazon fire stick enjoyed every moment would definitely recommend product
5,30-Jul-18,Black  Dot,"""I love it, it is just what I thought it would be!!!  I'm addicted!""",1,love thought would addicted
5,30-Jul-18,White  Dot,Great product,1,great product
5,17-Jul-18,Black  Spot, ,1,no_review
5,30-Jul-18,White  Plus,Have had this around a week.. I love that I can control items in my house even if I’m not there.. makes me feel better about being away from the house and people don’t know that we are gone.. Alexa has not disappointed!,1,around week love control item house even not_there make feel better away house people not_know gone alexa not_disappointed
5,29-Jul-18,Black  Show,"""I love this device.  I bought it simple so that I can have an alarm clock with my Amazon Echo.....and during Prime day for the price you couldn't beat it.  But, I have Sonos and Big Ass Fan lights that I am able to control with this device.  It's perfect and getting better all the time.""",1,love device bought simple alarm clock amazon echoand prime day price could not_beat sonos big as fan light able control device perfect getting better time
5,30-Jul-18,Charcoal Fabric ,"""I sent it to my 85 year old Dad, and he talks to it constantly.""",1,sent year old dad talk constantly
5,30-Jul-18,White  Dot,I love to watch my wife argue with Alexa.  I woke up one night listening to Alexa talking to my cell phone. ????,1,love watch wife argue alexa woke one night listening alexa talking cell phone
4,25-Jul-18,Black,Refurbished is the way to go. My Echo works just like new.,1,refurbished way go echo work like new
5,28-Jul-18,Black  Plus,"""Love warehouse buys. If this was just in good used condition, then new must be newer than new. Seriously, this one was perfect, not a mark on it anywhere. Great buy!""",1,love warehouse buy good used condition new must newer new seriously one perfect not_a mark anywhere great buy
4,29-Jul-18,Charcoal Fabric ,Easy to set up.,1,easy set
1,19-Jul-18,Black  Plus,"""I would like to tell you that I have a reason to hate it like the speakers suck, or the color, or the shape or even the way it smells, but I can honestly say the number reason I hate this device is I have tried to set it up 3x's now to no avail, I have 4 other Echo devices already that I set up and use quite regularly, I have reset my phone (Galaxy S8), checked the app for updates, I have cycled power to the Echo unit with each attempt. I work in the network/technology industry for a living and have for over 20 years now, so lack of experience or knowledge is not the problem here. I used the app and the device even tells me it is connected and to follow the app to continue set up, the set up screen just continues to roll the 3 dots around the screen for about 5 minutes before the app locks up on my phone and I have to force the app to close, restart my phone and the Echo and try again. I figured 3x's was enough, it shouldn't be that hard a techie, I can only imagine how bad this will prove to be for people whom have no clue about technology....I hope they won't call me I'll tell em to send the product back!""",0,would like tell reason hate like speaker suck color shape even way smell honestly say number reason hate device tried set x no_avail echo device already set use quite regularly reset phone galaxy checked app update cycled power echo unit attempt work networktechnology industry living year lack experience knowledge not_the problem used app device even tell connected follow app continue set set screen continues roll dot around screen minute app lock phone force app close restart phone echo try figured x enough not_be hard techie imagine bad prove people no_clue technologyi hope not_call tell send product back
5,29-Jul-18,Heather Gray Fabric ,Great,1,great
5,30-Jul-18,Configuration: Fire TV Stick,"""Easy set up, nice looking interface and I like the new slightly larger remote. I have a 1st Gen with the little remote and misplace it all the time. And great price!""",1,easy set nice looking interface like new slightly larger remote st gen little remote misplace time great price
5,30-Jul-18,Black  Show,Met every expectation I had,1,met every expectation
5,30-Jul-18,White  Dot,I have an echo but wanted a dot for my bedroom. It was even easier to set up than my original echo.,1,echo wanted dot bedroom even easier set original echo
4,30-Jul-18,White  Plus,I did not know it needed to be plugged in to work. So far my experiences have been positive.,1,not_know needed plugged work far experience positive
5,30-Jul-18,Charcoal Fabric ,Clear music,1,clear music
5,30-Jul-18,Black  Dot,Works great and easy to set up!,1,work great easy set
5,29-Jul-18,Heather Gray Fabric ,Works great!,1,work great
5,30-Jul-18,Black  Show,"""I do love it. Was easy to set up so far, but I wish it has a little more in the set up instructions. There is still a whole lot more I would like to be able to do with it and I have no idea if I can or not with it. But I really do like it.""",1,love easy set far wish little set instruction still whole lot would like able no_idea not_with really like
5,18-Jul-18,Black  Plus,Love the light bulb feature,1,love light bulb feature
5,30-Jul-18,Heather Gray Fabric ,"""Love it! I’ve listened to songs I haven’t heard since childhood! I get the news, weather, information! It’s great!""",1,love listened song not_heard since childhood get news weather information great
5,30-Jul-18,Configuration: Fire TV Stick,Love that the fire stick allows me enough choices to ditch cable!,1,love fire stick allows enough choice ditch cable
4,21-Jul-18,White  Spot,"""Love it except that Amazon needs a reference one cohesive link for a full user manual. I don't have hours to research websites. Plus, more instruction from Alexa on skills would be great. We often get the answer, """"I don't know that skill"""" even though I've added it in the app. I.e. Kwikset or Pizza Hut.""",1,love except amazon need reference one cohesive link full user manual not_have hour research website plus instruction alexa skill would great often get answer not_know skill even though added app ie kwikset pizza hut
5,30-Jul-18,Black  Spot,Love it,1,love
3,30-Jul-18,Black  Dot,Alexa is pretty basic and almost like a toy. Shouldn't have been released into the market without proper development. Speech recognition fails to understand basic American and British Accent.The music it can play is very restrictive. Speech isn't refined in a way that we understand a (almost a) human is speaking. Linking to Youtube via amazon web services doesn't work.,2,alexa pretty basic almost like toy not_have released market without proper development speech recognition fails understand basic american british accentthe music play restrictive speech not_refined way understand almost human speaking linking youtube via amazon web service not_work
2,29-Jul-18,Black  Plus,"""I decided to buy smart door lock and decided on getting the Echo Plus to control it.  I chose a Kwikset 888 because Amazon said it was compatible and I bought 2 Dots while I was at it.  And when I posed the question, somebody in the community said it will work with Alexa.  What I didn't know was the Z-wave lock and Zigbee Alexa hub weren't compatible.  Does any body know of a lock that works seamlessly with Echo Plus?  If not, I guess my choices are: 1. Exchange the Plus for a regular Echo and buy a separate hub like Wink.  2. Return the whole Alexa system and get something else.I  don't want to just buy another hub to use along side my Echo Plus or I'll be back here asking how to integrate two hubs.The reason I kept from buying smart systems up to this point  is because I was afraid they wouldn't operate seamlessly and unfortunately I only do enough research after something doesn't work.""",0,decided buy smart door lock decided getting echo plus control chose kwikset amazon said compatible bought dot posed question somebody community said work alexa not_know zwave lock zigbee alexa hub not_compatible body know lock work seamlessly echo plus not_i guess choice exchange plus regular echo buy separate hub like wink return whole alexa system get something elsei not_want buy another hub use along side echo plus back asking integrate two hubsthe reason kept buying smart system point afraid would not_operate seamlessly unfortunately enough research something not_work
5,30-Jul-18,Configuration: Fire TV Stick,Great Purchase,1,great purchase
5,31-Jul-18,Configuration: Fire TV Stick, ,1,no_review
1,23-Jul-18,Black  Plus,I am not tec smart enough to make it work at all. Will send it back if I cant get help. My eco dot works just fine. this is too complacated.I just wanted a bigger speaker.,0,not_tec smart enough make work send back not_get help eco dot work fine complacatedi wanted bigger speaker
5,28-Jul-18,Black  Show,I like it,1,like
5,30-Jul-18,Black  Dot,Easy to connect and the skills created for our Echo 2nd Gen worked fine with the Dot.,1,easy connect skill created echo nd gen worked fine dot
5,29-Jul-18,Charcoal Fabric ,Great sound from a little speaker,1,great sound little speaker
5,30-Jul-18,Configuration: Fire TV Stick,We are using the internet for our home and loving them,1,using internet home loving
5,30-Jul-18,Black  Dot,Works like a charm.,1,work like charm
5,19-Jul-18,White  Spot,"""Omg where do I start, I LOVE THIS THING! None bad to say!""",1,omg start love thing none_bad say
4,30-Jul-18,Black  Dot,Small speaker tin sound. Great with good Bluetooth speaker.,1,small speaker tin sound great good bluetooth speaker
5,28-Jul-18,Black  Plus,"""Very easy to set up, great sound.""",1,easy set great sound
5,31-May-18,White,Worked perfect,1,worked perfect
5,30-Jul-18,Configuration: Fire TV Stick,Being able to tell it what to go to,1,able tell go
5,20-May-18,Black,I have never been more satisfied with a product. Perfect introduction to Alexa.,1,never_been satisfied product perfect introduction alexa
5,30-Jul-18,Charcoal Fabric ,The entire family loves Alexa Echo. She’s now a part of this family.,1,entire family love alexa echo part family
5,1-Jul-18,Black,"""Works perfectly, Alexa turns on and off my lights, my tv, roomba!""",1,work perfectly alexa turn light tv roomba
4,30-Jul-18,White  Dot,Better sound.,1,better sound
1,26-Jul-18,Black  Spot,I would love this but there is no way to stop the screen from constantly scrolling through “things to try”. If Amazon would make this a setting I would change my review to 5 stars.,0,would love no_way stop screen constantly scrolling thing try amazon would make setting would change review star
5,30-Jul-18,Configuration: Fire TV Stick,Ease of use!,1,ease use
4,30-Jul-18,White  Dot,Better sound.,1,better sound
5,30-Jul-18,Configuration: Fire TV Stick,Easy to set-up!  I am enjoying the added video choices for my television.,1,easy setup enjoying added video choice television
5,30-Jul-18,Heather Gray Fabric ,Met and exceeded my expectations. Easy set up and is really quick in responses.,1,met exceeded expectation easy set really quick response
4,30-Jul-18,Charcoal Fabric ,"""i liked the sound . what is troubling is that I paid extra money to have access to a million more songs. Sometimes it doesn't work. Ex. Alexa play Italian songs&#34; .don't have or don&#34; t understand. or play the opera Tosca, response &#34;sorry I don&#34;t have that.""",1,liked sound troubling paid extra money access million song sometimes not_work ex alexa play italian song not_have understand play opera tosca response sorry dont
4,29-Jul-18,Black  Show,I took advantage of prime Friday and decided to take a chance and purchase one.  I enjoy the features it comes with. I'm sorry I didn't purchase two of them  Well worth the money.  Its looks great on my nightstand.  Every night it puts me to steep with sleeping music.  Happy customer!,1,took advantage prime friday decided take chance purchase one enjoy feature come sorry not_purchase two well worth money look great nightstand every night put steep sleeping music happy customer
4,29-Jul-18,Black  Plus,Great product I just wish it had some sort of equalizer... The bass is a little much,1,great product wish sort equalizer bass little much
4,30-Jul-18,Black  Dot,"""I've only got to use it for a couple of weeks before having to go into the hospital, but had good time with it for the short time I did use it. It was fun trying to use Alexa""",1,got use couple week go hospital good time short time use fun trying use alexa
5,17-Jul-18,Black,"""Bought this for the guest room.  It's a radio, alarm clock, information​ center and so much more.""",1,bought guest room radio alarm clock information center much
5,30-Jul-18,Black  Dot,So far all.i can say is I love it,1,far alli say love
5,30-Jul-18,Configuration: Fire TV Stick,I love it!!!!!!,1,love
5,30-Jul-18,Configuration: Fire TV Stick,I love all the viewing choices on FIRE STICK!,1,love viewing choice fire stick
5,21-Jul-18,White  Plus,"""I bought this on prime day and saved lots.I have 3 large blue tooth speakers in my house that I used for years, the echo plus was louder than all 3 combined at the same time. Very impressed with the clarity and volume.You will need a paid subscription to some form of steaming audio. That’s just a sad fact. It’ll play pandora and Spotify but it’s limited in skips and song selection without a subscriptionDoes not stream YouTube music or YouTube audioApple users will be disappointed to see that it’s not as convenient as an apple deviceOverall, I still loved the device but I’ll be getting the DOT which has an audio out jack (as does the echo plus) and just connect to external speakers""",1,bought prime day saved lotsi large blue tooth speaker house used year echo plus louder combined time impressed clarity volumeyou need paid subscription form steaming audio sad fact play pandora spotify limited skip song selection without subscriptiondoes not_stream youtube music youtube audioapple user disappointed see not_as convenient apple deviceoverall still loved device getting dot audio jack echo plus connect external speaker
5,27-Jul-18,Black  Spot,I love love it !,1,love love
2,26-Jul-18,Black  Spot,product turns on randomly and sometimes at night,0,product turn randomly sometimes night
5,20-Jul-18,White  Plus,"""I love it, in my living room""",1,love living room
5,11-Jul-18,Black  Plus,I love it best gift I got myself,1,love best gift got
5,30-Jul-18,Configuration: Fire TV Stick,Works amazing! I love how you can download almost anything. Some apps I couldn’t download on my Apple TV but I was able too on here!!!,1,work amazing love download almost anything apps could not_download apple tv able
5,29-Jul-18,Black  Show,It’s great,1,great
1,15-Jul-18,Black  Spot,"""I love the product , but very disappointed once I  realized I can no longer play youtube videos.  I'm now past my 30 days return date.  I am realizing I now have an expensive alarm clock.  I am hoping youtube comes back.  I was looking to buy an echo show for the kitchen during prime day. Glad I didn't.""",0,love product disappointed realized no_longer play youtube video past day return date realizing expensive alarm clock hoping youtube come back looking buy echo show kitchen prime day glad
5,30-Jul-18,Configuration: Fire TV Stick,Im able to connect to prime quick,1,able connect prime quick
5,29-Jul-18,Black  Spot,Love it. Small with good sound,1,love small good sound
4,30-Jul-18,Configuration: Fire TV Stick,Haven't used it enough,1,not_used enough
3,28-Jul-18,Black  Show,"""Was working great útil 1 week algo, í have it for a month, but it started flickering,  and in the support forums they say it is a known isue,  but it has more the 4 months reported and There is no solución.""",2,working great til week algo month started flickering support forum say known isue month reported no_solucin
5,18-Jul-18,Black  Spot,"""Given as a gift to my wife, to compliment my echo.  She loves it.""",1,given gift wife compliment echo love
5,27-Jul-18,Black  Spot,"""Great product, and i like the screen for a alarm clock""",1,great product like screen alarm clock
4,29-Jul-18,Charcoal Fabric ,Terrific,1,terrific
4,30-Jul-18,White  Dot,Barry,1,barry
5,30-Jul-18,Black  Dot,Awesome device wish I bought one ages ago.,1,awesome device wish bought one age ago
5,30-Jul-18,Black  Dot,my new best friend :),1,new best friend
5,30-Jul-18,White  Dot,I loved it does exactly what it says,1,loved exactly say
4,30-Jul-18,White  Dot,"""Easy setup. Alexa needs a lot of training,""",1,easy setup alexa need lot training
3,31-Jul-18,Black  Show,"""It seems to work well.  Unfortunately a lot of the functionality is lost because, as many have mentioned, it does not work with google or Youtube any more.  This problem is caused by Google because they came up with their own devices an no longer allow access from other devices like these.  This even effected my smart TV.  Anyhow we purchased a few of these to communicate with our children and grandchildren so we'll see what happens when we hand them out.""",2,seems work well unfortunately lot functionality lost many mentioned not_work google youtube problem caused google came device no_longer allow access device like even effected smart tv anyhow purchased communicate child grandchild see happens hand
5,10-Jul-18,Black  Plus,I love the sound very good. We use it for home automation also works well!!,1,love sound good use home automation also work well
5,30-Jul-18,Black  Plus, ,1,no_review
4,30-Jul-18,Black  Show,"""Unit is working great, but it is a true PIA that products today are shipped without user manuals. Do manufacturers truly believe that user will magically know the full capabilities of each product purchased? I have no idea of the echo show's capabilities. I have it linked to my Hue lights, but have no idea what commands will work, and what won't. I purchased a Fire TV Stick along with the Show, but have no idea how to maximize the two. Just a few examples.I even purchased a text that other users have found to be helpful. Seems way too basic to me, but better than a kick in the pants.""",1,unit working great true pia product today shipped without user manual manufacturer truly believe user magically know full capability product purchased no_idea echo show capability linked hue light no_idea command work not_i purchased fire tv stick along show no_idea maximize two examplesi even purchased text user found helpful seems way basic better kick pant
5,30-Jul-18,Configuration: Fire TV Stick,very good option,1,good option
5,30-Jul-18,Black  Show,Easy to use!,1,easy use
5,28-May-18,Black,"""like new, good refurbishing""",1,like new good refurbishing
5,29-Jul-18,Charcoal Fabric ,I love it pretty cool.,1,love pretty cool
4,30-Jul-18,Black  Spot,"""I was skeptical at first but &#34;it&#34; grows on you.  It looks good, so far.  I did, however, turn off the camera.""",1,skeptical first grows look good far however turn camera
4,30-Jul-18,Configuration: Fire TV Stick, ,1,no_review
5,30-Jul-18,Configuration: Fire TV Stick,Loved it. No more cable bills for us.  I would advise anyone to get one. 2nd one bought.,1,loved no_more cable bill u would advise anyone get one nd one bought
5,29-Jul-18,Charcoal Fabric ,Supberb sound! Definitely worth the extra money if you listen to lots of music.,1,supberb sound definitely worth extra money listen lot music
5,28-Jul-18,Heather Gray Fabric ,"""Like, all types of fun,music, and more""",1,like type funmusic
5,30-Jul-18,White  Spot,This is our second Echo Spot - to go with out two Echo Dots - love the look and how Alexia responds.,1,second echo spot go two echo dot love look alexia responds
5,25-Jul-18,Black  Plus,No problems whatsoever makes life easy and sounds great.,1,no_problems whatsoever make life easy sound great
4,29-Jul-18,Heather Gray Fabric ,"""I am pleasantly surprised by the sound quality of the Echo. If you are a big fan of deep bass, this might not be sufficient for you though. The potential to control your home is an option I will explore more as I evolve my home into a """"smart home"""". The voice recognition is very impressive. It is stylish and fun. I have no regrets with this purchase. It is great for technically changes people. Ask it to play a song or a movie and it responds instantly. If you have an elderly loved one, this would be a great gift. Once connected to wifi, it is very simple to use.  If you want unlimited music control, be sure to have amazon prime or premium spotify and you will be blown away with your personal dj! You can even have conversations with the echo. I am not embarrassed to say, that echo has made me laugh a couple times when I ask it to tell me a joke. It tells me where my packages are since I am an amazon prime addict, it comes in extremely  handy!""",1,pleasantly surprised sound quality echo big fan deep bass might not_be sufficient though potential control home option explore evolve home smart home voice recognition impressive stylish fun no_regrets purchase great technically change people ask play song movie responds instantly elderly loved one would great gift connected wifi simple use want unlimited music control sure amazon prime premium spotify blown away personal dj even conversation echo not_embarrassed say echo made laugh couple time ask tell joke tell package since amazon prime addict come extremely handy
5,21-Jun-18,White,"""Great price, works perfectly. Saved the money on a refurb!! Would buy again!""",1,great price work perfectly saved money refurb would buy
5,30-Jul-18,Configuration: Fire TV Stick,Great interface.  i enjoy the voice remote,1,great interface enjoy voice remote
5,30-Jul-18,Charcoal Fabric ,Sounds great!! Love them!,1,sound great love
5,2-Jul-18,White  Plus,"""I am the Training Coordinator at my company and I have used the Amazon Blueprints skill with an Echo device and Echo Buttons to create my own Gameshow/Quiz for new hire orientation training. I'm always looking for new ways to engage trainees in order to make learning more enjoyable. I believe that if someone enjoys the process of learning then they're much more likely to remember the information. So far, this has been a huge success with my classes and I look forward to Amazon improving and building out the Blueprints skill further!""",1,training coordinator company used amazon blueprint skill echo device echo button create gameshowquiz new hire orientation training always looking new way engage trainee order make learning enjoyable believe someone enjoys process learning much likely remember information far huge success class look forward amazon improving building blueprint skill
1,28-Jul-18,Charcoal Fabric ,Alexa hardly came on..,0,alexa hardly came
5,21-Jul-18,Black  Spot,Love it!,1,love
5,30-Jul-18,Heather Gray Fabric ,Super easy set up and am loving our new Echo!,1,super easy set loving new echo
5,29-Jul-18,Black  Plus,I love this device. Makes life easier the more you figure out it can do.,1,love device make life easier figure
4,29-Jul-18,Charcoal Fabric ,We are still discovering all that the Echo can do.,1,still discovering echo
5,30-Jul-18,Charcoal Fabric ,"""During Prime Day this 2nd gen Echo was on sale so I couldn't resist! This was the beginning to my smart home set up and I couldn't be happier to say that Alexa has done an amazing job connecting to all of my """"smart"""" devices. Thanks to her, I can control my lights, smart plugs, TV, etc. I had no trouble connecting the Echo to my WiFi and my phone. The app works perfectly fine and it let's you add skills, routines, smart devices, timers, and so much more! Sound quality is good enough for me, since I am not an audiophile. Alexa can hear my voice even when watching movies at a high volume. Design is great and modern, it will definitely add a nice touch to your home and you can change the covers if you'd like as there are more for sale. Overall, this is a great addition to my home and enables so many possibilities. If you haven't yet, be sure to add Alexa to your home!""",1,prime day nd gen echo sale could not_resist beginning smart home set could not_be happier say alexa done amazing job connecting smart device thanks control light smart plug tv etc no_trouble connecting echo wifi phone app work perfectly fine let u add skill routine smart device timer much sound quality good enough since not_an audiophile alexa hear voice even watching movie high volume design great modern definitely add nice touch home change cover would like sale overall great addition home enables many possibility not_yet sure add alexa home
5,30-Jul-18,Oak Finish ,Entertainment,1,entertainment
4,16-Jul-18,Black  Spot,"""4 out of 5 stars. I have the Original Tall Echo, 4 dots, 2 spots and 1 Show.  The only thing I'm finding a problem with is the speakers in the Spot. when using Drop In.  Sometimes I'm not being heard on the other spot and vice versa.  The voices tends break up or the sound coming through is intermittent. The optical is fine........ it's just the sound. Sometimes I'll have to repeat the wake word 2-3 times and I'm only 8 feet away plus it's on one of those $20 stands.  I find the ECHO DOT, Original echo and the Show has much better sound quality.  That's one reason I bought the Echo Show.""",1,star original tall echo dot spot show thing finding problem speaker spot using drop sometimes not_being heard spot vice versa voice tends break sound coming intermittent optical fine sound sometimes repeat wake word time foot away plus one stand find echo dot original echo show much better sound quality one reason bought echo show
5,7-Jun-18,Black,Great product. Works well,1,great product work well
5,30-Jul-18,Black  Spot,I love all that you can do with the Echo Spot!,1,love echo spot
5,30-Jul-18,Configuration: Fire TV Stick,Works much easier than our 3 year old one. Better internet resemption,1,work much easier year old one better internet resemption
5,17-Jul-18,Black  Plus, ,1,no_review
5,29-Jul-18,Black  Spot,Is great. Use it for music mostly.,1,great use music mostly
5,30-Jul-18,Configuration: Fire TV Stick,need a few more,1,need
5,30-Jul-18,Black  Show,Love all my Echo products. I like the video phone feature on this. Can check in on our cat when on vacation.,1,love echo product like video phone feature check cat vacation
4,29-Jul-18,Black  Show,Doesn't always respond to the wake word. This is my 3rd echo product and I have to say I am A little disappointed. Alexa voice assistant is great when it comes to controlling a connected home but has a lot to learn from google assistant when it comes to  getting answers for search queries.,1,not_always respond wake word rd echo product say little disappointed alexa voice assistant great come controlling connected home lot learn google assistant come getting answer search query
5,30-Jul-18,White  Dot,It’s easier to do things with it,1,easier thing
5,30-Jul-18,Heather Gray Fabric ,Works great! Killer speaker! My wife and son love it.,1,work great killer speaker wife son love
5,31-Jul-18,Configuration: Fire TV Stick,I live this item.  I bought several for each room in the house and as a gift for my Mom.  I also use mine to travel with.,1,live item bought several room house gift mom also use mine travel
4,30-Jul-18,Black  Spot,"""Worthy successor to the echo dot and right at home in the bed room as an alarm clock.  However, for the price it should come with the stand""",1,worthy successor echo dot right home bed room alarm clock however price come stand
5,2-Jul-18,Black,Love it!,1,love
4,30-Jul-18,White  Show,"""Love the product idea. Super easy to set up & get started, a breeze to do routine tasks (set alarms, timers, add items to shopping/to do lists, play music, get news, just about anything it's supposed to do). The sound is good where Imhave it sitting, not tinny at all as some have found. There is one thing I HATE & it would keep me from recommending it to anyone - you cannot delete from the nice screen the continually running suggestions of what to ask Alexa. Unless you have her turn off the screen totally which I do when I go to bed. And it's too bad bc it's like a continuously running advertisement or set-up guide. Not attractive. The echo show was on sale prior to Prime day for less than the Echo, so I figured I was getting a great deal for my money when trying to decide which device to start out with. Because of the ever present script it's not a nice device to look at, I would not buy it again, or recommend - go with the Echo. I may still exchange the product.""",1,love product idea super easy set get started breeze routine task set alarm timer add item shoppingto list play music get news anything supposed sound good imhave sitting not_tinny found one thing hate would keep recommending anyone not_delete nice screen continually running suggestion ask alexa unless turn screen totally go bed bad like continuously running advertisement setup guide not_attractive echo show sale prior prime day less echo figured getting great deal money trying decide device start ever present script not_a nice device look would not_buy recommend go echo may still exchange product
5,28-Jul-18,Black  Show,bought two of these. One for my kitchen and the other for my sewing room. Its great if I need a recipe or need to know how to do something.  I am still learning everything it can do.,1,bought two one kitchen sewing room great need recipe need know something still learning everything
5,29-Jul-18,Charcoal Fabric ,"""I am extremely impressed with this item. Bought it from the &#34;warehouse&#34; or &#34;outlet&#34; with a &#34;minor imperfection. Can't tell it even has one. works great. Didn't come in packaging, but it was sealed up and had no damage and wasn't missing anything. I like the sound quality, I see some knock it. It's not a BOSE but it's more than great for our family. Easy to use, minor learning curve as it learns your voice. It integrates seamlessly with my other amazon services.Can't wait to get for my classroom too! It's a lot of fun even just as a speaker, let alone what I plan to do with it.""",1,extremely impressed item bought warehouse outlet minor imperfection not_tell even one work great not_come packaging sealed no_damage not_missing anything like sound quality see knock not_a bose great family easy use minor learning curve learns voice integrates seamlessly amazon servicescannot wait get classroom lot fun even speaker let alone plan
2,29-Jul-18,Sandstone Fabric ,"""I am not super impressed with Alexa. When my Prime lapsed, she wouldn't play anything. She isn't smart enough to differentiate among spotify accounts so we can't use it for that either. She randomly speaks up when nobody is talking to her. Just today I unplugged her...not sure I'll ever use my Alexa again.""",0,not_super impressed alexa prime lapsed would not_play anything not_smart enough differentiate among spotify account not_use either randomly speaks nobody_is talking today unplugged hernot sure ever use alexa
5,31-Jul-18,Charcoal Fabric ,Loved it!,1,loved
5,30-Jul-18,Heather Gray Fabric ,It was very easy to set up and my family love it’s!,1,easy set family love
5,29-Jul-18,Charcoal Fabric ,Simply love my Echo. I hardly watch any TV at all anymore. I'm too busy listening to music. Speaker is pretty goo for its size. All the fun skills really make the echo fun for my whole family.,1,simply love echo hardly watch tv anymore busy listening music speaker pretty goo size fun skill really make echo fun whole family
5,29-Jul-18,Charcoal Fabric ,"""I have had pure fun with my echo.  Weather, jokes, news briefing, and music but still so much more to use it for.  A lot of fun for the money.""",1,pure fun echo weather joke news briefing music still much use lot fun money
4,30-Jul-18,Configuration: Fire TV Stick,Es  excelente funciona genial,1,e excelente funciona genial
5,25-Jul-18,Black  Plus,This thing is great. Has good sound and does everything I expected. I have it linked in with my lights and use it with alarm.com as well.,1,thing great good sound everything expected linked light use alarmcom well
5,29-Jul-18,Charcoal Fabric ,Very easy set up. Really enjoying it,1,easy set really enjoying
5,30-Jul-18,Black  Dot,Very pleased,1,pleased
5,30-Jul-18,Heather Gray Fabric ,Sound quality,1,sound quality
5,30-Jul-18,Configuration: Fire TV Stick,Easy to set up; Easy to use!,1,easy set easy use
5,28-Jul-18,White  Show,Love it!  We have other echoes and love those so I bought this on prime day!  No regrets.  Love that I can connect to my Ring and see the front door.  Yhe kids like seeing the lyrics to songs and sing along. .,1,love echo love bought prime day no_regrets love connect ring see front door yhe kid like seeing lyric song sing along
5,28-Jul-18,Black  Show,I have it in the kitchen. Great for news or music in the a.m. I can video call my daughter and grand kids. I really dig it!,1,kitchen great news music video call daughter grand kid really dig
5,27-Jul-18,Black  Plus,Love the music the stories,1,love music story
5,30-Jul-18,Black  Dot,"""Fantastic product, I use it as a smart home hub and to play music through speakers mainly, the customizable routines are so nice and very easy to program""",1,fantastic product use smart home hub play music speaker mainly customizable routine nice easy program
5,30-Jul-18,Black  Dot,"""Love it, we are still learning the capabilities, having a lot of fun.""",1,love still learning capability lot fun
5,29-Jul-18,Heather Gray Fabric ,Love it!! Great product!!!,1,love great product
5,30-Jul-18,Black  Dot,It's easy to set up and use. There are new features and skills added all the time.,1,easy set use new feature skill added time
4,30-Jul-18,White  Spot,Echo Spot works well except it does not work with the Ring doorbell as it states on the website. Since they were sold as a pair I thought that it would be app ready.  Unfortunately that is not case.  Perhaps Ring will update so that they can be integrated.,1,echo spot work well except not_work ring doorbell state website since sold pair thought would app ready unfortunately not_case perhaps ring update integrated
5,26-Jul-18,Black  Plus,Well behaved device that i enjoy using.,1,well behaved device enjoy using
1,30-Jul-18,Black  Dot,"""I am quite disappointed by this product.There clearly is a bug: half of the time I ask for a newsflash, two second after it starts, the whole thing stops and reboots for a couple of minutes. Same goes when I ask to play the radio. Also, many times it get confused when I ask to switch of &#34;the lights&#34;...as other items are also named the same, which is not true. Clearly no AI or natural language, very 'beta' stage still for me. Not impressed!""",0,quite disappointed productthere clearly bug half time ask newsflash two second start whole thing stop reboots couple minute go ask play radio also many time get confused ask switch lightsas item also named not_true clearly no_ai natural language beta stage still not_impressed
5,30-Jul-18,Black  Dot,3rd Dot. Love it!,1,rd dot love
5,30-Jul-18,Black  Spot,Nice,1,nice
5,30-Jul-18,Black  Dot,I love it...... I want to get another one very  very  soon,1,love want get another one soon
5,29-Jul-18,Sandstone Fabric ,"""This is my second Echo and I love how it helps me in the kitchen. I can set timers, listen to the news, prepare grocery lists, and get great music.""",1,second echo love help kitchen set timer listen news prepare grocery list get great music
5,30-Jul-18,Black  Spot,I like it,1,like
5,30-Jul-18,Black  Dot,"""Love my dots.  Easy to use.  I have two plus the Echo Spot.  One of my favorite features is the ability to listen to music ... AMAZON, IHeart Radio, Pandora.""",1,love dot easy use two plus echo spot one favorite feature ability listen music amazon iheart radio pandora
5,30-Jul-18,Black  Dot,Works great!,1,work great
5,27-Jul-18,White  Spot,Excelente su funcionamiento y llama la atención la rapidez de respuesta y el control que se logra a través de la utilización con Alexa. Me sorprendió gratamente. Muy recomendable.,1,excelente su funcionamiento llama la atencin la rapidez de respuesta el control que se logra travs de la utilizacin con alexa sorprendi gratamente muy recomendable
1,29-Jul-18,Black  Show,The way the music sounds is poor quality,0,way music sound poor quality
5,30-Jul-18,Black  Spot,"""I bought on Prime Day and so glad I did. It’s easy to use and lots of customization options. I know some reviews said that the screen was small and hard to read, but I disagree.""",1,bought prime day glad easy use lot customization option know review said screen small hard read disagree
3,23-Jul-18,Black  Plus,"""We are a long time Amazon Prime family, many years, but new to the Alexa world and thought the purchase of Alexa Plus, with hub, and included Phillips Hue light bulb would be a great start. Alexa does a lot of good things for us like Alarm in the morning, verbalize books, playing music on command, even linked to my Sirrius/xm account. Good daily stuff. Good sound, but not Bose. But, the ads say &#34;Hub included&#34; so don't need anything else to operate devices. Well, not so. I understand there will be some differences in product device  support. The fact that it came with the Hue light bulb works only for on /off/ dimming of the bulb. The bulb is capable of so much more with the Hue App but the Hue app does not recognize Alexa hub as a bridge. So, it appears you do have to get a Philips bridge to set the bulbs for scenes, time the lights when you are away, set color tones, etc. That can all be done via internet with your phone or tablet away from home. The list goes on for its capabilities but not without its own bridge. Was very disappointed to find that out after the fact, to the point I feel we are being misled by Amazon by included the Hue bulbs without explanation. Maybe throw a good discount my way to get the Hue bridge if I keep the Echo Plus before I invest in more light bulbs.""",2,long time amazon prime family many year new alexa world thought purchase alexa plus hub included phillips hue light bulb would great start alexa lot good thing u like alarm morning verbalize book playing music command even linked sirriusxm account good daily stuff good sound not_bose ad say hub included not_need anything else operate device well not_so understand difference product device support fact came hue light bulb work dimming bulb bulb capable much hue app hue app not_recognize alexa hub bridge appears get philip bridge set bulb scene time light away set color tone etc done via internet phone tablet away home list go capability not_without bridge disappointed find fact point feel misled amazon included hue bulb without explanation maybe throw good discount way get hue bridge keep echo plus invest light bulb
5,30-Jul-18,White  Dot,"""Works great, love the fact you can play the same music on a group of devices.""",1,work great love fact play music group device
5,30-Jul-18,Black  Dot,Excellent product !!,1,excellent product
5,30-Jul-18,Configuration: Fire TV Stick,Easy to hook up.  Wish I knew all its capabilities,1,easy hook wish knew capability
5,30-Jul-18,Black  Dot,LOVE it. I got this for my boyfriend for his birthday and his kids have a blast asking Alexa all kinds of questions and having her tell silly jokes. We love it.,1,love got boyfriend birthday kid blast asking alexa kind question tell silly joke love
5,30-Jul-18,Heather Gray Fabric ,Very cool product. Speaker sounds good with my Spotify blasting through it.,1,cool product speaker sound good spotify blasting
5,29-Jul-18,Black  Show,No enough video options,1,no_enough video option
4,30-Jul-18,Charcoal Fabric ,"""Fun item to play with and get used to using.  Sometimes has hard time answering the questions you ask, but I think it will be better.""",1,fun item play get used using sometimes hard time answering question ask think better
5,28-May-18,White,"""Just like new, set-up was quick & easy.""",1,like new setup quick easy
4,30-Jul-18,Charcoal Fabric ,"""i have not found a way to access my echo thorough my prime account.  I think it should be part of the top line with video, music, etc.  I also think the setup app where i define, for example music i like, is not well integrated into echo.  I have tried to ask for my playlist and echo is not sure even though i set up play list in my settings.  I also do not like the fact that my words have to be exact match of my playlist names, which i can never remember.I like the ready nature of echo to respond to most any queries.""",1,not_found way access echo thorough prime account think part top line video music etc also think setup app define example music like not_well integrated echo tried ask playlist echo not_sure even though set play list setting also not_like fact word exact match playlist name never_rememberi like ready nature echo respond query
5,30-Jul-18,Black  Dot,Totally gets out sense of humour,1,totally get sense humour
5,26-Jul-18,Black  Spot,Love it getting use to it and Alexa is getting use to my voice . Sometimes she doesn't answer but I think it has to do when internet is low or is updating or my voice isn't strong. Over all I haven't had any of the annoying stuff that everyone is complaining about. Thank goodness I didn't listen to those reviews.  And paid attention to the Apple guy .,1,love getting use alexa getting use voice sometimes not_answer think internet low updating voice not_strong not_had annoying stuff everyone complaining thank goodness not_listen review paid attention apple guy
5,29-Jul-18,Charcoal Fabric ,Love this!  Have it in the kitchen and works well!,1,love kitchen work well
5,27-Jul-18,White  Spot,This is the one of my favorite Amazon devices.  Have one in my bedroom and use as alarm clock. Perfect addition to our home of Alexa devices.,1,one favorite amazon device one bedroom use alarm clock perfect addition home alexa device
3,30-Jul-18,White  Dot,"""Hard to hear, had to blue tooth it to a better speaker.""",2,hard hear blue tooth better speaker
5,29-Jul-18,Sandstone Fabric ,Arrived as expected.,1,arrived expected
4,30-Jul-18,White  Dot,We have six of these throughout our home and they are great.  There are times when music or talking happens randomly that may be from sensitive listening.  There should be more options to change the name of the engagement command &#34;Alexa&#34; or &#34;Computer&#34; are a little annoying.  More colors then black and white would also be a good thing.,1,six throughout home great time music talking happens randomly may sensitive listening option change name engagement command alexa computer little annoying color black white would also good thing
5,27-Jul-18,White  Plus,It is as if we are having a conversation with another person.  Instantaneous response.  And the fact that it catches your command even when you're far from it is simply just amazing.,1,conversation another person instantaneous response fact catch command even far simply amazing
1,14-Jul-18,White  Plus,"""I will be returning this piece of garbage as soon as possible. With my lifetime Amazon spending approaching nearly $40,000, I’m sure I’m just a small customer to them, but I’ve rarely been so disappointed out of hundreds if not thousands of Amazon purchases.I have 8+ echos for home automation and bought this Echo Plus specifically for the built-in hub along with approximately $600+ in zigbee light switches. The voice control is subpar even when it works, and that is a rarity. Most often it does nothing. I could not be more disappointed with this product and strongly discourage you from investing in the Amazon/Zigbee ecosystem. If you value your money, and expect a working product then you need to look elsewhere""",0,returning piece garbage soon possible lifetime amazon spending approaching nearly sure small customer rarely disappointed hundred not_thousands amazon purchasesi echo home automation bought echo plus specifically builtin hub along approximately zigbee light switch voice control subpar even work rarity often nothing_i could not_be disappointed product strongly discourage investing amazonzigbee ecosystem value money expect working product need look elsewhere
5,30-Jul-18,White  Dot,I love it!!,1,love
1,23-Jul-18,White  Spot,Not happy with the Spot.  Reset numerous times.  Seems to be in slow mode.  Have to be practically on top of it for it to hear me.  Even after talking with support I still do not have “themes” in the menu to choose from!,0,not_happy spot reset numerous time seems slow mode practically top hear even talking support still not_have theme menu choose
5,29-Jul-18,White  Show,Echo Show is perfect for staging in the kitchen so recipes are right there. No need to print them. Wonderful device. Acoustical sounds are not as powerful as our tall cylindercal echo but we have that covered in the adjacent family room.,1,echo show perfect staging kitchen recipe right no_need print wonderful device acoustical sound not_as powerful tall cylindercal echo covered adjacent family room
5,27-May-18,White,Works great!,1,work great
3,30-Jul-18,Black  Show,"""Seems to be a good product but, unable to play music in sync with my Sonos system. Sonos doesn't seem to recognize it at all.""",2,seems good product unable play music sync sonos system sonos not_seem recognize
5,30-Jul-18,Black  Dot,It does what it's suppose to do great product.,1,suppose great product
5,26-Jul-18,White  Plus,"""I purchased the Echo Plus with built-in hub during Prime Days sale. It was delivered very fast and was easy to link to my WiFi. Also connected it to a smart plug to control a light. I love telling Alexa to play music, and she hears me from 2 rooms away. Excited to learn new uses for it.""",1,purchased echo plus builtin hub prime day sale delivered fast easy link wifi also connected smart plug control light love telling alexa play music hears room away excited learn new us
5,31-Jul-18,Configuration: Fire TV Stick,Great product we listen to music all the time,1,great product listen music time
4,30-Jul-18,Charcoal Fabric ,"""Fun item to play with and get used to using.  Sometimes has hard time answering the questions you ask, but I think it will be better.""",1,fun item play get used using sometimes hard time answering question ask think better
5,30-Jul-18,Black  Show,"""Great item for knowledge, directions, music,laughter and more""",1,great item knowledge direction musiclaughter
5,30-Jul-18,Black  Dot,Kids love it! I love it!,1,kid love love
5,30-Jul-18,Heather Gray Fabric ,I love you so much,1,love much
3,30-Jul-18,Charcoal Fabric ,I like the product except that the speakers are not the high quality I expected,2,like product except speaker not_the high quality expected
5,28-Jun-18,Black,It works,1,work
5,7-Jul-18,White  Plus,"""So far using it for lights and music. Will connect my tv, vacuum and doorbell soon. Love it!!!!""",1,far using light music connect tv vacuum doorbell soon love
5,30-Jul-18,Heather Gray Fabric ,looks great,1,look great
4,30-Jul-18,White  Dot,Work pretty well,1,work pretty well
5,29-Jul-18,Black  Show,The best part about owning this is that my mother who is anti-technology uses this with ease everyday and finds new reasons to use it as well. Well done.,1,best part owning mother antitechnology us ease everyday find new reason use well well done
5,5-Jun-18,White,I purchased this for my daughter and we all love this!!!! its amazing!! we love the games!,1,purchased daughter love amazing love game
5,10-Jun-18,Black,"""Works great, can't tell it was refurbished and set up in kids mode.  I have 3 in my home and will be adding more. I love these things.""",1,work great not_tell refurbished set kid mode home adding love thing
5,30-Jul-18,Black  Dot,Fun To interact with,1,fun interact
1,30-Jul-18,Black  Dot,Cheap and cheap sound.,0,cheap cheap sound
5,30-Jul-18,Configuration: Fire TV Stick,This was just an additional one for my other TV. Loved it so much use it on the regular TV. Easy to set up and fairly easy to navigate. I don’t waste my money on regular TV cable or anything else. This is enough for me as I don’t watch too much TV.,1,additional one tv loved much use regular tv easy set fairly easy navigate not_waste money regular tv cable anything else enough not_watch much tv
1,24-Jun-18,Black,"""There was something wrong with the first one that no even the rep I spoke with could fix. The replacement was registered to someone else. When the price of the Dot went down to $39.99 (same price as the refurbished ones), I bought a brand, spanking new one. No problem with the new one.""",0,something wrong first one no_even rep spoke could fix replacement registered someone else price dot went price refurbished one bought brand spanking new one no_problem new one
5,30-Jul-18,Black  Dot,Its was easy to set up,1,easy set
5,29-Jul-18,White  Spot,Love this product I use it as my bedroom clock perfect size with a lot of other options. The only thing I would like to see them add on to it is the ability to fall asleep to mu as if and set a timer for it to go off on it's own. Like you can with tv t hcfe sleep mode.,1,love product use bedroom clock perfect size lot option thing would like see add ability fall asleep mu set timer go like tv hcfe sleep mode
3,30-Jul-18,Charcoal Fabric ,No different than Apple. To play a specific list of music you must have an Amazon of Spotify “plus/prime/etc” account.  So you must pay to play “your” music.  3 stars for that reason.  Everything else is 👍🏻 .,2,no_different apple play specific list music must amazon spotify plusprimeetc account must pay play music star reason everything else
5,29-Jul-18,Black  Show,As you can see Echo Show is in kitchen. It far exceeds my expectation. There’s a wealth of information about any topic. If is customizable for sound and video. I also have Echo and Echo Dot. You can group them and have hole house music. Still not done exploring all it can do love it. Perfect for getting recipes so you can see them while you’re preparing to cook.,1,see echo show kitchen far exceeds expectation wealth information topic customizable sound video also echo echo dot group hole house music still not_done exploring love perfect getting recipe see preparing cook
5,30-Jul-18,Black  Dot,Awesome piece of technology that has simplified my life. Great purchase.,1,awesome piece technology simplified life great purchase
5,16-May-18,Black,"""I have no complaints. As far as I know, these are exactly like new, just a little cheaper. Great!""",1,no_complaints far know exactly like new little cheaper great
4,30-Jul-18,Black  Dot,I used it to control my smart home devices. Works great.,1,used control smart home device work great
4,30-Jul-18,Black  Dot,I really love my dots! So awesome how it’s connects all my rooms. But like you’ve read with other reviews they are definitely lower in volume. Which I’m sure if I connected it to speaker or another device it would be great. But as a stand alone the volume is just ok. Definitely not like my tall echo. And the dots don’t pick up voice as good as my tall echo.Still totally love them and would recommend 100%,1,really love dot awesome connects room like read review definitely lower volume sure connected speaker another device would great stand alone volume ok definitely not_like tall echo dot not_pick voice good tall echostill totally love would recommend
5,21-Jun-18,Black,Love it -- the best.  My experience with refurbished devices is excellent.,1,love best experience refurbished device excellent
5,29-Jul-18,Black  Show, ,1,no_review
5,30-Jul-18,White  Spot,Great sound and video plus all the great stuff that Alexa has to offer even turns my lights on and off,1,great sound video plus great stuff alexa offer even turn light
5,25-May-18,White,Works perfectly,1,work perfectly
5,29-Jul-18,Black  Show,"""This thing is awesome for grocery lists, paired with the AnyList app. The flash briefing is very good too. My only complaint is that once you pause something, Alexa decides that you no longer want to listen to that thing. Forever. All in all, definitely worth the purchase.""",1,thing awesome grocery list paired anylist app flash briefing good complaint pause something alexa decides no_longer want listen thing forever definitely worth purchase
5,30-Jul-18,Walnut Finish ,We regret waiting so long to purchase this item. We are both surprised and pleased with the sound quality.,1,regret waiting long purchase item surprised pleased sound quality
2,29-Jul-18,Sandstone Fabric ,It's got great sound and bass but it doesn't work all of the time. Its still hot or miss when it recognizes things,0,got great sound bass not_work time still hot miss recognizes thing
5,30-Jul-18,White  Dot,"""Only complaint I have is that the sound quality isn't great. I mostly use it for commands though, and I have another dot hooked up to my stereo system to play music through. I have a couple friends that have a dot and don't mind the audio quality, but if you're bothered by that kind of thing I'd go with the full size echo or make sure you hook the do up to some larger speakers.""",1,complaint sound quality not_great mostly use command though another dot hooked stereo system play music couple friend dot not_mind audio quality bothered kind thing would go full size echo make sure hook larger speaker
5,19-Jul-18,Black  Spot,"""Got one for me and for my son on Prime Day. We love them! I want one in every room, but that would be excessive.""",1,got one son prime day love want one every room would excessive
5,30-Jul-18,White  Show,"""Love the echo show, can keep I can video chat with the kids and grandkids. I have it in the kitchen, so when I run out of something I have Alexa to add it to my grocery list. I use it for everything. Was very easy to set up""",1,love echo show keep video chat kid grandkids kitchen run something alexa add grocery list use everything easy set
5,30-Jul-18,Black  Show,"""works great, has great picture easy to setup and use..""",1,work great great picture easy setup use
5,29-Jul-18,Sandstone Fabric ,"""Awesome life changer! Seriously, I am able to start my morning with Alexa, by having her &#34;wake&#34;me up with  her alarm and then playing me some music. She has gotten used to my voice, that I can be in another room and she will &#34;listen&#34; to what I say. I love both my echos!!! Don't hesitate, get one and for the price, the speaker is unbelievable. I am buying the cordless holder, so I can take the echo anywhere. Love my purchase and love alexa!!!!""",1,awesome life changer seriously able start morning alexa wakeme alarm playing music gotten used voice another room listen say love echo not_hesitate get one price speaker unbelievable buying cordless holder take echo anywhere love purchase love alexa
1,12-Jun-18,Black,Bought this for my son and it didn’t work. He had to return it.,0,bought son not_work return
5,21-Jun-18,Black,Great! Just like new!,1,great like new
5,17-Jul-18,White  Spot,"""When we were buying another product there was an option to bundle this one for an extra $30...so we thought why not? Well, I'm so glad we did! We are really enjoying our Echo Spot. It reads stories to our girls, plays music, gives us the news, and so much more!  It's so responsive and has so many skills that we enjoy.""",1,buying another product option bundle one extra thought not_well glad really enjoying echo spot read story girl play music give u news much responsive many skill enjoy
5,28-May-18,Black,Love it,1,love
5,30-Jul-18,Black  Plus,I like the whole thing so far,1,like whole thing far
5,16-Jul-18,Black  Plus,Alexa is the best smart speaker out there I'm so glad I came across it the sound is so amazing and I mostly use Amazon Alexa for music and school work help I love to control my room lights and the color totally recommend,1,alexa best smart speaker glad came across sound amazing mostly use amazon alexa music school work help love control room light color totally recommend
5,28-Jul-18,Black  Show,👍🏻,1,no_review
1,28-Jul-18,White  Show,"""Works fine, I just realize I don’t need this because I don’t use it.""",0,work fine realize not_need not_use
4,30-Jul-18,Charcoal Fabric ,"""It’s still a great product.But the sound quality does seem worse.Don’t get me wrong. You definitely get used to it within an hour. But it definitely feels like echo gen 1 sound quality was better.Besides that , it’s great.With the addition of being able to play Just over Bluetooth with no WiFi, it’s even better.""",1,still great productbut sound quality seem worsedo not_get wrong definitely get used within hour definitely feel like echo gen sound quality betterbesides greatwith addition able play bluetooth no_wifi even better
5,30-Jul-18,Configuration: Fire TV Stick,Great product,1,great product
5,31-May-18,Black,"""Purchased as a gift,""",1,purchased gift
4,29-Jul-18,Heather Gray Fabric ,It's extremely useful in simple things like spotify and audible and things like that but sometimes it doesn't answer everything I ask but it's still nice to use.,1,extremely useful simple thing like spotify audible thing like sometimes not_answer everything ask still nice use
5,30-Jul-18,Black  Dot,"""I love my new Echo Dot! Right now, I mainly use it to play music at night, but it gets the job done.""",1,love new echo dot right mainly use play music night get job done
5,29-Jul-18,Charcoal Fabric ,I use it in my office and another at my apartment for music and information,1,use office another apartment music information
5,27-Jul-18,Black  Spot,"""Love my spot, it now acts as my new alarm.""",1,love spot act new alarm
5,23-Jul-18,White,"""This was an add on for my echo system, the refurbished product works like new!""",1,add echo system refurbished product work like new
5,30-Jul-18,Configuration: Fire TV Stick,"""Recently cut the cord on cable television. Needed an easy to install and relatively inexpensive alternative option to fill the gap. Ordered the Amazon Fire Stick from Best Buy. Instructions were short and easy to follow. I was going to order the Amazon Ethernet Adapter because I was worried about wireless speeds in my area, but thought I'd wait and see. Glad I did. Wireless connection has proved almost flawless so far. A few brief hiccups here and there, but I'm convinced that was from the Apps themselves. Don't miss the ridiculously high cable prices and am able to watch most of what I used to watch for a much lower price, which right now is a total of $50 a month. Amazon Fire Stick is limited to 1GB of memory and 8GB of storage. Thought that would be a huge issue when it came to downloading Apps and recording shows. So far it hasn't been any issue at all. The upcoming fall tv schedule, which includes the return of NFL Football, might prove more troublesome when I need to record more often. I'll worry about that then. My only real issue is that you can't really turn it off. The screen remains on and uses up electricity, although probably small amounts. Luckily when you unplug it, all downloaded Apps and recorded shows stay in memory. Not sure what happens when you have something scheduled to record when it's unplugged. Haven't tried it yet, although I don't think it'll be an issue with DirectTV Now, which I'm using right now. So far I'm loving the Amazon Fire Stick. Actually love that Amazon, which I use occasionally, come pre-installed.""",1,recently cut cord cable television needed easy install relatively inexpensive alternative option fill gap ordered amazon fire stick best buy instruction short easy follow going order amazon ethernet adapter worried wireless speed area thought would wait see glad wireless connection proved almost flawless far brief hiccup convinced apps not_miss ridiculously high cable price able watch used watch much lower price right total month amazon fire stick limited gb memory gb storage thought would huge issue came downloading apps recording show far not_been issue upcoming fall tv schedule includes return nfl football might prove troublesome need record often worry real issue not_really turn screen remains us electricity although probably small amount luckily unplug downloaded apps recorded show stay memory not_sure happens something scheduled record unplugged not_tried yet although not_think issue directtv using right far loving amazon fire stick actually love amazon use occasionally come preinstalled
5,26-Jul-18,Black  Plus,Excellent why didn’t I think it is in the beginning I love it,1,excellent not_i think beginning love
5,28-Jul-18,Black  Show,I love being able to see information that Alexa gives.  When notifications are turned on it lets you know when your order will be delivered and it also tells you what the order is. You can use the Echo screen to pull up details of your orders. You can use the Alexa skill to make calls from uhyour Echo.,1,love able see information alexa give notification turned let u know order delivered also tell order use echo screen pull detail order use alexa skill make call uhyour echo
5,29-Jul-18,Black  Plus,Very satisfied with the purchase. The package came in good time and was just as expected,1,satisfied purchase package came good time expected
5,30-Jul-18,Black  Spot,I love my new Echo Spot!,1,love new echo spot
5,11-Jul-18,Black,I already have the echo plus.  Bought this one for my bedroom.  Love the functions.,1,already echo plus bought one bedroom love function
5,30-Jul-18,Black  Dot,Echo Dot is a wonderful invention. We love it. Alexa is so smart.,1,echo dot wonderful invention love alexa smart
1,30-Jul-18,Configuration: Fire TV Stick,I would love this remote if i wasnt spending so much money replacing the batteries. Its upsetting that i spent money on such a great device all for the batteries not to last.,0,would love remote not_spending much money replacing battery upsetting spent money great device battery not_to last
5,30-Jul-18,Charcoal Fabric ,The Echo is wonderful but I'm still learning how to use it. Music requests are somewhat limited.,1,echo wonderful still learning use music request somewhat limited
5,30-Jul-18,Charcoal Fabric ,wonderful product and fast delivery!,1,wonderful product fast delivery
5,30-Jul-18,Black  Dot,"""I love searching the Alexa skill shop on the app. Useful things like having Alexa turn my lights on and off, listening to news updates every morning. And fun stuff like telling Alexa to make the Star Trek red alert nois. Or playing song quiz with friends.""",1,love searching alexa skill shop app useful thing like alexa turn light listening news update every morning fun stuff like telling alexa make star trek red alert nois playing song quiz friend
5,30-Jul-18,Black  Dot,"""Listening to music, searching locations, checking time, looking up weather. There are many more task to learn. It was simple to set up.""",1,listening music searching location checking time looking weather many task learn simple set
2,29-Jul-18,Black  Show,"""Disappointed that this device Is not able to access youtube as of Dec 2017. I wasn’t aware of that when I purchased it. I’ve had problems with my device. The voice stops working throughout the day. I can see it trying to respond to me, because the window it opens contains the info I asked about, but it’s like the device gets stuck in the process. It stops working, and the blue bar just flashes. I keep having to unplug and restart the device. Once I do that, it starts working again. So irritating. This device could really be a great device if Google and Amazon would act like grownups...""",0,disappointed device not_able access youtube dec not_aware purchased problem device voice stop working throughout day see trying respond window open contains info asked like device get stuck process stop working blue bar flash keep unplug restart device start working irritating device could really great device google amazon would act like grownup
5,29-Jul-18,Charcoal Fabric ,Listen music and set timer,1,listen music set timer
5,17-Jul-18,Black  Plus,"""So easy to use, non-stop music!""",1,easy use nonstop music
5,28-Jul-18,Charcoal Fabric ,Love it.,1,love
5,30-Jul-18,Configuration: Fire TV Stick,Awesome,1,awesome
5,28-Jul-18,Charcoal Fabric ,Almost as good as my Bose. Love the whole house music.,1,almost good bose love whole house music
5,28-Jul-18,Black  Show,Great product,1,great product
1,30-Jul-18,Configuration: Fire TV Stick,"""It still doesn’t work.  I bet if I call and let them know that, they will charge me for the 3rd time.  Ridiculous.""",0,still not_work bet call let know charge rd time ridiculous
5,29-Jul-18,Sandstone Fabric ,I love it!,1,love
5,29-Jul-18,Black  Plus,I Love it !! Used one like this in Philly while visiting my son and decided to buy my own on Prime Day !,1,love used one like philly visiting son decided buy prime day
5,30-Jul-18,Black  Dot,Love Alexa!!  I own 2 and gave one for a gift which was a huge hit!,1,love alexa gave one gift huge hit
5,29-Jul-18,Charcoal Fabric ,"""Love it, still learning, makes a lot of things easier, like if you forget to turn a light off and your in another room all you do is ask Alexa to turn the light off.""",1,love still learning make lot thing easier like forget turn light another room ask alexa turn light
4,26-Jul-18,Black  Spot,Love the ease of use and convenience the echo spot has offered,1,love ease use convenience echo spot offered
5,28-Jul-18,Black  Show,Love the echo show. The video quality is good and of course sound is good too.,1,love echo show video quality good course sound good
5,29-Jul-18,Black  Spot,Hands free control,1,hand free control
5,30-Jul-18,Configuration: Fire TV Stick,Turned our old TV into a smart TV. Really easy interface. Have bought 4 now.,1,turned old tv smart tv really easy interface bought
5,30-Jul-18,Black  Dot,my new best friend :),1,new best friend
5,15-Jul-18,White  Spot,I had just said to myself how I desired an assistant when I came across the Spot!  As a Mom of two things can get hectic really quickly trying to manage everyone’s schedules & my own. I just verbally tell Alexa what reminder or timer I need set and Voila!Having my Spot has given me the virtual assistant I so desired without having to actually hire someone.  Not to mention the many other awesome features. I have Alexa synced with my Audible & Kindle & Alex can read a book from my libraries to me.I’m still excited to see what else my Spot can do!Side note: I had wanted to purchase a Show for a while & probably still will down the line however I sooooo love my sleek little Sopt!,1,said desired assistant came across spot mom two thing get hectic really quickly trying manage everyone schedule verbally tell alexa reminder timer need set voilahaving spot given virtual assistant desired without actually hire someone not_to mention many awesome feature alexa synced audible kindle alex read book library mei still excited see else spot doside note wanted purchase show probably still line however sooooo love sleek little sopt
5,25-May-18,Black,Amazing!,1,amazing
5,28-Jul-18,Black  Show,"""Still learning it. We have just started integrating the smart devices in our home with the Echo product line. We now have the Show, the Spot, two Dots and a kids Dot. Having trouble getting them to call each other but still working on it.""",1,still learning started integrating smart device home echo product line show spot two dot kid dot trouble getting call still working
5,30-Jul-18,Heather Gray Fabric ,😍,1,no_review
1,30-Jul-18,Configuration: Fire TV Stick,Ordered 2 on deal day. 1 doesn’t work and 2 nd just went down after 2 days 😏,0,ordered deal day not_work nd went day
5,30-Jul-18,Charcoal Fabric ,I use it primarily to play music.  It works wonderfully!  Still getting used to some of the many things it will do.  Amazon has sent several tips since I got it. Thanks for all your help!,1,use primarily play music work wonderfully still getting used many thing amazon sent several tip since got thanks help
5,30-Jul-18,Black  Dot,I connected it to my whole home sound system to play prime music which my Google Home mini can't do.  It works well.,1,connected whole home sound system play prime music google home mini not_do work well
5,30-Jul-18,Black  Spot,"""I love this device! All the functionality of an Amazon Echo with the added benefit of a video screen. It looks great on my nightstand as a clock (lots of faces to choose from) and displays weather, reminders, etc. I think it can do video calls too but I use FaceTime for that anyway. It’s a great shape and doesn’t take up a lot of room. I’m planning to get another one for my guest room. Awesome for a great price!""",1,love device functionality amazon echo added benefit video screen look great nightstand clock lot face choose display weather reminder etc think video call use facetime anyway great shape not_take lot room planning get another one guest room awesome great price
5,3-Jul-18,Black,Love Alexa hope have her in every room soon.,1,love alexa hope every room soon
5,30-Jul-18,Black  Spot,"""I have been extremely impressed with the device as a whole. Completely changed sleep schedule and replaced my alarm clock. It is the perfect bedside counter device - alarm, wake up music, weather, top news stories, etc. Perfect device for what I wanted and does so much more than I expected it to do, calling feature is also a huge selling point. This is a must own item. Probably will grab more Echos in the future.""",1,extremely impressed device whole completely changed sleep schedule replaced alarm clock perfect bedside counter device alarm wake music weather top news story etc perfect device wanted much expected calling feature also huge selling point must item probably grab echo future
2,29-Jul-18,Charcoal Fabric ,Too difficult to set up.  It keeps timing out before you can enter the password,0,difficult set keep timing enter password
5,29-Jul-18,Black  Show,Love it!!,1,love
5,30-Jul-18,Black  Dot,Like having the music where ever I am.,1,like music ever
5,10-Jun-18,Black,Love it. It's like having a second wife.,1,love like second wife
5,30-Jul-18,Black  Dot,Works great and easy to set up!,1,work great easy set
5,26-Jul-18,White  Plus,I love it. Use it mostly for the music huge repertoire to choose from,1,love use mostly music huge repertoire choose
4,30-Jul-18,Oak Finish ,"""4.5 out of 5 Stars. I generally like this product. Its great at doing what you ask of it like playing music, setting timers, and making calls. Reason why I didn't rate it 5 out of 5 is that sometimes the connection dies and my Echo stops playing music and shows a red ring. Seems to be a connection issue. Overall, great product.""",1,star generally like product great ask like playing music setting timer making call reason not_rate sometimes connection dy echo stop playing music show red ring seems connection issue overall great product
5,30-Jul-18,Configuration: Fire TV Stick,I love the Alexa remote and easy to use.,1,love alexa remote easy use
5,30-Jul-18,Charcoal Fabric ,Good Value,1,good value
5,30-Jul-18,Black  Show,"""Love it! Easy setup and I can ‘Drop in’ on my daughter and son-in-law who live in St. Louis anytime. Everyone loves to have their mother drop in, right 😎""",1,love easy setup drop daughter soninlaw live st louis anytime everyone love mother drop right
5,29-Jul-18,White  Show,It's great sound and video quality,1,great sound video quality
5,30-Jul-18,Black  Dot,"""Alarm and music, information the weather""",1,alarm music information weather
5,30-Jul-18,White  Dot,"""Great price.  I love my echo dot,""",1,great price love echo dot
5,28-Jul-18,Black  Show,Starting my day!,1,starting day
5,26-May-18,White,I love it,1,love
5,30-Jul-18,Configuration: Fire TV Stick,I like my Amazon Fire stick I use it for my TV thank you for your help when I called you to get further instructions how to use it thank you have a good evening,1,like amazon fire stick use tv thank help called get instruction use thank good evening
1,26-Jul-18,Black, ,0,no_review
5,29-Jul-18,Charcoal Fabric ,"""I’m having trouble connecting my tv to it, but I’m not exactly tech smart. I’m sure one of my grandsons will figure it out for me. So far I’ve been using it mostly for music.""",1,trouble connecting tv not_exactly tech smart sure one grandson figure far using mostly music
5,30-Jul-18,Charcoal Fabric ,I use it primarily to play music.  It works wonderfully!  Still getting used to some of the many things it will do.  Amazon has sent several tips since I got it. Thanks for all your help!,1,use primarily play music work wonderfully still getting used many thing amazon sent several tip since got thanks help
4,30-Jul-18,White  Dot,Its Great. Lots Of Fun!!,1,great lot fun
5,30-Jul-18,Black  Dot,"""Listens well, does way more than expected, love her!""",1,listens well way expected love
5,30-Jul-18,Configuration: Fire TV Stick,i do wish the dot could connect to the fire stick but both products still worked flawlessly,1,wish dot could connect fire stick product still worked flawlessly
2,25-Jul-18,Black,Poor quality. Gave it away.,0,poor quality gave away
5,29-Jul-18,Heather Gray Fabric ,Love it!,1,love
5,30-Jul-18,Black  Dot,Very convenient,1,convenient
4,31-Jul-18,Configuration: Fire TV Stick,I love how I can just push the microphone button on the remote and ask it to open any show and it'll find whether it's on Hulu or Netflix and sign me in and start the show... Pretty amazing but each new technology sure is making me lazy or lol :-),1,love push microphone button remote ask open show find whether hulu netflix sign start show pretty amazing new technology sure making lazy lol
4,26-Jul-18,White  Plus,Nice toy to have around!,1,nice toy around
5,29-Jul-18,Black  Plus,Great hub,1,great hub
5,30-Jun-18,Black  Plus,amazing product with amazing sound!,1,amazing product amazing sound
5,31-Jul-18,Configuration: Fire TV Stick,Using it to stream Amazon Prime and Netflix.,1,using stream amazon prime netflix
5,23-Jul-18,Black  Spot,***Love it***,1,love
5,30-Jul-18,Black  Show,I like it,1,like
4,30-Jul-18,Black  Dot,"""The Echo Dot (2nd Generation) Smart Speaker is very compound in size, however it  projects very good sound. It also has a port in which you can connect an external speaker  for greater projection of sound. I also like it size because it's not awkward, and it doesn't take up a lot of space. It works great with the Alexa App. I also think the size is great for college students who live in dorm rooms with small limited spacing.""",1,echo dot nd generation smart speaker compound size however project good sound also port connect external speaker greater projection sound also like size not_awkward not_take lot space work great alexa app also think size great college student live dorm room small limited spacing
4,28-Jul-18,White  Spot,Very helpful with daily activities,1,helpful daily activity
5,30-Jul-18,Black  Show,"""Love this thing.. Best toy I've bought myself in awhile.. So far I have a smart plug connected running my Ac.  And the wifi light bulbs.  Baseball scores, weather are  cool but the music is the best feature.""",1,love thing best toy bought awhile far smart plug connected running ac wifi light bulb baseball score weather cool music best feature
5,30-Jul-18,Configuration: Fire TV Stick,Second one for my house. This is great...I am not tech oriented and all I have to do is hold down a button and talk. Now I am watching tv too much! LOL!,1,second one house greati not_tech oriented hold button talk watching tv much lol
5,30-Jul-18,Heather Gray Fabric ,Love it - am using it strictly for music now and it's great!,1,love using strictly music great
4,30-Jul-18,Configuration: Fire TV Stick,Fun taking to the TV. Works good. It’s a little confusing moving around the programs.,1,fun taking tv work good little confusing moving around program
5,30-Jul-18,White  Dot,Great to have along with the Echo,1,great along echo
5,29-Jul-18,Charcoal Fabric ,"""Doesn't work with my fairly new smart TV, but that's mainly the TV manufacturers(LG) fault due to not supporting anything older than TVs from this year. My smart locks also need an additional piece of equipment in order to connect as well. Speakers sound great and works very well.""",1,not_work fairly new smart tv mainly tv manufacturerslg fault due not_supporting anything older tv year smart lock also need additional piece equipment order connect well speaker sound great work well
5,29-Jul-18,White  Plus, ,1,no_review
5,19-Jul-18,White  Spot,Very nicely constructed. My wife wanted a second for the kitchen so I order a second one.,1,nicely constructed wife wanted second kitchen order second one
5,24-Jul-18,Black  Plus, ,1,no_review
2,30-Jul-18,Heather Gray Fabric ,Sad joke. Worthless.,0,sad joke worthless
5,29-Jul-18,Black  Show,Love that you can play music and see the lyrics.  Connected to my echo dot I enjoy listening in multiple rooms.,1,love play music see lyric connected echo dot enjoy listening multiple room
5,31-Jul-18,Charcoal Fabric ,"""I have had a lot of fun with this thing. My 4 yr old learns about dinosaurs, i control the lights and play games like categories. Has nice sound when playing music as well.""",1,lot fun thing yr old learns dinosaur control light play game like category nice sound playing music well
5,29-Jul-18,Heather Gray Fabric ,Love it!,1,love
1,30-Jul-18,White  Dot,Used twice not working!!!!!!!,0,used twice not_working
5,30-Jul-18,White  Dot,Convenient and fun.,1,convenient fun
4,30-Jul-18,Black  Dot,I used it to control my smart home devices. Works great.,1,used control smart home device work great
5,30-Jul-18,Charcoal Fabric ,Clear music,1,clear music
4,26-Jul-18,Black  Plus,Still needs some work on commands. Sound is equal in the regular echo so if you don't need a smart hub get a regular echo. The sound is ok with it had as much bass as my old soundlink but I mean hey gets loud on the treble and sounds clear.,1,still need work command sound equal regular echo not_need smart hub get regular echo sound ok much bass old soundlink mean hey get loud treble sound clear
5,30-Jul-18,Black  Show,I was pleasantly surprised! It’s awesome so far,1,pleasantly surprised awesome far
2,30-Jul-18,Configuration: Fire TV Stick,I just think that it's to darn confusing. And there are parts that i would try and just wouldn't work. I just don't like it. Not what i thought it would be.,0,think darn confusing part would try would not_work not_like not_what thought would
5,30-Jul-18,Configuration: Fire TV Stick,Was a gift,1,gift
5,29-Jul-18,Black  Show,"""I am pleased with the Echo Show, from the sound of the music and the words to the tunes to the news and weather. The color on the screen for my photos could be better.""",1,pleased echo show sound music word tune news weather color screen photo could better
5,30-Jul-18,Charcoal Fabric ,Cool,1,cool
5,30-Jul-18,Charcoal Fabric ,We love the size of the 2nd generation echo. Still needs a little improvement on sound,1,love size nd generation echo still need little improvement sound
4,28-Jul-18,White  Show,"""So far so good,  much better sound than my Echo Dot""",1,far good much better sound echo dot
5,29-Jul-18,Charcoal Fabric ,Funny how you buy something just because it looks fun and it winds up being a totally useful part of your home!!!  Loving it!!,1,funny buy something look fun wind totally useful part home loving
4,29-Jul-18,Heather Gray Fabric ,"""So far it has worked well. Not always intuitive as to how to link different devices, or """"skills"""", but getting the hang of it.""",1,far worked well not_always intuitive link different device skill getting hang
3,25-Jul-18,White  Spot,"""I have the dot and Echo Plus, this one can't seem to &#34;hear&#34; me as well and doesn't do as much as I expected.""",2,dot echo plus one not_seem hear well not_do much expected
5,30-Jul-18,Black  Dot,"""This was an impulse buy but turns out I really enjoy my new dot. My grands love requesting songs and playing games. I like listening to my audible selection, keeping up with my to do lists and discovering new Alexa skills. Fun and practical, my echo dot has been a surprisingly welcome addition to my home.""",1,impulse buy turn really enjoy new dot grand love requesting song playing game like listening audible selection keeping list discovering new alexa skill fun practical echo dot surprisingly welcome addition home
5,7-Jul-18,Black,This is my first smart device and I will surely be buying other devices that will be compatible with this one.,1,first smart device surely buying device compatible one
5,28-May-18,Black,Bought this for my son and he loves it.,1,bought son love
2,25-Jul-18,Black  Spot,"""I switched to google. The amazon helper is more for shopping, and google is the tasks assistant.""",0,switched google amazon helper shopping google task assistant
3,26-Jul-18,Black  Plus,The built in hub lacks some of the features (geo fencing) of the Phillips hub.  Otherwise would have given it 5 stars.,2,built hub lack feature geo fencing phillips hub otherwise would given star
5,23-May-18,Black,Works great - I put this in my son's room and use the drop in option to get his attention when he is gaming or watching tv.,1,work great put son room use drop option get attention gaming watching tv
2,31-Jul-18,Configuration: Fire TV Stick,It is much more difficult to use than the Chromecast.,0,much difficult use chromecast
4,21-Jul-18,Black  Plus,"""I’m having trouble with it, the alarm most of times doesn’t work, the timer doesn’t ends... and Alexa keeps saying she is unavailable.""",1,trouble alarm time not_work timer not_ends alexa keep saying unavailable
2,30-Jul-18,Configuration: Fire TV Stick,Was loving it but starting in June Hulu stopped working and crunchyroll doesn’t work either. Probably will switch to something else soon.,0,loving starting june hulu stopped working crunchyroll not_work either probably switch something else soon
5,30-Jul-18,White  Show,"""Used to have fun with. Great to play music, turn on lights and who know what else.""",1,used fun great play music turn light know else
4,25-Jul-18,Black  Spot,Surprisingly handy. Wish it had more options geared towards it being on your nigh stand. Like an even dimmer setting.,1,surprisingly handy wish option geared towards nigh stand like even dimmer setting
5,30-Jul-18,Black  Dot,Love it,1,love
4,26-Jul-18,White  Spot,"""It is a good addition to my small space, and it keeps me up to date on events and weather conditions.""",1,good addition small space keep date event weather condition
3,28-Jul-18,White  Spot,I do like the product we bought it on Prime day but this week it was $30 cheaper then Prime day. Still a really cool device. I wish I would have waited.,2,like product bought prime day week cheaper prime day still really cool device wish would waited
5,30-Jul-18,Black  Dot,Awesome piece of technology that has simplified my life. Great purchase.,1,awesome piece technology simplified life great purchase
5,29-Jul-18,Charcoal Fabric ,Love it!  So do the grandkids!!,1,love grandkids
5,30-Jul-18,Black  Dot,I use the echo dot several different ways in my home. I use it downstairs to control lighting. I also take it out on my deck to stream music to a Bluetooth speaker. It works great for what I need.,1,use echo dot several different way home use downstairs control lighting also take deck stream music bluetooth speaker work great need
5,28-Jul-18,Black  Plus,Great product. More skills are needed. I love it.,1,great product skill needed love
5,30-Jul-18,Black  Dot,love it as I do all of my echos,1,love echo
5,18-Jul-18,White  Plus,The Echo Plus works as expected but I never received the Philips Hue smart bulb that was supposed to be included as part of my purchase. Please advise.,1,echo plus work expected never_received philip hue smart bulb supposed included part purchase please advise
1,30-Jul-18,Black  Show,"""Very intrusive, so I turn it off""",0,intrusive turn
1,12-Jul-18,Black,Item has never worked. Out of box it is broken. Spent several days trying to get it working and running same &#34;fixes&#34; from Amazon. The only thing accomplished is I will never order another refurbished device.,0,item never_worked box broken spent several day trying get working running fix amazon thing accomplished never_order another refurbished device
5,30-Jul-18,Charcoal Fabric ,Very easy to set up. Works wonderful and I love it!!,1,easy set work wonderful love
5,29-Jul-18,Black  Plus,I have the google home that I really like. The Echo plus I think has even a better sound and am totally happy with it.,1,google home really like echo plus think even better sound totally happy
4,30-Jul-18,White  Show,I use this to control my smart home.,1,use control smart home
3,30-Jul-18,Configuration: Fire TV Stick,Netflix and Hulu,2,netflix hulu
5,25-Jul-18,White  Plus,Music. News. Shopping list. Jokes. Games,1,music news shopping list joke game
5,30-Jul-18,Configuration: Fire TV Stick,"""Awesome, wish I had gotten one sooner.""",1,awesome wish gotten one sooner
5,19-Jul-18,White  Spot,I’m leaving this for those who don’t have enough of an attention span to read instructions.  You can stop the screen rotations.Swipe down on clock screenSelect settingsHome & clockHome cardsRotate onceProblem solved,1,leaving not_have enough attention span read instruction stop screen rotationsswipe clock screenselect settingshome clockhome cardsrotate onceproblem solved
1,21-May-18,Black,Sent it back due to crackling noise and turning itself off and on - but what can you expect with a refurbished item?,0,sent back due crackling noise turning expect refurbished item
5,30-Jul-18,Heather Gray Fabric ,I am thoroughly enjoying my Ecoo!  Love to have it read my audiobook to me while in the office and then I can simply open the audiobook on my kindle to continue it when elsewhere. Wonderful for listening to music when not in the mood for a book. Great for setting reminders for myself too and so much more.,1,thoroughly enjoying ecoo love read audiobook office simply open audiobook kindle continue elsewhere wonderful listening music not_in mood book great setting reminder much
5,19-Jul-18,Black  Plus,Good product.,1,good product
5,30-Jul-18,Black  Dot,Love my echo. Love playing music in my room,1,love echo love playing music room
1,30-Jul-18,White  Spot,I returnef this item because it does not speak Spanish,0,returnef item not_speak spanish
5,30-Jul-18,Configuration: Fire TV Stick,I was able to use this in another room and add Alexa in that room.,1,able use another room add alexa room
5,30-Jul-18,Black  Dot,"""Very intelligent, love the songs ....""",1,intelligent love song
5,30-Jul-18,Configuration: Fire TV Stick,I love my amazon sticks,1,love amazon stick
5,30-Jul-18,Charcoal Fabric ,Just like the other one,1,like one
3,25-Jul-18,Black  Plus,I can't get multiple profiles working. It just spins when adding a 2nd user at pass device prompt,2,not_get multiple profile working spin adding nd user pas device prompt
5,17-May-18,Black,Echo is good.,1,echo good
5,29-Jul-18,Charcoal Fabric ,"""I have had all good experience, so far with the second generation Echo. There are so many more things to learn, but I have not had the time yet. Right now, I am mostly enjoying the music, weather updates, using the alarm feature, and her personality. I have also purchased some mini smart socket yes. I am very excited to begin using them""",1,good experience far second generation echo many thing learn not_had time yet right mostly enjoying music weather update using alarm feature personality also purchased mini smart socket yes excited begin using
5,22-Jul-18,Black  Plus,Exactly what I wanted with speedy shipping.....thank you so much!,1,exactly wanted speedy shippingthank much
5,30-Jul-18,Black  Spot,"""Cool little piece of tech...we’re still learning some of its functions and possibilities, but I can see some potential.  Even my ‘technically challenged’ wife already figured out how to video call our daughter.""",1,cool little piece techwe still learning function possibility see potential even technically challenged wife already figured video call daughter
5,30-Jul-18,Black  Dot,this is my 2nd echo dot and it is working just as i want it to.  i have it in the bedroom and i par it with a small blue tooth speaker.  last nite i went to sleep with sounds of a thunderstorm as provided by my echo dot.  i am planning to have the dot turn my bedroom lamps on when i receive the smart plugs that i ordered.,1,nd echo dot working want bedroom par small blue tooth speaker last nite went sleep sound thunderstorm provided echo dot planning dot turn bedroom lamp receive smart plug ordered
5,30-Jul-18,Black  Plus,It’s a great product and easily set up just have to get it in sync with your personal set up,1,great product easily set get sync personal set
4,30-Jul-18,Sandstone Fabric ,The outlet does not work with it. Was disappointed in that.,1,outlet not_work disappointed
4,30-Jul-18,Sandstone Fabric ,I just this for listening to talk radio in the morning and turning lights on and off etc. The system does an excellent job as a full house sound system streaming Sirius.,1,listening talk radio morning turning light etc system excellent job full house sound system streaming sirius
5,30-Jul-18,Black  Dot,"""Fantastic product, I use it as a smart home hub and to play music through speakers mainly, the customizable routines are so nice and very easy to program""",1,fantastic product use smart home hub play music speaker mainly customizable routine nice easy program
5,30-Jul-18,Configuration: Fire TV Stick,Loved them,1,loved
3,5-Jun-18,White,Good sometimes can’t hear well,2,good sometimes not_hear well
5,23-Jun-18,Black,No problems,1,no_problems
5,30-Jul-18,Oak Finish ,Just what I expected....,1,expected
4,21-Jul-18,Black  Plus,Got this in a pretty good deal during the prime day event. It sounds pretty good and works well so far.,1,got pretty good deal prime day event sound pretty good work well far
5,29-Jul-18,Heather Gray Fabric ,This is a great product!  Set up was easy.  Sound is wonderful.,1,great product set easy sound wonderful
4,30-Jul-18,Charcoal Fabric ,Great sound and easy to set up.,1,great sound easy set
3,19-May-18,Black,Seems to have trouble hearing me when I say the wake word despite being trained to my voice... Wonder if this has something to do with buying it refurbished. Our google home mini has no problems hearing us 😬 and is much louder.,2,seems trouble hearing say wake word despite trained voice wonder something buying refurbished google home mini no_problems hearing u much louder
5,25-Jul-18,Black,"""Six words, &#34;Alexa, tell me a poop joke.&#34;""",1,six word alexa tell poop joke
5,31-Jul-18,Black  Dot,beyond awesome,1,beyond awesome
5,30-Jul-18,Black  Dot,It is s great tool helping with information.,1,great tool helping information
5,30-Jul-18,Sandstone Fabric ,The echo works well. I was able to sync it with my other Amazon music devices.,1,echo work well able sync amazon music device
5,27-Jul-18,Black,It works,1,work
5,29-Jul-18,Charcoal Fabric ,"""I have had pure fun with my echo.  Weather, jokes, news briefing, and music but still so much more to use it for.  A lot of fun for the money.""",1,pure fun echo weather joke news briefing music still much use lot fun money
3,16-Jul-18,Black  Plus,"""Pros- plenty loud for a large room with high ceilings.Cons - the hub doesn’t do anything.  It doesn’t work with z wave (as it states), it doesn’t take voice commands for SmartThings, which I had to buy since the hub doesn’t work for z wave.It also sounds muffled and there is no way to control the EQ. (Not sure if that is on all models, but the Dots we have are clear.For the money, buy an echo dot or echo (2nd generation).  The echo dot takes voice commands for the smart things hub, go figure, and the audio is clear. The dot also seems to hear my voice better and almost at a whisper.""",2,pro plenty loud large room high ceilingscons hub not_do anything not_work z wave state not_take voice command smartthings buy since hub not_work z waveit also sound muffled no_way control eq not_sure model dot clearfor money buy echo dot echo nd generation echo dot take voice command smart thing hub go figure audio clear dot also seems hear voice better almost whisper
3,29-Jul-18,Charcoal Fabric ,I don't think the &#34;2nd gen&#34; sounds as good as the 1st.  But it does have an aux out... so you could add an external speaker.  But if you are going to do that why wouldn't you just get a dot?  2nd issue is (which isn't unique to this unit but I don't understand why I can't override the default that prevents you from playing a blue tooth speaker while playing through a &#34;group&#34;.  I get there is a delay when using a BT speaker.  But if the other units are not where they can be heard then I should be able to play as a group while using the BT speaker.,2,not_think nd gen sound good st aux could add external speaker going would not_you get dot nd issue not_unique unit not_understand not_override default prevents playing blue tooth speaker playing group get delay using bt speaker unit not_where heard able play group using bt speaker
5,26-Jul-18,Black  Plus,"""better sound than my echo dot. Simple to set up, less than 5 minutes.""",1,better sound echo dot simple set less minute
4,30-Jul-18,Black  Dot,I'm amazed with the alarm. I tell Alexa to wake me up to a particular song and it does.  I love the play list if music. Not sure if i don't keep prime if music will still be available. However i did love the fact Amazon gave me music free for 3 months...they should have given prime free for 3 months as well.,1,amazed alarm tell alexa wake particular song love play list music not_sure not_keep prime music still available however love fact amazon gave music free monthsthey given prime free month well
5,29-Jul-18,Charcoal Fabric ,See subject line.  Love it,1,see subject line love
5,30-Jul-18,Configuration: Fire TV Stick,"""Everything about it is great, love the Alexa voice remote""",1,everything great love alexa voice remote
5,30-Jul-18,Black  Show,"""this is so fun! I really enjoy using it. I have it hooked up to one of my lights so I just tell Alexa when I want that on and off. also, it connects to my Spotify so I just have Alexa resume my playlist and we pick off right where we ended. I feel like there's even more I can do with this, so I'm excited to use it more!""",1,fun really enjoy using hooked one light tell alexa want also connects spotify alexa resume playlist pick right ended feel like even excited use
4,30-Jul-18,Black  Dot,I love my Dot and am hoping to add a couple more around the apartment. The only reason I didn't give it 5 stars is because I wish the speaker would be just a little better. I know Amazon probably wanted to keep costs down for this item but I really like to play music around the apartment when I am busy doing things so if they would have added a speaker with just a little more wattage and bass response they would have something great to put in the bathroom or kitchen where there might not be a lot of space for a full sized Echo. I would have been willing to pay 10 to 20 dollars more if it had a better speaker. Oh well it is what it is and I still love it. I'm just going to have to find a Bluetooth speaker that sounds good but doesn't take up a whole lot of space.,1,love dot hoping add couple around apartment reason not_give star wish speaker would little better know amazon probably wanted keep cost item really like play music around apartment busy thing would added speaker little wattage bass response would something great put bathroom kitchen might not_be lot space full sized echo would willing pay dollar better speaker oh well still love going find bluetooth speaker sound good not_take whole lot space
5,16-Jul-18,White,Looks and works perfect. Glad I got a good deal.,1,look work perfect glad got good deal
5,30-Jul-18,White  Dot,I like it alot. I connected it so I can play my Pandora and I asked about the weather & time every morning. I got rid of my old fashioned digitol clock because I can have my music play Unlimited on this. I'm going to ask it about vacations and a few other things once I get more comfortable with it. Definitely worth the money.,1,like alot connected play pandora asked weather time every morning got rid old fashioned digitol clock music play unlimited going ask vacation thing get comfortable definitely worth money
5,29-Jul-18,Black,But not very loud,1,not_very loud
4,29-Jul-18,Charcoal Fabric ,Love my Echo great sound very smart!,1,love echo great sound smart
5,28-Jul-18,Black  Show,"""Echo is my teacher English, he is very funny,but sometimes he does not listen to what is said.""",1,echo teacher english funnybut sometimes not_listen said
3,30-Jul-18,Black  Dot,"""The sound quality wasn’t great, but it was inexpensive""",2,sound quality not_great inexpensive
5,30-Jul-18,Black  Spot,"""I love the Echo Spot as it is great for checking the weather along with many other things, but most important it works great as your alarm clock in your bedroom!""",1,love echo spot great checking weather along many thing important work great alarm clock bedroom
5,30-Jul-18,Charcoal Fabric ,Love it and Alexa. I am not very savvy but support was very helpful and patient.,1,love alexa not_very savvy support helpful patient
5,31-Jul-18,Black  Show,I love love love love it!  I feel like I have a talking computer that tells me EVERYTHING.,1,love love love love feel like talking computer tell everything
4,9-Jul-18,Black,"""The price is great.  Was having trouble with it hearing me from across a room, but after moving it to another spot, it seems to be working fine.  Will buy some more. Want 1 in every room.""",1,price great trouble hearing across room moving another spot seems working fine buy want every room
5,10-Jul-18,Black,Refurbished but just as good as the new ones that I've bought.,1,refurbished good new one bought
1,30-Jul-18,Configuration: Fire TV Stick,It don’t show nothing,0,not_show nothing
5,30-Jul-18,White  Dot,I love it! I use it for everything. It’s a part of my daily routine,1,love use everything part daily routine
5,30-Jul-18,Black  Spot,"""I love this clock, I just have to tell it to set my alarm.  No more fussing with buttons!""",1,love clock tell set alarm no_more fussing button
4,30-Jul-18,Black  Dot,"""I like to use it for listening to podcasts.  I like to set up the greeting in the morning to tell me what's new.  The one thing I don't like was getting it to recognize the radio station I wanted to listen to.  I finally got it working, but had to work through the bugs.""",1,like use listening podcasts like set greeting morning tell new one thing not_like getting recognize radio station wanted listen finally got working work bug
5,15-Jul-18,White  Plus,We love it! Bought the light bulbs as well and we use it daily!,1,love bought light bulb well use daily
5,30-Jul-18,Black  Dot,"""My new best friend!! I'm a little behind the times I've never had anything like this, another alexa or google home, so to me this is a super amazing useful tool. I use it to play sleep sounds to sleep. I use it for my amazon audible books. Set alarms, reminders, receive notifications, play games with her. Have her tell me a short story lol. It's pretty fun. I know some people complained about the speaker I'm not sure why. I'm sure if you have an open concept house all to yourself and want to blast music no this might not blast it around loud enough. But I rent a room and in my bedroom it's perfect I don't have any problems with the speaker. Love everything about it!""",1,new best friend little behind time never_had anything like another alexa google home super amazing useful tool use play sleep sound sleep use amazon audible book set alarm reminder receive notification play game tell short story lol pretty fun know people complained speaker not_sure sure open concept house want blast music no_this might not_blast around loud enough rent room bedroom perfect not_have problem speaker love everything
4,31-Jul-18,Walnut Finish ,"""Sometimes while playing a game, you can answer a question correctly but Alexa says you got it wrong and answers the same as you.  I like being able to turn lights on and off while away from home.""",1,sometimes playing game answer question correctly alexa say got wrong answer like able turn light away home
5,30-Jul-18,Configuration: Fire TV Stick,Love it! It's everything I wanted and more,1,love everything wanted
5,30-Jul-18,Black  Dot,Great item.  I'm so glad I made the purchase and on Prime day.,1,great item glad made purchase prime day
1,10-Jun-18,Black,So far not impressed at all. Does not save groups correctly can not understand me most of the time I'm not sure what the excitement is all about. Alexas voice sounds like it's under water how am I supposed to understand!!!!I'm going to return and try a google home!!!,0,far not_impressed not_save group correctly not_understand time not_sure excitement alexas voice sound like water supposed understandi going return try google home
5,30-Jul-18,Black  Dot,"""We love this thing! I wish I would have gotten it sooner. You will certainly want to go through the settings and lock it down if you have kids, but it is a great additional for even unexpected things like helping the kids with homework. There are loads of skills. I am very happy with this purchase, especially since I got it on prime day for almost half price.""",1,love thing wish would gotten sooner certainly want go setting lock kid great additional even unexpected thing like helping kid homework load skill happy purchase especially since got prime day almost half price
5,30-Jul-18,Charcoal Fabric ,"""I like the fact that I can get any kind of music from Prime that I want on request from Alexa. I liked the informative photo little pamphlet but wish it included how to connect your TV etc. to the commands from Alexa. BUT, I really love having the music.""",1,like fact get kind music prime want request alexa liked informative photo little pamphlet wish included connect tv etc command alexa really love music
5,20-Jul-18,Black  Spot,Best bedside clock and assistant I have ever had.,1,best bedside clock assistant ever
1,27-Jul-18,Black  Plus,no habla espanol,0,no_habla espanol
5,27-Jun-18,Black,I love my echo dot! Looks brand new and works perfect! Very satisfied.,1,love echo dot look brand new work perfect satisfied
3,30-Jul-18,Black  Dot,The speaker could be better...,2,speaker could better
3,29-Jul-18,White  Show,"""I bought it to go with my security camera system, but it did not perform like I thought it would. It doesn't alert us when someone is at the door. Also, I can't talk to the person at the door through the echo show, only through my cell phone.""",2,bought go security camera system not_perform like thought would not_alert u someone door also not_talk person door echo show cell phone
5,5-Jun-18,White,Good as new! Perfectly packaged and I have had zero issues with the dot.,1,good new perfectly packaged zero issue dot
5,30-Jul-18,Black  Dot,Easy to set-up and to use.,1,easy setup use
4,29-Jul-18,Charcoal Fabric ,"""Good quality, great sound quality""",1,good quality great sound quality
1,31-Jul-18,Black,Item no longer works after just 5 months of use. Will not connect to wifi and unresponsive to reset requests.,0,item no_longer work month use not_connect wifi unresponsive reset request
5,30-Jul-18,Configuration: Fire TV Stick,Great product. Very versatile and easy to use,1,great product versatile easy use
4,29-Jul-18,White  Spot,Nice upgrade from an Echo Dot.,1,nice upgrade echo dot
1,30-Jul-18,Black  Dot,"""I am quite disappointed by this product.There clearly is a bug: half of the time I ask for a newsflash, two second after it starts, the whole thing stops and reboots for a couple of minutes. Same goes when I ask to play the radio. Also, many times it get confused when I ask to switch of &#34;the lights&#34;...as other items are also named the same, which is not true. Clearly no AI or natural language, very 'beta' stage still for me. Not impressed!""",0,quite disappointed productthere clearly bug half time ask newsflash two second start whole thing stop reboots couple minute go ask play radio also many time get confused ask switch lightsas item also named not_true clearly no_ai natural language beta stage still not_impressed
5,29-Jul-18,Charcoal Fabric ,Got a good deal and works great with Prime.  Setup was a bit of a pain but more the fault of crappy internet service.  Has worked great with nice sound from small speaker.,1,got good deal work great prime setup bit pain fault crappy internet service worked great nice sound small speaker
5,30-Jul-18,Charcoal Fabric ,"""Works great, upgraded from echo dot to full size echo, couldn’t be happier!""",1,work great upgraded echo dot full size echo could not_be happier
5,30-Jul-18,Charcoal Fabric ,Good Value,1,good value
4,29-Jul-18,White  Plus,Pretty cool. I have only begun to figure out things she does.,1,pretty cool begun figure thing
5,30-Jul-18,Black  Dot,"""Music, weather, time.""",1,music weather time
4,30-Jul-18,Black  Dot,this is my first Alexa enabled device and so far its lived up to its reputation!,1,first alexa enabled device far lived reputation
5,30-Jul-18,White  Dot,Great to play music throughout the house. Great and easily fits in my decor of my home,1,great play music throughout house great easily fit decor home
5,28-Jul-18,Black  Show,Nothing to dislike and it does a lot more than I expected,1,nothing_to dislike lot expected
5,30-Jul-18,Black  Show,Works well with optional cameras.  Conferencing is good.  Still feel like Bezos is spying on me.,1,work well optional camera conferencing good still feel like bezos spying
5,26-Jul-18,Black  Spot,Best thing I have ever owned! Started with the dot and now added the spot and I love iy,1,best thing ever owned started dot added spot love iy
1,30-Jul-18,Black  Dot,I didn’t order it,0,not_order
1,25-Jun-18,Black,"""Now I'm weary about these picking up conversations when you are not actively using them - heard about this happening on the news.  I have 3-4, so this is very concerning.  I wish Amazon would release something widespread  or push some firmware to prevent this.  If they have, I have not heard about it yet.""",0,weary picking conversation not_actively using heard happening news concerning wish amazon would release something widespread push firmware prevent not_heard yet
2,30-Jul-18,Configuration: Fire TV Stick, ,0,no_review
2,20-Jun-18,White, ,0,no_review
5,30-Jul-18,Configuration: Fire TV Stick,"""Just getting started with the Fire TV Stick. So far, so good.""",1,getting started fire tv stick far good
5,30-Jul-18,Charcoal Fabric ,"""Great sound quality, great features, great product. Multi room music is very cool.""",1,great sound quality great feature great product multi room music cool
5,2-Jul-18,Black,This is great! Got one for my Gazebo and one upstairs.,1,great got one gazebo one upstairs
4,26-Jul-18,Black  Plus,It's like a remedial form of the Star Trek computer in your home,1,like remedial form star trek computer home
5,30-Jul-18,Configuration: Fire TV Stick,"""Doubtful at first, but it works a lot better than my smart devices.Plus Alexa software include, that was a plus!""",1,doubtful first work lot better smart devicesplus alexa software include plus
4,28-Jul-18,White  Show,"""I like the fact that the messages are visual now as well as audible.I am puzzled because it will light up and make the &quot;notification&quot; sound but when I ask Alexa to read my notifications, she tells me that there are no new notifications.  This has happened at least once a day for over a week now.""",1,like fact message visual well audiblei puzzled light make quotnotificationquot sound ask alexa read notification tell no_new notification happened least day week
3,30-Jul-18,White  Dot,I was hoping the cord was white also. Otherwise it is fine.,2,hoping cord white also otherwise fine
4,29-Jul-18,Black  Spot,"""It has been able to interpret my instructions pretty well right from the start, even from a distance. A lot of the skills are excellent. I've added a few of the late shows to my flash briefing but it's ridiculous that it can't access YouTube.It might be important to note that adding an event to your calendar is a task; it seems to have difficulty with the time span of an event. I imagine this is a functionality people would use often.""",1,able interpret instruction pretty well right start even distance lot skill excellent added late show flash briefing ridiculous not_access youtubeit might important note adding event calendar task seems difficulty time span event imagine functionality people would use often
5,30-Jul-18,White  Dot,"""daughter wanted a white boombox, nothing good out for 11 yr old.  decided to go echo dot for most any request + white BT good speaker.  she loved the gift and nice option for many things on the internet.""",1,daughter wanted white boombox nothing_good yr old decided go echo dot request white bt good speaker loved gift nice option many thing internet
5,30-Jul-18,Black  Show,Love my echo show! Great sound and picture. Does a great job thing in my entire echo collection!,1,love echo show great sound picture great job thing entire echo collection
5,29-Jul-18,Sandstone Fabric , ,1,no_review
5,29-Jul-18,Oak Finish ,Love my Echo,1,love echo
5,29-Jul-18,Charcoal Fabric ,Use this all the time and especially to communicate with kids throughout the home,1,use time especially communicate kid throughout home
5,30-Jul-18,Charcoal Fabric ,How easy if was to set up.,1,easy set
5,30-Jul-18,White  Dot,"""daughter wanted a white boombox, nothing good out for 11 yr old.  decided to go echo dot for most any request + white BT good speaker.  she loved the gift and nice option for many things on the internet.""",1,daughter wanted white boombox nothing_good yr old decided go echo dot request white bt good speaker loved gift nice option many thing internet
5,22-Jul-18,Black  Spot,"""Absolutely love it. After much persuasion from a friend, I finally gave in and bought one. Let's just say that the moment Alexa enters my life, I turn around and tell Siri to get the hell out.""",1,absolutely love much persuasion friend finally gave bought one let u say moment alexa enters life turn around tell siri get hell
5,30-Jul-18,Black  Dot,Love these.  Great in the bathroom to listen to the news during showering.  Or listen to CNN live with Serius SM.,1,love great bathroom listen news showering listen cnn live serius sm
5,30-Jul-18,Black  Show,Love it!,1,love
3,27-Jul-18,Black,Has weird pauses in her speech pattern that are not present in my other echo devices.,2,weird pause speech pattern not_present echo device
5,30-Jul-18,Charcoal Fabric ,The speaker sounds really good,1,speaker sound really good
4,29-Jul-18,Black  Show,"""Great fun but frustrating at times. Commands between tv and the show get mixed (asking to watch something will turn my directv, not display on show which stinks with an 8 year old) Also would like more video options with flash briefings. Still really a tech wonder for a low price.""",1,great fun frustrating time command tv show get mixed asking watch something turn directv not_display show stink year old also would like video option flash briefing still really tech wonder low price
5,30-Jul-18,White  Dot,Great product,1,great product
5,30-Jul-18,Sandstone Fabric ,Love it,1,love
5,22-May-18,White,"""I love this, answers all my stupid questions and tells me the weather for when I don’t get off the couch""",1,love answer stupid question tell weather not_get couch
5,25-Jul-18,Black  Plus,"""This is a very useful device.  I use it to turn my lights on and off around the house.  It works with all the other Alexa devices, so I can give a command near any of them, and this will process the request.  It also handles all the functions that the other devices can do. I enjoy it much more than I thought I would.""",1,useful device use turn light around house work alexa device give command near process request also handle function device enjoy much thought would
5,6-Jul-18,Black  Plus,It appears to be working fine my first Echo stopped replying to my requests and I received the Echo plus very happy no problems no hassel exchange.,1,appears working fine first echo stopped replying request received echo plus happy no_problems no_hassel exchange
5,30-Jul-18,Black  Show,Enjoy using it.  Great sound.  Love the shopping list,1,enjoy using great sound love shopping list
5,30-Jul-18,White  Dot,I love it.,1,love
1,30-Jul-18,Black  Show, ,0,no_review
3,30-Jul-18,Black  Dot,"""No problems, works as expected. Could have a better speaker.""",2,no_problems work expected could better speaker
5,28-Jul-18,Black  Show,Bought it for my mother,1,bought mother
5,30-Jul-18,Charcoal Fabric ,Love it,1,love
5,28-Jul-18,Black  Plus,It's fantastic. Very happy with the purchase.,1,fantastic happy purchase
2,23-Jul-18,Black  Plus,"""I'm sure the Echo is as cool as everyone says....but I won't get to try this one. Even though I have a Large covered porch.....the package was left on my top step on a day forecast for 100% chance of rain.....and rain it did, soaking the package. I'm not even going to open it and see how bad the damage is. This order has been cursed from the beginning. Ordered as a Birthday Gift and Delivery was not made on scheduled day. Now I get it, and its rain-soaked.""",0,sure echo cool everyone saysbut not_get try one even though large covered porchthe package left top step day forecast chance rainand rain soaking package not_even going open see bad damage order cursed beginning ordered birthday gift delivery not_made scheduled day get rainsoaked
4,31-May-18,Black,"""Overall good device. It was bought for a workout room, and has issues reaching a volume that can be heard over a standard row machine. It could use a much better speaker.""",1,overall good device bought workout room issue reaching volume heard standard row machine could use much better speaker
5,16-Jul-18,Black  Plus, ,1,no_review
5,30-Jul-18,Black  Dot,Love this thing works great and kids love it to,1,love thing work great kid love
5,30-Jul-18,Black  Dot,I love this its super convenient and makes my life a little easier,1,love super convenient make life little easier
5,29-Jul-18,Heather Gray Fabric ,"""Love these,  great sound... easy to connect and use...""",1,love great sound easy connect use
4,30-Jul-18,Charcoal Fabric ,Fast response which was amazing.  Clear concise answers and sound quality is fantastic.  I am still getting used to Alexia and have not usde Echo to its full extent.,1,fast response amazing clear concise answer sound quality fantastic still getting used alexia not_usde echo full extent
5,29-Jul-18,Charcoal Fabric ,I like everything about it !!!,1,like everything
5,30-Jul-18,Black  Dot, ,1,no_review
1,30-Jul-18,Black  Show,Waste of money over the echo generation 2.  You don’t really get anything more from a video chat on this device then you would on FaceTime or Skype and it does not cycle through your pictures when you put it on slideshow mode it sticks on the first photo and will not leave it no matter what you do I have even looked online to research articles and cannot find a solution.  I have also had problems with this device shutting down and I have not had these problems on any of the other echo devices.  Price difference is just not worth it,0,waste money echo generation not_really get anything video chat device would facetime skype not_cycle picture put slideshow mode stick first photo not_leave no_matter even looked online research article not_find solution also problem device shutting not_had problem echo device price difference not_worth
5,30-Jul-18,Charcoal Fabric ,So far I like it 🤓,1,far like
5,29-Jul-18,Charcoal Fabric ,more compact and a bit better than the original,1,compact bit better original
5,30-Jul-18,Black  Dot,"""these are additional alexa based devices to make access better from other parts  of our homes rather than trying to shout questions or instructions through out the house, lol. we wouldn't be without alexa for the variety of functions that she performs.""",1,additional alexa based device make access better part home rather trying shout question instruction house lol would not_be without alexa variety function performs
5,29-Jul-18,Charcoal Fabric ,I love it!!,1,love
3,29-Jul-18,White  Spot,I am huge Amazon fan! First to have a kindle and the echo. I waited a bit on this but have wanted it for awhile. I do love it!! My kids love it! They love watching videos and the lyrics to the songs. Now the video calling feature is nothing like how the advertisement made it out. I thought as long as someone would FaceTime me I could do it through that and I can’t. It’s Spot to Spot. Can’t even Skype (which I do often with my aunt). The is my major disappointment with it.,2,huge amazon fan first kindle echo waited bit wanted awhile love kid love love watching video lyric song video calling feature nothing_like advertisement made thought long someone would facetime could not_it spot spot not_even skype often aunt major disappointment
1,11-Jun-18,White,"""Very bad this device, I don’t know if it’s because is refurbished or what but it activated by itself , nobody is talking and he just activated and start talking. When you talk you have to yell super lauded""",0,bad device not_know refurbished activated nobody_is talking activated start talking talk yell super lauded
4,20-Jul-18,White  Spot,"""Loving this way more than google home devices. I've been using for a couple months and if you're an amazon prime subscriber the value here is greater than google. I'm using to listen to free music with prime (better than alternatives), audible and you can even watch movies. The display is a little small for lots of watching, the sound should be louder, and YOUTUBE NEEDS TO BE AVAILABLE. These issues put this at a 3.5 to 4 stars. Fix one of them (youtube) and its a 5 star item. To alleviate sound I've paired with a blue tooth speaker. Right now this sits in my living area. Where I think it will shine is my office desk. Once there are great offers I could see purchasing additional for nightstand or other Amazon Alexa items for my household. I felt happy after adding this to my house where as I felt stupid using google home.""",1,loving way google home device using couple month amazon prime subscriber value greater google using listen free music prime better alternative audible even watch movie display little small lot watching sound louder youtube need available issue put star fix one youtube star item alleviate sound paired blue tooth speaker right sits living area think shine office desk great offer could see purchasing additional nightstand amazon alexa item household felt happy adding house felt stupid using google home
5,29-Jul-18,Sandstone Fabric ,I received the echo in perfect condition. The device was easy to set up and responds quickly and without any issues. Alexa is a great addition to our family!,1,received echo perfect condition device easy set responds quickly without issue alexa great addition family
3,29-Jul-18,Heather Gray Fabric ,I like the interaction of asking questions. I don’t like that I can’t ask her to setup schedule of off and on of connected lamp.,2,like interaction asking question not_like not_ask setup schedule connected lamp
5,28-Jul-18,Charcoal Fabric ,Great sound for the size and the prize!! And of course....Alexa!,1,great sound size prize coursealexa
5,18-Jul-18,Black  Spot,"""I absolutely love this! Very user friendly and I got the Kasa Cam to go with it to monitor my living room. Super easy to set up and operate. I only wish it actually came with the camera privacy cover and pivoting stand which you can buy separately. I’m looking forward to future software updates for different clock faces. I like digital but I miss the colon in between the hours and minutes on most of them. I’d also like to see more celebs jump on board for the alarm voices. I really have no complaints, I’m being nit picky at this point. Worth every penny!""",1,absolutely love user friendly got kasa cam go monitor living room super easy set operate wish actually came camera privacy cover pivoting stand buy separately looking forward future software update different clock face like digital miss colon hour minute would also like see celebs jump board alarm voice really no_complaints nit picky point worth every penny
1,30-Jul-18,Black  Dot,This device does not interact with my home filled with Apple devices.  How disappointing!,0,device not_interact home filled apple device disappointing
5,29-Jul-18,Sandstone Fabric ,I love it!,1,love
5,20-Jul-18,Black  Plus,"""the Sound is fantastic for the Classic  music. is like you have the orchestra at your home. and you can control the sound with out screamig at it you just have to twist the top, but also you can tell  &#34;Alexa volume 3&#34;""",1,sound fantastic classic music like orchestra home control sound screamig twist top also tell alexa volume
5,2-Jul-18,Black  Plus,I really like this item. I already had the echo dot but with this purchase the Philips Hue bulb came with the plus. Just purchasing the plus I have not had time to use it to its full capabilities but the bulb is something else. I use that with the echo dot to turn on our bedroom light and I really like it. The plus is in our great room/kitchen area. So far I give this a 5 star.,1,really like item already echo dot purchase philip hue bulb came plus purchasing plus not_had time use full capability bulb something else use echo dot turn bedroom light really like plus great roomkitchen area far give star
5,30-Jul-18,White  Spot,Love my Echo Spot!,1,love echo spot
5,16-Jun-18,White,Well I’m a big fan of echoes these ones went I’m my bathrooms.  Works just great as expected 👍🏾,1,well big fan echo one went bathroom work great expected
5,29-Jul-18,Black  Plus,"""I'm so happy that I purchased Alexa.  When I recently saw this at a friend's home, he played some music while talking about the product.  I love the sound & love that all I have to do is tell Alexa or ask a question & she responds immediately.  I haven't been able to listen to my CD's for a while since I have a problem within my stereo equipment for some time now so this makes me extremely happy that it's not an issue any longer.""",1,happy purchased alexa recently saw friend home played music talking product love sound love tell alexa ask question responds immediately not_been able listen cd since problem within stereo equipment time make extremely happy not_an issue longer
5,19-Jul-18,Black  Spot,"""I highly recommend the spot! I have it connected to the kasa camera and it is so convenient to just ask spot to, &#34;show me the camera&#34; when someone is at the door. Love it! As soon as amazon has a good sale on these again I will be getting another one! Good job Amazon!""",1,highly recommend spot connected kasa camera convenient ask spot show camera someone door love soon amazon good sale getting another one good job amazon
5,30-Jul-18,Black  Dot,Works better than anticipated. This thing is awesome.,1,work better anticipated thing awesome
3,29-Jul-18,White  Show,"""The ability to respond with the accuracy and variety of information provided by Google search has spoiled me.I had originally expected to see that the same type of search engine in the Echo.Not so, the ability of Alexa to provide such detailed information is not part of the package.Perhaps improvements are in the offing with further updates.""",2,ability respond accuracy variety information provided google search spoiled mei originally expected see type search engine echonot ability alexa provide detailed information not_part packageperhaps improvement offing update
5,29-Jul-18,Charcoal Fabric ,Works great! Perfect for my office!,1,work great perfect office
5,30-Jul-18,White  Dot,"""Works as expected. This is our fourth one, our son loves it in his room. Easy to set an alarm and he can play music through it.""",1,work expected fourth one son love room easy set alarm play music
5,30-Jul-18,Heather Gray Fabric ,I was a little nervous when I received my new Echo as I'm not really Tech savvy. I found it a bit intimidating at first but it didn't take me to long to figure it out!! I'm very happy with my purchase and now thinking of adding an echo spot!!!,1,little nervous received new echo not_really tech savvy found bit intimidating first not_take long figure happy purchase thinking adding echo spot
4,28-Jul-18,Black  Plus,"""It was a little hard to follow their instructions, great product""",1,little hard follow instruction great product
1,28-Jul-18,White  Spot,"""This product currently has two related software flaws that make it completely unusable:1) There is a &#34;card&#34; on the homescreen called &#34;Things To Try&#34; -- it's an ad for other Alexa services you can try. You can turn off all the other homescreen cards, but not this one.2) By default, the homescreen cards &#34;cycle&#34; automatically, which is incredibly annoying. There is a setting where you can opt to have the cards only &#34;cycle once&#34; instead of &#34;cycle continuously&#34;, but critically *this setting does not work*. My unit has been set to &#34;cycle once&#34;, and the cards still continue to cycle all the time. Have rebooted the device, re-set, etc etc.Until these two obvious software issues are fixed, in my opinion the product is useless.""",0,product currently two related software flaw make completely unusable card homescreen called thing try ad alexa service try turn homescreen card not_this one default homescreen card cycle automatically incredibly annoying setting opt card cycle instead cycle continuously critically setting not_work unit set cycle card still continue cycle time rebooted device reset etc etcuntil two obvious software issue fixed opinion product useless
5,30-Jul-18,White  Spot,So far so good.,1,far good
5,27-Jul-18,White  Spot,Love it,1,love
5,26-Jul-18,Black  Plus,Arrived right on time and works as expected,1,arrived right time work expected
5,30-Jul-18,Black  Show,I really love this item!  So much fun!,1,really love item much fun
4,30-Jul-18,Black  Dot,Alexa is perfect for people like me living alone. At least I have someone to talk to.. to keep my sanity. 😂 Though I wish it has a powerful speaker and no need to connect it to bluetooth speakers.,1,alexa perfect people like living alone least someone talk keep sanity though wish powerful speaker no_need connect bluetooth speaker
5,30-Jul-18,Configuration: Fire TV Stick,Amazing for all your entertainment needs!,1,amazing entertainment need
5,30-Jul-18,Black  Dot,Son loves it.,1,son love
5,30-Jul-18,Black  Show,This is our second echo show.  We have a home in Mexico and one in the USA.  Now when one of us is in the other home we can easily stay in touch and see each other.  We can also drop in on the houses when we aren’t there to check on them.  We use it to turn on and off the lights and security systems in both homes.  We also have echo dots in various rooms.  We love all this technology!  We ask her many questions and she plays music for us.,1,second echo show home mexico one usa one u home easily stay touch see also drop house not_there check use turn light security system home also echo dot various room love technology ask many question play music u
2,29-Jul-18,Sandstone Fabric ,It's got great sound and bass but it doesn't work all of the time. Its still hot or miss when it recognizes things,0,got great sound bass not_work time still hot miss recognizes thing
5,30-Jul-18,Configuration: Fire TV Stick,I love it,1,love
5,30-Jul-18,White  Show,"""It makes talking with your grandchildren so easy, especially for the little ones.  Outstanding product!""",1,make talking grandchild easy especially little one outstanding product
5,30-Jul-18,Configuration: Fire TV Stick,"""I like the way you can watch anything and everything , for some live shows you need a cable provider""",1,like way watch anything everything live show need cable provider
5,29-Jul-18,Charcoal Fabric ,I am impressed with the sound quality.,1,impressed sound quality
5,30-Jul-18,White  Show,Love it!! Still learning all the possibilities.,1,love still learning possibility
3,28-Jul-18,Black  Show,"""It's an echo with a screen, hence still needs work. Has me considering google home now.""",2,echo screen hence still need work considering google home
5,30-Jul-18,Configuration: Fire TV Stick,Very easy to set up and straight forward directions. Loads fast also.,1,easy set straight forward direction load fast also
5,25-Jul-18,Black  Spot,Love it!,1,love
5,30-Jul-18,Heather Gray Fabric ,Good sound works well,1,good sound work well
5,2-Jul-18,White,outstanding I use all the time....works just like they say,1,outstanding use timework like say
4,30-Jul-18,Black  Plus,We got this mainly for our son who is currently vision impaired ! it has many good things and setup was fairly easy once I did the first one but they should be easier to setup and come loaded with more stuff ! it should do Text messages to friends easier without them having to download something for it to work and it should link with email and also them common social media like facebook and twitter and others !the whole purpose was to get him back connected to the Web by voice so he wouldn't feel left out and isolated ! they should also have a tech support phone number to call or a way to do direct help to the Echo so tech support can help setup the device ! I had to get a friend whos an IT guy to come help me setup,1,got mainly son currently vision impaired many good thing setup fairly easy first one easier setup come loaded stuff text message friend easier without download something work link email also common social medium like facebook twitter others whole purpose get back connected web voice would not_feel left isolated also tech support phone number call way direct help echo tech support help setup device get friend guy come help setup
4,30-Jul-18,Sandstone Fabric ,"""Excellent product, set up with ease as well.""",1,excellent product set ease well
5,30-Jul-18,Black  Dot,Love these.  Great in the bathroom to listen to the news during showering.  Or listen to CNN live with Serius SM.,1,love great bathroom listen news showering listen cnn live serius sm
5,29-Jul-18,Charcoal Fabric ,"""Very pleased with my purchase of Echo Smart Speaker - love the fact that I can play music of different genre's whenever I want.Had some trouble at first with the WI FI, but it is now working.""",1,pleased purchase echo smart speaker love fact play music different genre whenever wanthad trouble first wi fi working
1,30-Jul-18,White  Dot,I am having real difficulty working with the Echo Dot. Alexi is not very smart. 9 out of 10 questions I have asked I get the &#34;I'm not sure&#34;  Half the time I am still asking the question and Alexi is saying &#34;I'm not sure&#34;. The music is great and works well for that. All in All so far it's been a very frustrating experience.,0,real difficulty working echo dot alexi not_very smart question asked get not_sure half time still asking question alexi saying not_sure music great work well far frustrating experience
5,30-Jul-18,Configuration: Fire TV Stick,"""Very easy setup, and Alexa can be heard well and receive Very well.""",1,easy setup alexa heard well receive well
4,30-Jul-18,Black  Show,Works well. Not thrilled that most of the apps have to be paid for seprately.,1,work well not_thrilled apps paid seprately
5,28-Jul-18,Black  Show,Love all of it!!!,1,love
5,30-Jul-18,Configuration: Fire TV Stick,"""My 90 year old Mom LOVES that she can watch the 1st Season of Blue Bloods ❤. My one wish is that she could watch CSI:MIAMI...without having to pay for it...😥 The bill for OPTIMUM is already, quite high. Can you help us? We live on Long Island, NY (Suffolk County )""",1,year old mom love watch st season blue blood one wish could watch csimiamiwithout pay bill optimum already quite high help u live long island ny suffolk county
5,30-Jul-18,Charcoal Fabric ,Works as you’d expect and then some. Also good sound quality considering price (70.00 on sale) and features.,1,work would expect also good sound quality considering price sale feature
5,30-Jul-18,Charcoal Fabric ,"""I love it,she is very helpful. I use her for remembering things and sleep. You can ask her just about anything. I have only had her for about a week so still learning her.""",1,love itshe helpful use remembering thing sleep ask anything week still learning
5,30-Jul-18,Charcoal Fabric ,"""I like being able to tell Alexia the music I want to hear, but sometimes she has trouble finding the song if I am not very specific about the title.""",1,like able tell alexia music want hear sometimes trouble finding song not_very specific title
4,30-Jul-18,Black  Dot,I bought the echo dot while it was on sale for prime day and I was excited when it came in the next day. I set it up immediately and everything worked perfectly fine. The set up was easy and straight forward which I really appreciated because I am terrible with technology. The only reason why I am not satisfied with my purchase is because of the fact that I can't use the Echo Dot for more than 15 minutes without it disconnecting from the internet. I am connected to both 2.4GHZ and 5GHZ wifi links and neither works. It's very frustrating because I am not getting my use out of the Echo Dot and I really wish I could. If any one has had the same problems or has any solution please let me know!,1,bought echo dot sale prime day excited came next day set immediately everything worked perfectly fine set easy straight forward really appreciated terrible technology reason not_satisfied purchase fact not_use echo dot minute without disconnecting internet connected ghz ghz wifi link neither_works frustrating not_getting use echo dot really wish could one problem solution please let know
5,30-Jul-18,Black  Dot,Works like a champ.,1,work like champ
5,30-Jul-18,Black  Plus,"""Great speaker, great microphone response.  Loving my purchase and the beginning of my smart home.""",1,great speaker great microphone response loving purchase beginning smart home
5,11-Jun-18,Black,Alexa's sister (my second dot),1,alexas sister second dot
5,25-Jul-18,Black  Plus,"""I love it , using music and turning on and off light""",1,love using music turning light
5,30-Jul-18,Charcoal Fabric ,This device is awesome!,1,device awesome
5,29-Jul-18,Charcoal Fabric ,Enjoyed entire echo experience,1,enjoyed entire echo experience
3,30-Jul-18,Sandstone Fabric ,it's annoying that everything they show Alexa as being able to do has to be downloaded. You spend so  much time trying to figure out how to phrase it for the machine that you may as well just look it up yourself,2,annoying everything show alexa able downloaded spend much time trying figure phrase machine may well look
5,8-Jul-18,Black,Have now used for several months without problem.,1,used several month without problem
5,25-Jul-18,Black  Plus,I love it and my family loves it also we use it all the time we also like playing the games that you can get on it too!! Great for family game nights,1,love family love also use time also like playing game get great family game night
4,30-Jul-18,Black  Plus,"""Awesome product, very responsive!Alexa just needs more content and variety when it comes to music. It uses the Bing search engine instead of google. If only the two could combine. It would be a perfect product.""",1,awesome product responsivealexa need content variety come music us bing search engine instead google two could combine would perfect product
5,29-Jul-18,Charcoal Fabric ,"""My  wife & I enjoy the ease of playing our music. The games are fun & entertaining, I look forward to adding more smart products to my home.""",1,wife enjoy ease playing music game fun entertaining look forward adding smart product home
5,29-Jul-18,Charcoal Fabric ,Amazing paroduct,1,amazing paroduct
5,30-Jul-18,Black  Dot,So far all.i can say is I love it,1,far alli say love
4,26-Jun-18,Black,Love my two echo dots but the third one we ordered to give as a gift had a defective speaker.  The return process still isn't done and has already taken weeks.,1,love two echo dot third one ordered give gift defective speaker return process still not_done already taken week
5,29-Jul-18,Heather Gray Fabric ,Have Alexa throughout the house----the future has arrived!,1,alexa throughout housethe future arrived
5,30-Jul-18,Configuration: Fire TV Stick,amazon fire stick is amazing !!!,1,amazon fire stick amazing
5,31-Jul-18,Configuration: Fire TV Stick,Works great and it's so easy to use that my 4 year old can navigate it.,1,work great easy use year old navigate
5,29-Jul-18,Heather Gray Fabric ,Easy to setup. Love all the things she does.,1,easy setup love thing
5,28-Jul-18,White  Plus,Better than expected!,1,better expected
5,30-Jul-18,Black  Show,We love it!!  We use it every day and are finding new ways to use it the longer we have it!,1,love use every day finding new way use longer
4,28-Jul-18,Black  Spot,Had a dot and upgraded to this! I like it. My only complaint is the very short instructions,1,dot upgraded like complaint short instruction
5,30-Jul-18,Configuration: Fire TV Stick,works great,1,work great
5,29-Jul-18,Sandstone Fabric ,"""This echo is just as great as my others, even though it is smaller.""",1,echo great others even though smaller
5,30-Jul-18,White  Show,I like the echo show its the best! big screen you can watch movies preview from the movie and alexa will answer all your question you name it.,1,like echo show best big screen watch movie preview movie alexa answer question name
5,30-Jul-18,Black  Dot,this is so much fun to play with - I just ask to set an alarm to wake in the morning and when it goes off I tell Alexa to turn it of - Alexa learns from the questions I ask. SHe will play music that you ask her to play if its the amazon music domain. If I wake up in the middle of the night I do not have to turn on a light I just ask alexa what time is it. When I want the current weather she tells me. Ask her what going on in the city she knows. Call a friend she will dial ( I haven't used that one yet but she said she could if its in y contacts.,1,much fun play ask set alarm wake morning go tell alexa turn alexa learns question ask play music ask play amazon music domain wake middle night not_have turn light ask alexa time want current weather tell ask going city know call friend dial not_used one yet said could contact
3,30-Jul-18,Black  Dot,"""The sound quality wasn’t great, but it was inexpensive""",2,sound quality not_great inexpensive
5,25-Jul-18,Black  Spot,"""The Echo Spot is compact, nice sound and camera quality. Makes it great to video chat with the family when I'm travelling for work. Ease of use that the youngest member (10 years) has no problem talking to Mama on the video chat and understands the important of digital security.""",1,echo spot compact nice sound camera quality make great video chat family travelling work ease use youngest member year no_problem talking mama video chat understands important digital security
5,30-Jul-18,Configuration: Fire TV Stick,I already bought one previously to try out and enjoyed it.  Bought these new ones during the Prime sale.,1,already bought one previously try enjoyed bought new one prime sale
5,30-Jul-18,Configuration: Fire TV Stick,Perfect,1,perfect
5,30-Jul-18,Configuration: Fire TV Stick,Very easy to install and am excited to use!,1,easy install excited use
5,1-Jul-18,Black,Works great just like the new one that i already had.,1,work great like new one already
5,30-Jul-18,Black  Spot,Couldn't be more pleased. Amazon hit this one out of the park. Looks great and runs great. Love it!,1,could not_be pleased amazon hit one park look great run great love
5,28-Jul-18,White  Show,Love it,1,love
2,30-Jul-18,Black  Dot,The only negative we have on this product is the terrible sound quality.  A massive difference from the Alexa.  Which to us was a big reason we wanted to purchase this.Won’t be buying another until the speaker and sound quality can improve.,0,negative product terrible sound quality massive difference alexa u big reason wanted purchase thiswill not_be buying another speaker sound quality improve
4,30-Jul-18,Black  Dot,"""Some times Alexa is a little &#34;thick&#34;, but mostly good!""",1,time alexa little thick mostly good
4,30-Jul-18,Charcoal Fabric ,Works great sounds great does not miss a beat wish it had a battery for better portability,1,work great sound great not_miss beat wish battery better portability
5,29-Jul-18,Black  Show,easy to use.,1,easy use
5,30-Jul-18,Sandstone Fabric ,Amazing product,1,amazing product
5,29-Jul-18,White  Show,"""Easy to use, Answers all my questions,Hands free, What's not to like , It may not be perfect but it is  a sign of the times to come, can be connected to smart home items, I enjoy it totallly,, Keeps your home connected""",1,easy use answer questionshands free not_to like may not_be perfect sign time come connected smart home item enjoy totallly keep home connected
3,8-Jun-18,Black,Blue light blinks all the time,2,blue light blink time
5,29-Jul-18,Sandstone Fabric ,"""Still getting used to Alexa, don't have her connected to our TV yet or other things right now use her for music and information, which she is great!!""",1,still getting used alexa not_have connected tv yet thing right use music information great
5,29-Jul-18,Black  Plus,"""After we learned to use this (we are still learning), we are very pleased with Echo Plus""",1,learned use still learning pleased echo plus
1,30-Jul-18,Black  Dot,"""This worked well for about 6 months but then stopped connecting to the internet (wifi) and none of the trouble shooting efforts worked.  Amazon customer service couldn't help further and told me warranty was only 3 months, which was very disappointing, so they weren't willing to replace.""",0,worked well month stopped connecting internet wifi none_of trouble shooting effort worked amazon customer service could not_help told warranty month disappointing not_willing replace
4,30-Jul-18,White  Dot,It plays music that I request.,1,play music request
5,30-Jul-18,Heather Gray Fabric ,Yet another Exho for our home and love them all!!!,1,yet another exho home love
5,29-Jul-18,Heather Gray Fabric ,Love it--- have one inside house and one by our pool now . Just as good as Bose speakers around house -,1,love one inside house one pool good bose speaker around house
5,30-Jul-18,Black  Dot,Just got my third one. Love them,1,got third one love
5,30-Jul-18,White  Show,"""Love my Echo Show. Alexa is amazing and now on the Show &#34;she&#34; can display lyrics, photos, etc. The speakers are amazing and fills the room. Bought on Prime Day so got a great deal, so worth it.""",1,love echo show alexa amazing show display lyric photo etc speaker amazing fill room bought prime day got great deal worth
5,28-Jul-18,White  Show,Bought for my older grandparent to help with reminders. Would recommend to anyone with someone in their life with dementia or memory loss. Helps my grandmother remember to take medications and do daily task. She loves it because she can listen to music and ask questions,1,bought older grandparent help reminder would recommend anyone someone life dementia memory loss help grandmother remember take medication daily task love listen music ask question
5,29-Jul-18,Heather Gray Fabric ,"""Once set up very user friendly. Set-up wasn't as user friendly as I'd hoped.. The alexa app should be able to download to a pc without installing [invasive ] drivers. My wife and I are both retired and she wouldn't have been able to install Alexa, but if my son wasn't supplying her with a smart phone we wouldn't be using Alexa yet.""",1,set user friendly setup not_as user friendly would hoped alexa app able download pc without installing invasive driver wife retired would not_have able install alexa son not_supplying smart phone would not_be using alexa yet
5,30-Jul-18,Charcoal Fabric ,We were pleasantly surprised at the sound quality and the many features. How nice to easily hear a particular artist or hear our books just by a simple command. Looking forward to exploring other options with this device.,1,pleasantly surprised sound quality many feature nice easily hear particular artist hear book simple command looking forward exploring option device
5,29-Jul-18,Charcoal Fabric ,Absolutely love!!,1,absolutely love
5,30-Jul-18,Black  Spot,Love that is can do so much! It sits on my nightstand! Only improvements I would make is having battery back up capability and the screen could be a tad bigger. But overall I’m happy I have it! Would recommend!,1,love much sits nightstand improvement would make battery back capability screen could tad bigger overall happy would recommend
1,16-Jul-18,White, ,0,no_review
1,29-Jul-18,Black  Show,Returned from repair with No repair done. It has a problem which requires it to be on for a while for the defective part to show itself.I sent it for repair and got it back without being fixed.  The site gives no option to complain from the page.I have a echo spot which works perfectly in the same position.,0,returned repair no_repair done problem requires defective part show itselfi sent repair got back without fixed site give no_option complain pagei echo spot work perfectly position
4,30-Jul-18,Sandstone Fabric ,Setting up,1,setting
5,30-Jul-18,White  Dot,Still learning everything she can do.  Good for a room.  Volume is pretty good without an additional speaker,1,still learning everything good room volume pretty good without additional speaker
4,30-Jul-18,White  Show,"""I basically use it to play music  and tell me the news..its sometimes hard to communicate with it, if i dont say the command correctly, but i realize its learning my style of speaking and will do some commands even though i dont say them exactly as i should.""",1,basically use play music tell newsits sometimes hard communicate not_say command correctly realize learning style speaking command even though not_say exactly
5,29-Jul-18,Heather Gray Fabric ,Sure did !! Love it !!,1,sure love
5,23-Jul-18,Black,"""Great for my office. I use this daily in many ways, to include spelling for me and background music.""",1,great office use daily many way include spelling background music
5,29-Jul-18,White,This is our 2nd one and we love it!,1,nd one love
5,1-Jul-18,Black,Never would know it was refurbished.,1,never_would know refurbished
4,28-Jun-18,Black  Plus,It is very convenient but wish i could request more music.,1,convenient wish could request music
5,27-Jul-18,Black,I sure love Alexa!  LOL!  Thank you!  Great price and product!,1,sure love alexa lol thank great price product
1,22-Jul-18,Black  Plus,Product does not.  Light bar never went orange.  I googled it and reset instructions actually differ from package instructions. I tried both.  Product is defective,0,product not_light bar never_went orange googled reset instruction actually differ package instruction tried product defective
5,11-Jun-18,Black,Worked like new.  Will do it again.,1,worked like new
5,11-Jul-18,White  Plus,"""Get this in white. I bought it for my girlfriend in white and I wish I had it in white now. Alexa is one of those devices you will always use and miss when it's not around. I find new uses for Alexa every day. I've Incorporated this device into so many parts of my daily life. As Alexa learns more I learn more. She's my alarm clock, she reminds me of important dates. I'm constantly asking her for information like travel, entertainment, science, history, politics Etc. She turns on and off lights, she's the core of my smart home.""",1,get white bought girlfriend white wish white alexa one device always use miss not_around find new us alexa every day incorporated device many part daily life alexa learns learn alarm clock reminds important date constantly asking information like travel entertainment science history politics etc turn light core smart home
5,30-Jul-18,Black  Dot,PHENOMENAL,1,phenomenal
5,29-Jul-18,White  Plus,"""Amazon Music is great. Love the ability to create my only playlists. Has great sound, not up to the standard of our Bose but very good.""",1,amazon music great love ability create playlist great sound not_up standard bose good
5,30-Jul-18,Black  Dot,Just got my third one. Love them,1,got third one love
5,29-Jul-18,Charcoal Fabric ,"""Just getting use to using the Echo. Used it for shopping lists, listening to music and as a timer. Working great so far.""",1,getting use using echo used shopping list listening music timer working great far
4,30-Jul-18,Black  Dot,Enjoying it and still learning all the commands.  Ran into one frustrating issue.  It was not user friendly when trying to set up voice recognition for a household.,1,enjoying still learning command ran one frustrating issue not_user friendly trying set voice recognition household
1,19-Jul-18,White  Plus, ,0,no_review
5,30-Jul-18,Charcoal Fabric ,You’re all I need...na na nana!,1,needna na nana
5,30-Jul-18,Black  Spot,Amazing so far. Just got it the other day.,1,amazing far got day
5,24-Jul-18,White  Spot,"""We love using it for bedtime reading on Audible. It's very kid-friendly, and I can see liking it in the kitchen while I'm cooking since it's small and unobtrusive. We like it better than our Echo Dot.""",1,love using bedtime reading audible kidfriendly see liking kitchen cooking since small unobtrusive like better echo dot
5,30-Jul-18,Black  Plus,It's fun to use... I love novelty gadgets... And Alexa really works well for me...,1,fun use love novelty gadget alexa really work well
4,29-Jul-18,Charcoal Fabric ,"""Got this as a gift and love it. I never would have bought one for myself, but now that I have it.... Allows me to play music on it from my amozon prime music ; that's worth it in and of itself.  Also, gives new's briefs and tells jokes.""",1,got gift love never_would bought one allows play music amozon prime music worth also give news brief tell joke
4,30-Jul-18,Heather Gray Fabric ,"""Did t really know what I could use this device for. Used it for a few things, but need an overview""",1,really know could use device used thing need overview
5,30-Jul-18,Black  Show,Fun,1,fun
5,20-Jun-18,White,Just like new,1,like new
5,20-Jul-18,White  Spot,"""Love it, Love it, Love it!!! Bought it on Prime Day, then had buyers remorse, but once I got it, it was Love at first sight.""",1,love love love bought prime day buyer remorse got love first sight
5,5-Jul-18,Black  Plus,LOVE!,1,love
5,29-Jul-18,Sandstone Fabric ,easy to use--amazing,1,easy useamazing
5,30-Jul-18,Black  Dot,"""Still getting used to Alexa, but I think she's a keeper!""",1,still getting used alexa think keeper
5,29-Jul-18,Heather Gray Fabric ,"""This is my second Echo, I have the Dot but the speaker is weak so I purchased this and for listening to music the speaker is great.""",1,second echo dot speaker weak purchased listening music speaker great
5,29-Jul-18,Charcoal Fabric ,Best thing I've invested in in a while thank you so much 😁😁😁😁,1,best thing invested thank much
5,2-Jul-18,Black  Plus,Love this device,1,love device
5,30-Jul-18,White  Dot,Fun and  information.  No dislikes  so far !! Like the convenience!!,1,fun information no_dislikes far like convenience
5,4-Jun-18,White,Love it! Bought for my granddaughter who is 3 for her to play music and ask questions. She is entertained for hours! Good buy in my honest opinion!,1,love bought granddaughter play music ask question entertained hour good buy honest opinion
4,31-Jul-18,Black  Plus,We use Alexa primarily for listening to music and checking the weather. We are still learning other ways to use her. Everything has been ready and hands free so far. The speaker has great volume and sound!,1,use alexa primarily listening music checking weather still learning way use everything ready hand free far speaker great volume sound
5,30-Jul-18,Black  Dot,Dislike the volume. It does not sound loud enough.,1,dislike volume not_sound loud enough
5,30-Jul-18,Sandstone Fabric ,Great,1,great
5,30-Jul-18,Sandstone Fabric ,awesome.understands my kids,1,awesomeunderstands kid
4,29-Jul-18,Black  Show,Having the large screen really majes this an enjoyable experience. Only thing it’s missing is youtube.,1,large screen really majes enjoyable experience thing missing youtube
4,28-Jul-18,Black  Plus,I never had ALEXA before but the biggest reason I bought it was for YOUTUBE and apparently YOUTUBE stopped supporting it and that is why it will get 4 stars.... it's mostly YOUTUBE's FAULT but I worked around it by using my cell phone as a blue tooth connected to hear things but still takes the voice activate purpose away but the speaker is amazing to hear my youtube watch later playlist,1,never_had alexa biggest reason bought youtube apparently youtube stopped supporting get star mostly youtubes fault worked around using cell phone blue tooth connected hear thing still take voice activate purpose away speaker amazing hear youtube watch later playlist
5,30-Jul-18,Sandstone Fabric ,Still learning all the capabilities...but so far pretty pretty pretty good,1,still learning capabilitiesbut far pretty pretty pretty good
5,28-Jul-18,Black  Plus,"""I’ve been waiting for Prime Day to purchase an Echo Plus and now, I’m enjoying learning what Alexa can do. With a new Sonos One and an Echo Dot, I have the makings of a really nice and well-integrated smart home. Love it!""",1,waiting prime day purchase echo plus enjoying learning alexa new sonos one echo dot making really nice wellintegrated smart home love
5,9-Jul-18,White  Plus,So  convenient ! I will never touch the remote again to shut off my tv!!,1,convenient never_touch remote shut tv
5,31-Jul-18,White  Show,"""Excellent to listen to my music, my audio books, and look all my cameras in and around my house.""",1,excellent listen music audio book look camera around house
5,29-Jul-18,Black  Show,I like the design and the visuals!,1,like design visuals
4,30-Jul-18,Black  Dot, ,1,no_review
3,29-Jul-18,Black  Spot,It won’t receive calls and it’s really hard to call someone who has another echo.,2,not_receive call really hard call someone another echo
5,17-May-18,Black,Great price to extend the range and super value to dot offers. Hooked up wireless speaker to use working outside.This dot made outdoor sound range possible without disturbing indoor light control possible,1,great price extend range super value dot offer hooked wireless speaker use working outsidethis dot made outdoor sound range possible without disturbing indoor light control possible
4,30-Jul-18,Black  Dot,Needs to be smarter,1,need smarter
5,30-Jul-18,Charcoal Fabric ,The entire family loves Alexa Echo. She’s now a part of this family.,1,entire family love alexa echo part family
5,20-Jul-18,White, ,1,no_review
5,30-Jul-18,White  Dot,Easy to set up Ready to use in minutes.,1,easy set ready use minute
5,28-Jul-18,Black  Plus,"""The sound is wonderful and it just plain works. I wish it cost less, but it is worth the cost. (especially on Prime Day)""",1,sound wonderful plain work wish cost less worth cost especially prime day
5,30-Jul-18,Black  Dot,Echo Dot and related devices are the best thing to come in a long time.,1,echo dot related device best thing come long time
2,31-Jul-18,Configuration: Fire TV Stick,Fast to load. But keeps rebooting  in middle of shows,0,fast load keep rebooting middle show
5,30-Jul-18,Black  Show,"""I love this device. I upgraded from the Echo Spot. I just wish I could customize the clock on my screen to analog, to mimic what I was used to in the echo spot. Also, there is better sound quality on this device.""",1,love device upgraded echo spot wish could customize clock screen analog mimic used echo spot also better sound quality device
5,30-Jul-18,Charcoal Fabric ,Already had an Echo Dot. The Echo is even better with fuller sound. Also during setup it now lets phone calls to be made to my contact list which is great!,1,already echo dot echo even better fuller sound also setup let u phone call made contact list great
5,30-Jul-18,Configuration: Fire TV Stick,Great entertainment,1,great entertainment
5,30-Jul-18,Configuration: Fire TV Stick,"""as of now,i love everything about it""",1,nowi love everything
4,30-Jul-18,Charcoal Fabric ,Initially harder to set up called tech wasn’t that knowledgeable now working great.,1,initially harder set called tech not_that knowledgeable working great
5,30-Jul-18,Configuration: Fire TV Stick,I really like this product and the fact that I can get apps that I am unable to get on my smart tv,1,really like product fact get apps unable get smart tv
5,30-Jul-18,White  Plus,Great speaker i n this! I love this so much more than my alexa tap! It’s definitely fast in response and just so much prettier,1,great speaker n love much alexa tap definitely fast response much prettier
4,28-Jul-18,Black  Show,Ight,1,ight
5,3-Jul-18,Black  Plus,WORKS GREAT,1,work great
5,24-Jul-18,White  Spot,"""This product is beautifully designed and I no longer have to hide an Echo device away like I did with Dot. It would be nice if Amazon would lose that camera though, which I have not used and might cause squirms for the privacy conscious.""",1,product beautifully designed no_longer hide echo device away like dot would nice amazon would lose camera though not_used might cause squirm privacy conscious
5,30-Jul-18,Black  Dot,The ease in installing,1,ease installing
5,30-Jul-18,Black  Dot,Small size works great in our sunroom.,1,small size work great sunroom
5,30-Jul-18,Charcoal Fabric ,"""I love it, I can plan any gender of music from big band to jazz, not easy to find on local radio. Sound is good and I can stop it with a voice command if I get a phone call.""",1,love plan gender music big band jazz not_easy find local radio sound good stop voice command get phone call
1,20-Jun-18,White,Not good at all!,0,not_good
5,30-Jul-18,White  Dot,I like it alot. I connected it so I can play my Pandora and I asked about the weather & time every morning. I got rid of my old fashioned digitol clock because I can have my music play Unlimited on this. I'm going to ask it about vacations and a few other things once I get more comfortable with it. Definitely worth the money.,1,like alot connected play pandora asked weather time every morning got rid old fashioned digitol clock music play unlimited going ask vacation thing get comfortable definitely worth money
5,29-Jul-18,Charcoal Fabric ,Technology in such a small device. The price was good too! The sound is amazing! A must have feature for any home!,1,technology small device price good sound amazing must feature home
5,30-Jul-18,Configuration: Fire TV Stick,Prime video,1,prime video
3,30-Jul-18,Black  Dot,"""I jumped on the bandwagon by purchasing an Echo.  I feel like there was a struggle getting connected and then three days later, the device is sharing news and weather.  Now we use it some, but have not tapped in to all options.  Still testing it out.""",2,jumped bandwagon purchasing echo feel like struggle getting connected three day later device sharing news weather use not_tapped option still testing
5,30-Jul-18,Black  Dot,"""Un excelente equipo inteligente al estar conectado al internet nos provee de múltiples funciones tales como, el tiempo,hora,información de cualquier estudio que estés realizando atrás vez del internet.""",1,un excelente equipo inteligente al estar conectado al internet no provee de mltiples funciones tale como el tiempohorainformacin de cualquier estudio que est realizando atrs vez del internet
5,30-Jul-18,Black  Dot,"""Love it!! It is so handy and easy to use. Got it for my classroom, but I many need to just get another one.""",1,love handy easy use got classroom many need get another one
5,28-Jul-18,Black  Plus,"""This was a replacement. It was really easy to set up. I had to reauthorize my smart items to work with the new hub, but installation was easy and instructions were clear.""",1,replacement really easy set reauthorize smart item work new hub installation easy instruction clear
5,29-Jul-18,Sandstone Fabric ,Very responsive. Great sound quality for its size.,1,responsive great sound quality size
5,31-Jul-18,Charcoal Fabric ,I think this is the 5th one I've purchased. I'm working on getting one in every room of my house. I really like what features they offer specifily playing music on all Echos and controlling the lights throughout my house.,1,think th one purchased working getting one every room house really like feature offer specifily playing music echo controlling light throughout house
5,30-Jul-18,Black  Dot,This  is my second Echo to purchase -- the price was so cheap -- I'm seriously thinking of buying 2 more -- I use &#34;Alexa&#34; for everything -- it's the next best thing to the internet  :-*,1,second echo purchase price cheap seriously thinking buying use alexa everything next best thing internet
5,29-Jul-18,Black  Dot,Nice little unit  no issues,1,nice little unit no_issues
5,2-Jun-18,Black,Took a little work to set up but I finally got it.  Sound quality not the best but for what I got it for it works great.  I check weather and ask a few cooking questions in the kitchen with it.  I do play the radio on it when I want some music but will probably upgrade to the Echo plus for better sound.,1,took little work set finally got sound quality not_the best got work great check weather ask cooking question kitchen play radio want music probably upgrade echo plus better sound
5,29-Jul-18,Black  Show,"""I've had an Alexa Dot for some time but I'm really enjoying the Alexa Show. It's great to have a visual whether it's a song or the weather. Played Jeapordy, but I'm not good at it. You do learn trivia and no one's watching! Love that recipes are visible and movies are available. Haven't had it long enough to try everything.""",1,alexa dot time really enjoying alexa show great visual whether song weather played jeapordy not_good learn trivia no_ones watching love recipe visible movie available not_had long enough try everything
4,30-Jul-18,Configuration: Fire TV Stick,"""This was a Prime Day purchase. I'm still learning my way around it. So far, so good. The addition of Alexa is nice.""",1,prime day purchase still learning way around far good addition alexa nice
5,29-Jul-18,Charcoal Fabric ,"""Bought this a few weeks ago -  everything about this product is excellent !!!!! Don't forget to buy a charger when ordering, it's a must have to take outside by the pool and not have to worry about hiring an electrician to put in outlets all over the yard.""",1,bought week ago everything product excellent not_forget buy charger ordering must take outside pool not_have worry hiring electrician put outlet yard
5,19-Jul-18,Black  Spot,"""Have not used it yet. But I'm sure it's as great as the others.. I can not get over how amazing the echo , echo dots are. This has to be some of the greatest technology that has ever came out.""",1,not_used yet sure great others not_get amazing echo echo dot greatest technology ever came
4,30-Jul-18,White  Dot,I like having more Alexa devices in my house and the sales price on amazon prime day was too tempting.,1,like alexa device house sale price amazon prime day tempting
5,30-Jul-18,Black  Dot,Love my echo. Love playing music in my room,1,love echo love playing music room
3,30-Jul-18,Black  Dot, ,2,no_review
5,29-Jul-18,Black  Spot,"""I got my Echo Spot on Prime Day and love it. I think it still is a little expensive, but the chance to save $30 convinced me to buy it. I basically use it as a radio alarm clock because on my old radio the stations would sometimes not come in clearly. I also like the sleep sounds skill, and hearing the weather. I'm still exploring the other skills...just discovered some Star Trek sounds (Alexa, beam me up) which are fun!""",1,got echo spot prime day love think still little expensive chance save convinced buy basically use radio alarm clock old radio station would sometimes not_come clearly also like sleep sound skill hearing weather still exploring skillsjust discovered star trek sound alexa beam fun
5,30-Jul-18,Black  Show,"""My wife has been using Skype for years to talk to her parents daily, with constant technical issues.  Since her father is 88, it's a lot to ask the man to uninstall/reinstall/reconfigure Skype, but he does.  When I saw these on sale, I jumped on them.  My wife was resistant to &#34;learn a new technology&#34;, but I told her these just work - like the video phones I saw at the New York World's Fair in 1964 - 54 years ago!Yesterday it set up quickly and worked fine, with no issues.  My wife told her co-worker today and she went out and bought 3 - one for herself and her husband, and one for each set of parents.  It just works, like a telephone - imagine that.""",1,wife using skype year talk parent daily constant technical issue since father lot ask man uninstallreinstallreconfigure skype saw sale jumped wife resistant learn new technology told work like video phone saw new york world fair year agoyesterday set quickly worked fine no_issues wife told coworker today went bought one husband one set parent work like telephone imagine
5,30-Jul-18,White  Dot,I love all of the things that it can do. I can play with it and learn from it.,1,love thing play learn
5,11-Jun-18,Black,Good as new!! Just like brand new! Save yourself some money. Get one!,1,good new like brand new save money get one
5,30-Jul-18,Black  Dot,I'm addicted to this thing.,1,addicted thing
1,30-Jul-18,Black  Dot,I didn't like that almost everytime i asked Alexa a question she would say i dont know that or i havent learned that.,0,not_like almost everytime asked alexa question would say not_know not_learned
5,30-Jul-18,Black  Dot,Love my new Alexa. She works great so far.,1,love new alexa work great far
5,30-Jul-18,Black  Dot,"""Easy setup, easy use, work with other smart products, always learning what it can do""",1,easy setup easy use work smart product always learning
5,30-Jul-18,Black  Dot,Have had for just one week so far and I can say it is a blast to have.,1,one week far say blast
4,2-Jul-18,Black,Does everything I have asked it.,1,everything asked
1,26-Jul-18,White  Spot,"""This product is a complete waste of money. When you ask Alexa a question """"she"""" either doesn't know the answer, gives you the wrong answer or finds information off of Wikipedia!""",0,product complete waste money ask alexa question either not_know answer give wrong answer find information wikipedia
3,29-Jul-18,Black  Show,"""I like the weather options but Alexa search compacity needs improvement. She aint no Google. Alexa gets our requests probably around 20% of the time. Currently Alexa doesn't do YouTube either. This is a huge drawback and why The echo show dropped in price.  International radio via tune in is awesome but again her search engine, its like pulling teeth to get to anything.""",2,like weather option alexa search compacity need improvement not_no google alexa get request probably around time currently alexa not_do youtube either huge drawback echo show dropped price international radio via tune awesome search engine like pulling teeth get anything
5,19-May-18,Black,It has all I need for my life plans time date music,1,need life plan time date music
5,30-Jul-18,Configuration: Fire TV Stick,Works great. Easy set up.,1,work great easy set
5,29-Jul-18,Sandstone Fabric ,"""This is our third echo. Worth every penny. It's like having 3 household employees for a small flat rate. We keep them in the bedrooms and the living room. We can drop-in and use them as an intercom, listen to music, answer quick questions, alarms to wake up for school, etc.""",1,third echo worth every penny like household employee small flat rate keep bedroom living room dropin use intercom listen music answer quick question alarm wake school etc
5,30-Jul-18,Configuration: Fire TV Stick,Setup was easy and usage was intuitive.  I've used it away from home and it works great.,1,setup easy usage intuitive used away home work great
5,29-Jul-18,Charcoal Fabric ,"""I already have an Alexa and with Amazon find today I could not resist getting an echo also. It is the best thing I ever did, I use them on each side of the house! And couldn't be happier!""",1,already alexa amazon find today could not_resist getting echo also best thing ever use side house could not_be happier
5,30-Jul-18,Charcoal Fabric ,I love it! Learning knew things with it eveyday! Still figuring out how everything works but so far it's been easy to use and understand. She does make me laugh at times,1,love learning knew thing eveyday still figuring everything work far easy use understand make laugh time
5,30-Jul-18,Configuration: Fire TV Stick,Everything,1,everything
5,30-Jul-18,Black  Dot,Alexa is phenomenal!,1,alexa phenomenal
5,30-Jul-18,White  Spot,I love the way it is designed. And you have choices for the face.  I use it for my bed side.  I drop in; on my echo in another part of the house frequently without yelling.,1,love way designed choice face use bed side drop echo another part house frequently without yelling
5,30-Jul-18,Heather Gray Fabric ,"""I love it, wife hates it.""",1,love wife hate
5,30-Jul-18,Black  Dot,I connected it to my whole home sound system to play prime music which my Google Home mini can't do.  It works well.,1,connected whole home sound system play prime music google home mini not_do work well
5,30-Jul-18,White  Dot,Really like the availability to get instant music throughout the house.,1,really like availability get instant music throughout house
5,31-Jul-18,Black  Dot,Echos are great I have a few of them through out our home .  All in voice range to ask a question. Say a command to turn lights on or off. Or my favorite is play music all though the house.,1,echo great home voice range ask question say command turn light favorite play music though house
5,16-Jul-18,Black  Plus,The setup of this device was simple and effective.  I am very pleased to see all of the additional skills and add on abilities of Alexa.  This is great for my mobility issues.  I now have the ability to have my shopping and comfort needs met without depending on friends and family.,1,setup device simple effective pleased see additional skill add ability alexa great mobility issue ability shopping comfort need met without depending friend family
5,30-Jul-18,Black  Dot,Love my new Alexa. She works great so far.,1,love new alexa work great far
5,30-Jul-18,Black  Dot,My 3rd echo device. Very easy to set up. Works perfectly.,1,rd echo device easy set work perfectly
5,30-Jul-18,Configuration: Fire TV Stick,I love how fast you get a respond from Alexa.Also easy to find any thing you are looking forjust speak in to the remote.,1,love fast get respond alexaalso easy find thing looking forjust speak remote
5,30-Jul-18,Black  Dot,Have had for just one week so far and I can say it is a blast to have.,1,one week far say blast
5,30-Jun-18,Black  Plus,We love this.,1,love
5,30-Jul-18,White  Dot,"""I'm finding more and more uses for this all the time. It keeps me informed with news and weather, I can get a daily Bible verse, and have it play music. New skills are added all the time. The future is here!""",1,finding us time keep informed news weather get daily bible verse play music new skill added time future
4,29-Jul-18,Black  Spot,"""I love this device! It's so great. What a great alarm clock and what a surprisingly good speaker! Only reason I didn't give 5 stars was because it needs to have a few more features like playing YouTube videos, and Google play music. The camera is not very good in low light if you decide to drop in and it's dark in the room.Other than those minor things, I love it. Great buy and would buy again""",1,love device great great alarm clock surprisingly good speaker reason not_give star need feature like playing youtube video google play music camera not_very good low light decide drop dark roomother minor thing love great buy would buy
5,30-Jul-18,White  Dot,so far i am liking it although i am probably not using it to the full capasity,1,far liking although probably not_using full capasity
5,30-Jul-18,White  Spot,I love it!  I especially love that it is so small and does so much.  Got rid of my old CD/Alarm clock radio.  Much more room on nightstand.,1,love especially love small much got rid old cdalarm clock radio much room nightstand
5,29-Jul-18,Black  Show,Got this on Amazon prime with the ring pro. Work really great. Being the lazy guy I am I don't need to go see who at my door anymore while I'm gaming.,1,got amazon prime ring pro work really great lazy guy not_need go see door anymore gaming
4,30-Jul-18,White  Dot,Review,1,review
5,30-Jul-18,Black  Show,"""I’m really enjoying this product. Love the flash briefing, the timers, the weather reports and more.""",1,really enjoying product love flash briefing timer weather report
5,30-Jul-18,Configuration: Fire TV Stick,Exceeded my expectations,1,exceeded expectation
4,31-Jul-18,Black  Dot,I like how it will connect to bluetooth without an adapter like the Google. Only reason for 4 stars is volume level without external speaker. Easy to use.,1,like connect bluetooth without adapter like google reason star volume level without external speaker easy use
5,16-Jun-18,Black,This is just like new -- same performance as our brand new one; no problems.,1,like new performance brand new one no_problems
4,30-Jul-18,White  Dot,"""We are still testing this one out and so far, we like it. I was very hesitant about putting a voice activated device in our home and this would be our first. Unfortunately, it sometimes gets our WiFi light bulbs mixed up and won't turn them on but we've been able to manage and fix it. I mean, it's convenient, especially for those unable to reach to turn off lights or electronics that you could hook up to the Dot. I do like that it plays music and has reminders, alarms, etc - I'm just still getting used to the fact that The Man is always listening now.""",1,still testing one far like hesitant putting voice activated device home would first unfortunately sometimes get wifi light bulb mixed not_turn able manage fix mean convenient especially unable reach turn light electronics could hook dot like play music reminder alarm etc still getting used fact man always listening
5,29-Jul-18,Black  Spot,"""Great love the display and easy to use, though still learning what all it can do everyday.""",1,great love display easy use though still learning everyday
5,29-Jul-18,Black  Show,Love it. Thanks Amazon. You guys rock!!,1,love thanks amazon guy rock
4,30-Jul-18,Black  Dot,"""Overall love it. There are just some commands which aren't effective. It may be part user error or """"Alexa"""" becoming accustom to what is being asked.""",1,overall love command not_effective may part user error alexa becoming accustom asked
5,28-Jul-18,White  Spot,Great!,1,great
3,30-Jul-18,Black  Dot,"""It won’t work as a blue tooth speaker with my tv,it connects but won’t work""",2,not_work blue tooth speaker tvit connects not_work
5,30-Jul-18,Charcoal Fabric ,It’s awesome,1,awesome
5,24-Jul-18,White  Spot,"""I am not easily impressed with electronic goodies. But...OMG this is by far the coolest thing I have ever had.  It does everything short of clean your house... which, when I asked Alexa to clean my house.... was told she didn’t have hands, but instead played a fantastic playlist for cleaning!  From reading books to my five year old, to video chat, to silly selfies, music that automatically goes to my Bose Bluetooth speaker, setting timers, alarms, changing my thermostat on voice command, tells me the weather, sends hubby a grocery pick up list, and I am sure. Million more things!BUY IT.....you u will not regret it.""",1,not_easily impressed electronic goody butomg far coolest thing ever everything short clean house asked alexa clean house told not_have hand instead played fantastic playlist cleaning reading book five year old video chat silly selfies music automatically go bose bluetooth speaker setting timer alarm changing thermostat voice command tell weather sends hubby grocery pick list sure million thingsbuy ityou not_regret
1,25-Jul-18,Black  Plus,It was supposed to come with a free Hue lightbulb on Amazon Prime Day.  No light bulb arrived.  False advertising!,0,supposed come free hue lightbulb amazon prime day no_light bulb arrived false advertising
5,21-Jul-18,Black  Spot,"""Love, love so far. I just received it Thursday. I unwrapped it, set it up, & immediately programmed it. No problem with the reoccurring things to try. I set it to rotate once and shows time like I want. I love the low ambient look at night.""",1,love love far received thursday unwrapped set immediately programmed no_problem reoccurring thing try set rotate show time like want love low ambient look night
3,30-Jul-18,Black  Show,"""Prime day pricing was good, but the show is very limited.  No video services available except Amazon Video.  No Netflix or YouTube.  Alexa is very limited also, not nearly as useful as Google.""",2,prime day pricing good show limited no_video service available except amazon video no_netflix youtube alexa limited also not_nearly useful google
4,30-Jul-18,White  Dot,My three year old loves it.  Good for doing basic household tasks.  We're going to add a few smart outlets and bulbs.,1,three year old love good basic household task going add smart outlet bulb
5,30-Jul-18,Black  Dot,this is so much fun to play with - I just ask to set an alarm to wake in the morning and when it goes off I tell Alexa to turn it of - Alexa learns from the questions I ask. SHe will play music that you ask her to play if its the amazon music domain. If I wake up in the middle of the night I do not have to turn on a light I just ask alexa what time is it. When I want the current weather she tells me. Ask her what going on in the city she knows. Call a friend she will dial ( I haven't used that one yet but she said she could if its in y contacts.,1,much fun play ask set alarm wake morning go tell alexa turn alexa learns question ask play music ask play amazon music domain wake middle night not_have turn light ask alexa time want current weather tell ask going city know call friend dial not_used one yet said could contact
5,30-Jul-18,Black  Show,Easy set up,1,easy set
4,30-Jul-18,Black  Dot,Good device,1,good device
4,30-Jul-18,Black  Dot,works great but speaker is not the good for music. Will need to get a Bluetooth speaker.,1,work great speaker not_the good music need get bluetooth speaker
5,31-Jul-18,Black  Dot, ,1,no_review
2,30-Jul-18,Black  Dot,Nope. Still a lot to be improved. For most of the things we ask.. It says.. Hmmmm.. I dont know that.,0,nope still lot improved thing ask say hmmmm not_know
4,30-Jul-18,Black  Spot,"""Overall it's great and I like that I can see lyrics and the time and  date. However, sometimes it freezes and doesn't respond properly--no error message about lack of connectivity--it just stops. Resetting resolves the problem.""",1,overall great like see lyric time date however sometimes freeze not_respond properlyno error message lack connectivityit stop resetting resolve problem
5,30-Jul-18,Black  Plus,Great sound and easy to set up. Purchased the Echo Plus because it had a built in Hub and would make it easier to connect to devices. I am hooked on Alexa!,1,great sound easy set purchased echo plus built hub would make easier connect device hooked alexa
5,30-Jul-18,Black  Dot,Easy to set up and start using.. works as advertised.,1,easy set start using work advertised
5,30-Jul-18,Configuration: Fire TV Stick,Ease of use.,1,ease use
5,30-Jul-18,Configuration: Fire TV Stick,I bought and love them. Alexa is very convenient.,1,bought love alexa convenient
3,12-Jun-18,Black,I like my uncle. But sometime it goes a little Haywire,2,like uncle sometime go little haywire
4,28-Jul-18,Black  Show,I wish it did more with internet searches.  I do like the feature it has,1,wish internet search like feature
4,30-Jul-18,Black  Dot,Wish volume was capable of going louder,1,wish volume capable going louder
5,18-Jul-18,White  Spot,"""I love this thing. At first I thought it wouldn’t stay on the clock and that I would have to suffer through ads forever but when the lights are off it sits on the clock and it’s very comfortable for the eyes, easy set up. Love it""",1,love thing first thought would not_stay clock would suffer ad forever light sits clock comfortable eye easy set love
5,30-Jul-18,Black  Dot,"""Love my dots.  Easy to use.  I have two plus the Echo Spot.  One of my favorite features is the ability to listen to music ... AMAZON, IHeart Radio, Pandora.""",1,love dot easy use two plus echo spot one favorite feature ability listen music amazon iheart radio pandora
5,30-Jul-18,Black  Dot,It works just like my other Dots.,1,work like dot
4,30-Jul-18,Configuration: Fire TV Stick,Love it. The only downside is that you can't download any app you want.,1,love downside not_download app want
5,26-Jul-18,Black  Plus,Easy setup and sound quality.,1,easy setup sound quality
5,30-Jul-18,Configuration: Fire TV Stick,I love the firestick ! It's easy to set up and use. It rarely stops to buffer and. It  would be a bargain at twice the price.,1,love firestick easy set use rarely stop buffer would bargain twice price
5,30-Jul-18,Black  Dot,It does everything  the big guy does,1,everything big guy
3,25-Jul-18,Black  Plus,"""Device is touted as able to link to calendar on my Samsung phone through google, can't get it to work""",2,device touted able link calendar samsung phone google not_get work
3,30-Jul-18,White  Dot,Works well. Just disappointed with the speaker quality. But hooked it up to old computer speakers.,2,work well disappointed speaker quality hooked old computer speaker
5,30-Jul-18,White  Dot,Nice product,1,nice product
2,30-Jul-18,Charcoal Fabric ,Sound is terrible if u want good music too get a bose,0,sound terrible want good music get bose
5,28-Jul-18,Black  Plus,It has a nice speaker.,1,nice speaker
5,30-Jul-18,Charcoal Fabric ,Works and sounds great.,1,work sound great
5,30-Jul-18,White  Dot,I loved it does exactly what it says,1,loved exactly say
5,30-Jul-18,Black  Dot,Use the product for music and it’s great!,1,use product music great
5,10-Jun-18,Black,Worked just as good as the two new Echo Dots i preciously purchases.,1,worked good two new echo dot preciously purchase
5,23-Jul-18,Black  Spot,It has replaced my clock and Google Mini on my nightstand.  Outstanding little device.  I hope an update will give a simple face and font color options for the clock.,1,replaced clock google mini nightstand outstanding little device hope update give simple face font color option clock
5,30-Jul-18,Configuration: Fire TV Stick,I like being able to watch pretty much anything I want at anytime. Works great!,1,like able watch pretty much anything want anytime work great
1,27-Jul-18,White  Plus,Terrible. Stopped working after one day.,0,terrible stopped working one day
5,29-Jul-18,Heather Gray Fabric ,Very cool and lots of fun! Used for a week and still learning its capabilities.,1,cool lot fun used week still learning capability
4,30-Jul-18,Configuration: Fire TV Stick,I love my fire stick,1,love fire stick
4,29-Jul-18,Charcoal Fabric ,"""The Echo is an amazing device.  Many times it seems very intuitive.  But at other times I ask for something that seems clear and simple and get no result.  Installation was fairly straightforward, but I messed up several times simply because I thought a step was complete when it wasn't.  This actually made me lose ground until I figured that out.  My advice is to be patient; the app will let you know when you can move on to the next step.My biggest issue of the moment is that we have several Echo devices in our home and I would like to use them as intercoms (which I am told can be done).  However, I can't make any of the Echos aware of the others existence.  When I ask Alexa how to do this she answers about instructions how to change her name.  I know this is likely my fault, but I would think the designers would anticipate this and make it easier to find the needed instructions.  A small deal for many device savvy people, but a challenge for me.""",1,echo amazing device many time seems intuitive time ask something seems clear simple get no_result installation fairly straightforward messed several time simply thought step complete not_this actually made lose ground figured advice patient app let know move next stepmy biggest issue moment several echo device home would like use intercom told done however not_make echo aware others existence ask alexa answer instruction change name know likely fault would think designer would anticipate make easier find needed instruction small deal many device savvy people challenge
4,29-Jul-18,Sandstone Fabric ,The sound quality is good just wish alexa could answer more questions,1,sound quality good wish alexa could answer question
5,30-Jul-18,Sandstone Fabric ,I'm really impressed with the sound quality when playing music from this device.  The bass sounds almost like it's coming from a bigger speaker so props to Amazon.,1,really impressed sound quality playing music device bass sound almost like coming bigger speaker prop amazon
5,30-Jul-18,Configuration: Fire TV Stick,Finally bought one but it couldn't find my Wi-Fi. Had to buy a Wi-Fi extended. My smart t.v. used the Wi-Fi just fine.,1,finally bought one could not_find wifi buy wifi extended smart tv used wifi fine
5,30-Jul-18,Heather Gray Fabric ,The sound is amazing and many collections of all music,1,sound amazing many collection music
5,30-Jul-18,White  Dot,Love having one in our bedroom and in the kitchen. Great to drop in on family around the house.,1,love one bedroom kitchen great drop family around house
5,29-Jul-18,Heather Gray Fabric ,This is a great product!  Set up was easy.  Sound is wonderful.,1,great product set easy sound wonderful
5,26-Jul-18,Black  Plus,Love all the cool thing I can do!,1,love cool thing
5,30-Jul-18,Black  Dot,"""We love this thing! I wish I would have gotten it sooner. You will certainly want to go through the settings and lock it down if you have kids, but it is a great additional for even unexpected things like helping the kids with homework. There are loads of skills. I am very happy with this purchase, especially since I got it on prime day for almost half price.""",1,love thing wish would gotten sooner certainly want go setting lock kid great additional even unexpected thing like helping kid homework load skill happy purchase especially since got prime day almost half price
5,28-Jul-18,Black  Spot,"""I don't know why I like it, but I do. It's like an all-in-one alarm clock.  If you have other alexa devices, you know what it is.  If you are looking to get an alarm clock, this is the one to get (yes, its much more than that).  It shows you the time, it shows you the weather, its touch screen, it shows you music lyrics, and it does all the things your typical alexa device does.  It's quite loud for its size as well (sound way better than echo dot).  It also does video calling, which is pretty awesome.  The viewing angle is great, so even if its sitting fairly high up, you can still see the display well enough.""",1,not_know like like allinone alarm clock alexa device know looking get alarm clock one get yes much show time show weather touch screen show music lyric thing typical alexa device quite loud size well sound way better echo dot also video calling pretty awesome viewing angle great even sitting fairly high still see display well enough
5,28-Jul-18,Black  Show,I loved everything about this item. Quick response time and very sensitive to me speaking from the other end of the house.,1,loved everything item quick response time sensitive speaking end house
5,30-Jul-18,Configuration: Fire TV Stick,Great buy. Recommend getting Kodi with some movie addons,1,great buy recommend getting kodi movie addons
5,29-Jul-18,Charcoal Fabric ,Very amazing product. Great sound quality.,1,amazing product great sound quality
5,29-Jun-18,Black  Plus,great,1,great
5,30-Jul-18,Charcoal Fabric ,The Echo is wonderful but I'm still learning how to use it. Music requests are somewhat limited.,1,echo wonderful still learning use music request somewhat limited
4,30-Jul-18,Black  Dot,"""My kids love Alexa... Skills are amazing, would like to see her get a little smarter answering basic questions""",1,kid love alexa skill amazing would like see get little smarter answering basic question
5,28-Jul-18,Black  Show,Kids like it for games.  Showing the lyrics for songs is neat.,1,kid like game showing lyric song neat
4,24-Jul-18,Black  Plus, ,1,no_review
4,28-Jul-18,Black  Plus,Sound very nice perfect for the price,1,sound nice perfect price
5,27-Jun-18,Black,You could not tell this was refurbished. Works Excellent. I would highly recommended instead of purchasing new.,1,could not_tell refurbished work excellent would highly recommended instead purchasing new
5,26-Jul-18,White  Spot,"""Gave it my daughter for her birthday, she loves it! Sound is amazing, she plays music on it constantly. Worth every penny. This is the third amazon device purchased, we have 2 echo shows and now the spot.""",1,gave daughter birthday love sound amazing play music constantly worth every penny third amazon device purchased echo show spot
5,30-Jul-18,Charcoal Fabric ,BEST father's day gift. Dad joked to my mom that Alexa will be the one listening to all of his (repeated) stories going forward.,1,best father day gift dad joked mom alexa one listening repeated story going forward
5,26-Jul-18,White  Plus,Love this!,1,love
5,30-Jul-18,White  Show,Love the echo show,1,love echo show
5,20-Jul-18,Black  Spot,Very easy to set up. Does what is said it will. Very satisfied so far..,1,easy set said satisfied far
5,24-Jul-18,White  Plus,"""Still learning what it can do. Amazing. Simple, works right out of a box. Only frustration is getting Amazon Alexa app t show up on my Samsung/Galaxy with Google's Android.""",1,still learning amazing simple work right box frustration getting amazon alexa app show samsunggalaxy google android
4,30-Jul-18,Black  Dot,Gave as a gift - they loved it.,1,gave gift loved
1,30-Jul-18,White  Dot, ,0,no_review
5,30-Jul-18,White  Dot,"""Only complaint I have is that the sound quality isn't great. I mostly use it for commands though, and I have another dot hooked up to my stereo system to play music through. I have a couple friends that have a dot and don't mind the audio quality, but if you're bothered by that kind of thing I'd go with the full size echo or make sure you hook the do up to some larger speakers.""",1,complaint sound quality not_great mostly use command though another dot hooked stereo system play music couple friend dot not_mind audio quality bothered kind thing would go full size echo make sure hook larger speaker
1,26-Jul-18,White  Plus,The alexa is awesome but when i rcieved the light buld i did not know that u need another adapter to have the light buld to work. I was not aware of that.  Disappointed,0,alexa awesome rcieved light buld not_know need another adapter light buld work not_aware disappointed
5,29-Jul-18,Charcoal Fabric ,Supberb sound! Definitely worth the extra money if you listen to lots of music.,1,supberb sound definitely worth extra money listen lot music
5,15-Jun-18,Black,Love it.  Great product,1,love great product
5,30-Jul-18,Black  Dot,"""Easy setup, easy use, work with other smart products, always learning what it can do""",1,easy setup easy use work smart product always learning
5,25-Jul-18,White  Spot,"""What a great little gadget for the house. You ask and it delivers, period. Well done!""",1,great little gadget house ask delivers period well done
4,29-Jul-18,Black  Dot,Good,1,good
5,30-Jul-18,White  Dot,it takes a while to learn the uses and I'm still learning!,1,take learn us still learning
4,29-Jul-18,Black  Show,Works with Blink video cameras.  Does not work with You Tube.,1,work blink video camera not_work tube
5,29-Jul-18,Charcoal Fabric ,I like everything about it !!!,1,like everything
5,29-Jul-18,Charcoal Fabric ,We enjoy it,1,enjoy
5,29-Jul-18,Sandstone Fabric , ,1,no_review
5,31-Jul-18,Heather Gray Fabric ,"""I received the echo as a gift. I needed another Bluetooth or something to play music easily accessible, and found this smart speaker. Can’t wait to see what else it can do.""",1,received echo gift needed another bluetooth something play music easily accessible found smart speaker not_wait see else
3,30-Jul-18,White  Dot, ,2,no_review
5,30-Jul-18,Black  Dot,Love it.  It works great.  Alexa still has some problems  but it is getting better every day.  I'm not an expert but I think the sound quality is fine.  Not perfect but good.,1,love work great alexa still problem getting better every day not_an expert think sound quality fine not_perfect good
1,1-Jul-18,White,"""This item did not work. Certified refurbished should mean it works as advertised. Instead this item crashed as soon as I turned it on and plugged it in. When trying to connect from my phone to the echo dot, it crashed, over and over. Not only would it disconnect but the orange light would freeze and then the thing would reboot with the blue light. Alexa would tell me it’s ready to connect and freeze mid sentence. Tried holding the action button for 5 seconds and it didn’t do anything. Returning immediately and hope they actually fix this item when the next buyer purchases it.""",0,item not_work certified refurbished mean work advertised instead item crashed soon turned plugged trying connect phone echo dot crashed not_only would disconnect orange light would freeze thing would reboot blue light alexa would tell ready connect freeze mid sentence tried holding action button second not_do anything returning immediately hope actually fix item next buyer purchase
5,29-Jul-18,Charcoal Fabric ,Works perfectly,1,work perfectly
4,10-Jun-18,Black,I bought this for my mother and she is in love with it.She loves the guard dog feature.She says that it gives her a sense of security at night and when she leaves the house,1,bought mother love itshe love guard dog featureshe say give sense security night leaf house
5,29-Jul-18,Black  Spot,Great product,1,great product
5,28-Jul-18,Heather Gray Fabric ,"""Like, all types of fun,music, and more""",1,like type funmusic
5,30-Jul-18,Charcoal Fabric ,Love it and Alexa. I am not very savvy but support was very helpful and patient.,1,love alexa not_very savvy support helpful patient
5,29-Jul-18,White  Show,Purchased as a more &#34;personal&#34; contact vehicle for engaging with long distance grandchildren. Works perfectly in every regard. Resolution and sound both better than expected. Highly recommend.,1,purchased personal contact vehicle engaging long distance grandchild work perfectly every regard resolution sound better expected highly recommend
4,30-Jul-18,Heather Gray Fabric ,"""I bought this because it can control fios television. It works well. I’m hoping over time it will do more to control fios. Then I discovered all the other things Alexa can do. Play music you ask for. Great sound from Alexa. Play games. Play radio stations. Play old time radio programs like the Long Ranger. Alexa has many “apps” you can add to her abilities. The other day I played Madlibs. Great fun. Also Alexa can control household appliances. I just purchased Alexa compatible power strips to control lighting, fans and TV components. I’m looking forward to implementing this controll. You can also add other Alexa components to have chosen music to play in all rooms where the components are located.""",1,bought control fios television work well hoping time control fios discovered thing alexa play music ask great sound alexa play game play radio station play old time radio program like long ranger alexa many apps add ability day played madlibs great fun also alexa control household appliance purchased alexa compatible power strip control lighting fan tv component looking forward implementing controll also add alexa component chosen music play room component located
5,29-Jul-18,Black  Show, ,1,no_review
1,14-Jun-18,Black,cant seem to get this thing to sink with my wireless not sure If I will be returning it will try one more time.,0,not_seem get thing sink wireless not_sure returning try one time
5,30-Jul-18,Configuration: Fire TV Stick,I bought this fire stick for another TV! No more arguments about what to watch!,1,bought fire stick another tv no_more argument watch
5,30-Jul-18,Black  Dot,Love my echo dot easy to use and set up,1,love echo dot easy use set
5,30-Jul-18,Configuration: Fire TV Stick,Works great to watch youtube and amazin video,1,work great watch youtube amazin video
5,30-Jul-18,White  Dot,Great to have along with the Echo,1,great along echo
4,28-Jul-18,Black  Plus,I enjoy the various functions of the device,1,enjoy various function device
5,30-Jul-18,Configuration: Fire TV Stick,Use it all the time and love it. Very quality product.,1,use time love quality product
1,28-Jul-18,Black,not working,0,not_working
3,29-Jul-18,Sandstone Fabric ,I owned an echo for overa year but the new lacks the easy way to increase or decrease volume without telling it to increase or decrease volume which is hard to do for my wife since English is her second language she was born in korea. But the sound from the echo is superb. So we’ll keep it..,2,owned echo overa year new lack easy way increase decrease volume without telling increase decrease volume hard wife since english second language born korea sound echo superb keep
5,28-Jul-18,Black  Show,The only draw back is it stops every once in awhile in the middle of a song .,1,draw back stop every awhile middle song
5,28-Jul-18,Black  Spot,Exactly as advertised,1,exactly advertised
5,30-Jul-18,Configuration: Fire TV Stick,Love it so easy to use,1,love easy use
5,29-Jul-18,Charcoal Fabric ,Works perfectly,1,work perfectly
5,30-Jul-18,Charcoal Fabric ,Love my Echo. Still learning how every thing works but having tons of fun.,1,love echo still learning every thing work ton fun
5,30-Jul-18,Black  Dot,"""I love these, I have 2 dots and one echo. For a medium size rooms these are loud enough without external speakers although I do use external for the dots.""",1,love dot one echo medium size room loud enough without external speaker although use external dot
4,30-Jul-18,Black  Show,I’m really hoping for skills that take advantage of the shows touch screen. There’s an incredible amount of untapped potential locked behind the restrictions. Make use of the best part of having the show and enable skills to navigate by touch please!,1,really hoping skill take advantage show touch screen incredible amount untapped potential locked behind restriction make use best part show enable skill navigate touch please
5,28-Jul-18,Black  Spot,Best looking Echo device. Easy to use,1,best looking echo device easy use
1,30-Jul-18,Black  Dot,I didn't like that almost everytime i asked Alexa a question she would say i dont know that or i havent learned that.,0,not_like almost everytime asked alexa question would say not_know not_learned
5,30-Jul-18,Black  Show,"""I purchased echo about 2 weeks ago , I love this product, I would definitely recommend""",1,purchased echo week ago love product would definitely recommend
5,30-Jul-18,Charcoal Fabric ,Having so much fun with Alexa. Love being able to listen to music when I’m across the room or busy doing something else.,1,much fun alexa love able listen music across room busy something else
5,7-Jul-18,Black  Plus,"""I'm loving my easy access to all the music and books I listen to from Amazon music and audible.  The treble, mid and bass sound well-equalized.  I love that I can easily take it to any area of my house and plug it in.  It's nice and light weight, with a good length of cord.""",1,loving easy access music book listen amazon music audible treble mid bass sound wellequalized love easily take area house plug nice light weight good length cord
5,30-Jul-18,Heather Gray Fabric ,The sound is amazing and many collections of all music,1,sound amazing many collection music
5,28-Jul-18,Black  Plus,works better than I thought,1,work better thought
5,31-Jul-18,Configuration: Fire TV Stick,"""I am guilty of not setting this up, I had my youngest daughter do it. She did not seem to have much trouble figuring it out. So I would have to assume it was not very difficult. I have not tried to use it  yet but my oldest seems to like it so she ordered one for herself.""",1,guilty not_setting youngest daughter not_seem much trouble figuring would assume not_very difficult not_tried use yet oldest seems like ordered one
2,28-Jul-18,Black  Show,Need to be able to connect to more 3rd party viceo apps,0,need able connect rd party viceo apps
5,30-Jul-18,Black  Dot,I have a friend now.,1,friend
4,28-Jul-18,Black  Show,Still trying to figure out how to link to Bluetooth speaker.,1,still trying figure link bluetooth speaker
4,28-Jul-18,Charcoal Fabric ,"""So far I like it.  I bought it just for some music though, and it sounds pretty good.""",1,far like bought music though sound pretty good
5,11-Jul-18,Black,Worked just like a brand new Dot ---so I am very satisfied.,1,worked like brand new dot satisfied
4,31-Jul-18,Configuration: Fire TV Stick,Works as expected,1,work expected
5,28-Jul-18,Black  Plus,Awesome! Easy set up. Linked right up with my Nexia home automation.,1,awesome easy set linked right nexia home automation
3,28-Jul-18,White  Plus,I try use with yale lock but isn’t work,2,try use yale lock not_work
2,24-Jul-18,Black  Plus,Doesn't use apple music.  It is worthless to me without it.  Sound quality on it is also poor.,0,not_use apple music worthless without sound quality also poor
5,30-Jul-18,Black  Spot,Love my Echo Spot!,1,love echo spot
5,29-Jul-18,Black  Show,The Echo Show works great. I enjoy  very much.,1,echo show work great enjoy much
1,28-Jul-18,White  Show,The sound on these is terrible. It’s like a tin can. I love my echo but this item is awful.,0,sound terrible like tin love echo item awful
5,30-Jul-18,Configuration: Fire TV Stick,I love this! It’s user friendly and better than any streaming device we have previously used. I wish we had purchased sooner and purchased more of them.,1,love user friendly better streaming device previously used wish purchased sooner purchased
4,28-Jul-18,Charcoal Fabric ,Works awesome!,1,work awesome
5,29-Jul-18,Black  Show,Love my echo show!,1,love echo show
5,30-Jul-18,Black  Dot, ,1,no_review
5,30-Jul-18,Black  Dot,Great,1,great
5,29-Jul-18,Black  Plus,Great product. I have two and may want to buy a third!,1,great product two may want buy third
5,30-Jul-18,Configuration: Fire TV Stick,LOVE IT!!!!!,1,love
2,30-Jul-18,Black  Dot,Ask it to play Motown radio on Pandora and it keeps asking if I want to add a salsa station. Motown isn’t close to salsa phonetically.,0,ask play motown radio pandora keep asking want add salsa station motown not_close salsa phonetically
2,30-Jul-18,Black  Dot,"""When you think about it this really doesn’t do much. Play music, answer stupid questions, finally it was able to hook up to thermostat. I can see why price is dropping like a rock.""",0,think really not_do much play music answer stupid question finally able hook thermostat see price dropping like rock
5,30-Jul-18,Charcoal Fabric ,Loved it till someone stoled it. Can't afford to replace it yet but I am going too.,1,loved till someone stoled not_afford replace yet going
5,30-Jul-18,Configuration: Fire TV Stick,"""Love my fire stick and remote, so easy to set up and use. Endless amounts of apps to download! Used it with my smart tv and it’s 100X better than the features smart TVs offer""",1,love fire stick remote easy set use endless amount apps download used smart tv x better feature smart tv offer
3,29-Jul-18,Black  Spot,Eh it’s cool and all but also kinda boring I don’t really know what to do with it other than it being a desk clock so 3/5 is about right. I can’t connect to my Spotify unless it’s premium and I’m in college and I’m not paying or that or amazon music so,2,eh cool also kind boring not_really know desk clock right not_connect spotify unless premium college not_paying amazon music
5,30-Jul-18,Configuration: Fire TV Stick,"""This was a replacement of an older version of Fire Stick. I haven't tried the Alexa voice part of this remote yet, but it works great.""",1,replacement older version fire stick not_tried alexa voice part remote yet work great
5,30-Jul-18,Black  Dot,love it,1,love
1,30-Jul-18,Charcoal Fabric ,Not much features.,0,not_much feature
5,28-Jul-18,Charcoal Fabric ,Almost as good as my Bose. Love the whole house music.,1,almost good bose love whole house music
5,28-Jul-18,Black  Show,"""I love this thing.  I enjoy watching the daily news, play music with lyrics (most songs), ordering my coffee..etc""",1,love thing enjoy watching daily news play music lyric song ordering coffeeetc
5,7-Jul-18,Black,Love,1,love
5,30-Jul-18,White  Dot,Super easy to hook up and program. I use the music feature the most but I love how I can set reminders from my phone and my Echo will remind me at the set time. It’s great for my news updates too!,1,super easy hook program use music feature love set reminder phone echo remind set time great news update
5,26-Jul-18,Black,Fast shipping and works well,1,fast shipping work well
4,30-Jul-18,Black  Dot,I liked linking two more rooms in the home,1,liked linking two room home
5,30-Jul-18,Black  Dot,"""Listens well, does way more than expected, love her!""",1,listens well way expected love
5,29-Jul-18,Black  Plus,Love it,1,love
5,31-Jul-18,Configuration: Fire TV Stick,Absolutely love it,1,absolutely love
5,29-Jul-18,Sandstone Fabric ,"""I love my Echo show!  and now i have this in my bedroom and it's wonderful!, music, info, sleeping sounds!""",1,love echo show bedroom wonderful music info sleeping sound
4,30-Jul-18,Black  Show,"""Nice picture good sound but the mics are not as sensitive as a dot, my dots can hear me from across the house the Show does not, that being said I LOVE the show!!I can watch TV and movies while in tg ed kitchen, have the News playing or Music....love....it !!""",1,nice picture good sound mics not_as sensitive dot dot hear across house show not_that said love showi watch tv movie tg ed kitchen news playing musicloveit
5,30-Jul-18,Sandstone Fabric ,awesome.understands my kids,1,awesomeunderstands kid
5,30-Jul-18,Configuration: Fire TV Stick,Easy to use and fast setup,1,easy use fast setup
3,30-Jul-18,Sandstone Fabric ,it's annoying that everything they show Alexa as being able to do has to be downloaded. You spend so  much time trying to figure out how to phrase it for the machine that you may as well just look it up yourself,2,annoying everything show alexa able downloaded spend much time trying figure phrase machine may well look
5,30-Jul-18,Black  Dot,"""Clear sound, great alarm clock, plays my music.  What else can you ask for.  Oh yeah, you can order what you need.""",1,clear sound great alarm clock play music else ask oh yeah order need
5,30-Jul-18,White  Dot,"""Este producto llegó y a la semana se quedó sin olor, perdió toda su escencia, huele solo a alcohol""",1,este producto lleg la semana se qued sin olor perdi toda su escencia huele solo alcohol
5,30-Jul-18,Black  Dot,Love it,1,love
5,30-Jul-18,Black  Dot,"""I'm still learning how to use it.  I figured out it can read my kindle books to me, which is a real bonus.""",1,still learning use figured read kindle book real bonus
5,30-Jul-18,Black  Dot,"""Listening to music, searching locations, checking time, looking up weather. There are many more task to learn. It was simple to set up.""",1,listening music searching location checking time looking weather many task learn simple set
5,28-Jul-18,Black  Plus,Love everything about this....,1,love everything
5,30-Jul-18,Configuration: Fire TV Stick,I loved the I can use voice to make a request. I use it for music and movies.,1,loved use voice make request use music movie
5,30-Jul-18,White  Dot,I really like the echo dot. It’s amazing to be able to set an alarm or timer just by talking to the echo dot.,1,really like echo dot amazing able set alarm timer talking echo dot
5,29-Jul-18,White  Show,I love this so much!! Alexa is even better when she can show you things!,1,love much alexa even better show thing
5,30-Jul-18,Black  Dot,Absolutely love it!!!!,1,absolutely love
4,10-Jul-18,White  Plus,I really haven’t found any difference between this and the original version I bought. They both work great,1,really not_found difference original version bought work great
5,28-Jul-18,White  Spot,Quick and easy to set up,1,quick easy set
5,29-Jul-18,Sandstone Fabric ,Arrived as expected.,1,arrived expected
4,30-Jul-18,Charcoal Fabric ,Love it!,1,love
5,30-Jul-18,White  Dot,Really like it,1,really like
5,24-Jul-18,Black  Plus,"""well what can you say,  Love It  Love It  Love It  enough said""",1,well say love love love enough said
5,28-Jul-18,Black  Show,Love seeing everything in the display!,1,love seeing everything display
4,30-Jul-18,Sandstone Fabric ,"""Excellent product, set up with ease as well.""",1,excellent product set ease well
5,29-Jul-18,Charcoal Fabric ,Absolutely love!!,1,absolutely love
5,11-Jul-18,White  Plus,Very easy to set up and use. Slowly adding devices to truly make our house a smart home. Both Alexa and I are learning what we can do.  With each new item I am happier that I made the purchase.  So far my only regret is I didn’t do it sooner.,1,easy set use slowly adding device truly make house smart home alexa learning new item happier made purchase far regret not_do sooner
5,30-Jul-18,Sandstone Fabric ,"""Love my Echo. Still learning all the things it will do. Wasn’t able to follow instructions included in the package, but found a great one on U-Tube.""",1,love echo still learning thing not_able follow instruction included package found great one youtube
5,30-Jul-18,White  Dot,Nice product,1,nice product
5,30-Jul-18,Sandstone Fabric ,Still learning all the capabilities...but so far pretty pretty pretty good,1,still learning capabilitiesbut far pretty pretty pretty good
1,22-Jul-18,Black  Spot,"""I own 3 of these...  amazon is ignoring its customers and using these devices as a marketing tool.  You can customize the screen contents, but you cannot turn off there advertising, Things to Try...  People will suggest that you can, but you can only do so if you turn off all content changes which is not an acceptable option.Moreover, they should increase the size slightly, and improve the audio speaker.  That would give you a 5 star device.Right now i’m debating whether to return all 3 devices.  My wife says we should.""",0,amazon ignoring customer using device marketing tool customize screen content not_turn advertising thing try people suggest turn content change not_an acceptable optionmoreover increase size slightly improve audio speaker would give star deviceright debating whether return device wife say
2,30-Jul-18,Black  Dot,Weak sound. Compared to the Google Home Mini the sound is bad. Also you need Prime to have a small selection of music and need prime music to play everything. Also if you get two you need prime family music to play music on both. I think it's lame that you need a family plan to use multiple devices.,0,weak sound compared google home mini sound bad also need prime small selection music need prime music play everything also get two need prime family music play music think lame need family plan use multiple device
4,30-Jul-18,Black  Dot,Luv it.  It's a great product.,1,love great product
5,28-Jul-18,White  Show,Love it!,1,love
4,28-Jul-18,Black  Show,Love it to play music works great for finding recipes. Need more family to have adapted machines to see,1,love play music work great finding recipe need family adapted machine see
5,22-Jul-18,White  Plus,Item as described and delivered on time.  Thank you,1,item described delivered time thank
1,30-Jul-18,White  Spot, ,0,no_review
4,29-Jul-18,Charcoal Fabric ,Love my Echo great sound very smart!,1,love echo great sound smart
5,30-Jul-18,Configuration: Fire TV Stick,This is my 2nd fire TV stick with Alexa I have been very happy with my first one love that you can use so many apps with it. Big 👍,1,nd fire tv stick alexa happy first one love use many apps big
5,30-Jul-18,Configuration: Fire TV Stick,Easy to use and setup.,1,easy use setup
5,24-Jul-18,Black  Spot,This thing is great. Fantastic alarm clock.,1,thing great fantastic alarm clock
4,23-May-18,White,It was perfect,1,perfect
2,30-Jul-18,Configuration: Fire TV Stick,"""I don't like how I cannot load my Hulu account, it is also very slow. I know it is not my Internet connection because I have an Xbox One that works just fine, but my Fire TV Stick takes forever to load anything.""",0,not_like not_load hulu account also slow know not_my internet connection xbox one work fine fire tv stick take forever load anything
5,30-Jul-18,Configuration: Fire TV Stick,Thought it was pretty cool new to streaming thing seemed easy to use,1,thought pretty cool new streaming thing seemed easy use
5,30-Jul-18,White  Dot,Super easy to hook up and program. I use the music feature the most but I love how I can set reminders from my phone and my Echo will remind me at the set time. It’s great for my news updates too!,1,super easy hook program use music feature love set reminder phone echo remind set time great news update
1,30-Jul-18,White  Spot, ,0,no_review
5,30-Jul-18,White  Spot,Responds easily and like the ability to do at night.,1,responds easily like ability night
5,30-Jul-18,Configuration: Fire TV Stick,Works like a charm!,1,work like charm
5,30-Jul-18,Charcoal Fabric ,Love our echo,1,love echo
5,30-Jul-18,Black  Dot,Cool little speaker..I love her alarms and connected it to my speakers and it sounds great!!,1,cool little speakeri love alarm connected speaker sound great
5,30-Jul-18,Configuration: Fire TV Stick,This thing is awesome. We watch it more then the regular cable. Going to by more on Black Friday as Christmas gifts.,1,thing awesome watch regular cable going black friday christmas gift
5,21-Jul-18,White  Plus,Easy to install,1,easy install
5,28-Jul-18,Charcoal Fabric ,Love it,1,love
5,30-Jul-18,Black  Dot,love it as I do all of my echos,1,love echo
4,30-Jul-18,Black,Works just fine.,1,work fine
4,30-Jul-18,Charcoal Fabric ,So far so good,1,far good
5,29-Jul-18,White  Show,"""quite nice...clear, great sound.""",1,quite niceclear great sound
4,31-Jul-18,Configuration: Fire TV Stick,A great product.  I would buy another.,1,great product would buy another
5,29-Jul-18,Charcoal Fabric ,"""Very pleased with my purchase of Echo Smart Speaker - love the fact that I can play music of different genre's whenever I want.Had some trouble at first with the WI FI, but it is now working.""",1,pleased purchase echo smart speaker love fact play music different genre whenever wanthad trouble first wi fi working
3,29-Jul-18,Black  Show,"""After two weeks I am not sure if I like the ever present Alexa to have a screen as well.  I bought it to be a abay monitor combined with a wifi camera, and that works.  But the screen is always on unless you tell it to turn it off - instead of just a talking cylinder you now have a mini screen that not only talks to you but also writes out everything it says or shows accompanying video.  There is something about only audio that made Alexa different, no I some ways it is a TV that you can talk to.""",2,two week not_sure like ever present alexa screen well bought abay monitor combined wifi camera work screen always unless tell turn instead talking cylinder mini screen not_only talk also writes everything say show accompanying video something audio made alexa different no_i way tv talk
4,30-Jul-18,Heather Gray Fabric ,Speaker is better than 1st generation Echo,1,speaker better st generation echo
5,28-Jul-18,Charcoal Fabric ,Great Prime Day Buy!,1,great prime day buy
1,27-Jul-18,Black  Spot,You need a Harvard law degree to operate this thing! It's going back very soon!,0,need harvard law degree operate thing going back soon
5,31-Jul-18,Black  Dot,Family loved it!,1,family loved
5,30-Jul-18,Black  Dot,Like having the music where ever I am.,1,like music ever
5,13-Jul-18,Black,Thanks,1,thanks
5,29-Jul-18,Black  Spot,Love it!,1,love
1,30-May-18,White,Eh. It’s works on and off. Half the time it does not respond when you say wake up name. Other then that works fine,0,eh work half time not_respond say wake name work fine
5,28-Jul-18,Black  Plus,"""Loved all about it, all I can do with it and it looks good.""",1,loved look good
5,17-Jun-18,Black,i love everything,1,love everything
5,29-Jul-18,Charcoal Fabric ,Amazing paroduct,1,amazing paroduct
2,29-Jul-18,Charcoal Fabric ,"""Really disappointed Alexa has to be plug-in to wall socket all the time.  My fault for not checking this, but made the assumption that a company has technologically advanced as Amazon would sell this product with a rechargeable battery.  If I could return it, I would as my Apple music and boom speaker give me more flexibility the Alexa.""",0,really disappointed alexa plugin wall socket time fault not_checking made assumption company technologically advanced amazon would sell product rechargeable battery could return would apple music boom speaker give flexibility alexa
5,9-Jul-18,Black,Good as new,1,good new
4,1-Jul-18,Black  Plus,"""This is a great tool (toy?), room-filling music, very convenient to use, just fun to have. Why only 4 stars? Supposed to work with Logitech Harmony remote: nope. Supposed to work with Denon AV receivers: nope. This may not be Amazon't fault, but advertised skills should actually work. We also have the Echo Show, and the Ring skill works correctly with that device when we want to see who is at the front door.""",1,great tool toy roomfilling music convenient use fun star supposed work logitech harmony remote nope supposed work denon av receiver nope may not_be amazont fault advertised skill actually work also echo show ring skill work correctly device want see front door
1,17-Jul-18,Black  Spot,For the size of the screen this thing should be $25,0,size screen thing
5,18-Jun-18,White,Amazon doesn't disappoint.,1,amazon not_disappoint
4,30-Jul-18,Black  Dot,Primarily for music in our bedroom.  I wish the speaker had better fidelity.,1,primarily music bedroom wish speaker better fidelity
5,30-Jul-18,Black  Plus,I like the echo plus it's wonderful the least thing I don't like is it doesn't turn off every,1,like echo plus wonderful least thing not_like not_turn every
4,30-Jul-18,Configuration: Fire TV Stick,Good wifi TV stick,1,good wifi tv stick
5,23-Jul-18,White  Spot,Excellent,1,excellent
5,26-Jul-18,White  Spot,Alexa wakes me up everyday for work to whatever station on Iheart radio or Spotify I want. Plus when I do get smart home devices she’ll be even more useful to me! She’s really helpful with answering random questions. The small screen sucks for video as it is small and round but it’s nice to have something to show time and pictures.,1,alexa wake everyday work whatever station iheart radio spotify want plus get smart home device even useful really helpful answering random question small screen suck video small round nice something show time picture
5,7-Jun-18,White,Works great!,1,work great
5,30-Jul-18,Charcoal Fabric ,It worked exactly as expected and the speaker has great sound. It is perfect for my classroom!,1,worked exactly expected speaker great sound perfect classroom
5,29-Jul-18,Black  Show,This product is amazing! I love it!!! Best Buy!!! Only thing missing is Bluetooth,1,product amazing love best buy thing missing bluetooth
5,30-Jul-18,Configuration: Fire TV Stick,Access to apps,1,access apps
4,25-Jun-18,Black,"""Works good. However, the price went down the week after I purchased it.""",1,work good however price went week purchased
5,30-Jul-18,Black  Spot,Perfect,1,perfect
4,29-Jul-18,Charcoal Fabric ,"""I’m impressed with the quality of sound that the Echo has, it’s definitely comparable to my Bose Mini. I only gave 4 stars because I can’t use my Apple Music account.""",1,impressed quality sound echo definitely comparable bose mini gave star not_use apple music account
4,28-Jul-18,Black  Show,"""Sound is great,video is great. Now I just need to learn everything it can do. Where can I see videos (youtube), listen to music. watch the news""",1,sound greatvideo great need learn everything see video youtube listen music watch news
5,30-Jul-18,White  Show,"""I purchased the """"Show """" to keep in touch with my daughter and her family after their recent move half way across the country.  It is wonderful seeing their faces during our conversations.""",1,purchased show keep touch daughter family recent move half way across country wonderful seeing face conversation
5,30-Jul-18,Configuration: Fire TV Stick,CAN WATCH AMAZON PRIME SHOWS AND TALK TO ALEXUS,1,watch amazon prime show talk alexus
4,30-Jul-18,Configuration: Fire TV Stick,It offers hours of entertainment and it was very easy to install and activate 👍,1,offer hour entertainment easy install activate
5,28-Jul-18,White  Show,While I loved Alexa....this is a whole new level. Love it. Fun to watch movie trailers. Weather is so much more complete. When you listen to music....the lyrics appear. Still discovering all Echo Show can do. Highly recommend. Takes Alexa to a completely new world.,1,loved alexathis whole new level love fun watch movie trailer weather much complete listen musicthe lyric appear still discovering echo show highly recommend take alexa completely new world
5,28-Jul-18,Charcoal Fabric ,Works great.,1,work great
5,30-Jul-18,Black  Dot,Have the echo wanted something smaller in another room  they work together great,1,echo wanted something smaller another room work together great
5,30-Jul-18,Charcoal Fabric ,Works as advertised. Very easy to setup. Still learning what this can do.,1,work advertised easy setup still learning
5,30-Jul-18,Black  Dot,Excellent product !!,1,excellent product
5,24-Jul-18,White  Spot,Love this little dot with a screen.  Super easy to set up and easy to use.  Instantly connected to all my other echo products.  I also bought the screen cover that has the blocking button for the camera if you want to use it.  Recommended.,1,love little dot screen super easy set easy use instantly connected echo product also bought screen cover blocking button camera want use recommended
5,30-Jul-18,Configuration: Fire TV Stick,This is an awesome product. I wanted to test out the differences between this and my Roku and both are very nice. I will likely be using this for traveling as well.,1,awesome product wanted test difference roku nice likely using traveling well
4,30-Jul-18,Black  Show,"""Great addition to the Alexa family, just wish it could use the screen more than backgrounds. Don't get me wrong I don't regret buying it especially for the primeday sale of $100 off sale price but for now the skills for the show are lacking.""",1,great addition alexa family wish could use screen background not_get wrong not_regret buying especially primeday sale sale price skill show lacking
5,29-Jul-18,Charcoal Fabric ,I really love my amazon echo. I think the sound quality is great and we have a lot of fun with it. It is really handy for music and to get updates on the weather and sports!,1,really love amazon echo think sound quality great lot fun really handy music get update weather sport
5,23-Jul-18,Black  Plus, ,1,no_review
5,18-Jul-18,White  Spot,Well-made product.Echo Spot - White,1,wellmade productecho spot white
5,30-Jul-18,Charcoal Fabric ,"""Works great, upgraded from echo dot to full size echo, couldn’t be happier!""",1,work great upgraded echo dot full size echo could not_be happier
1,19-Jul-18,Black,Dont trust this....,0,not_trust
4,30-Jul-18,Configuration: Fire TV Stick,"""The selection is wonderful and the ease of use on the home page is nice. I wish, however, it didn't keep overcoming my settings for my other devices attached to my TV.  I have to keep switching back after any switches in programming, including my stereo.""",1,selection wonderful ease use home page nice wish however not_keep overcoming setting device attached tv keep switching back switch programming including stereo
5,29-Jul-18,Heather Gray Fabric ,Bought this for my daughter when she turned 9.  She loves it!!  I especially like the calling feature since she doesn’t have a cell phone.  She loves playing music and dancing and with Amazon music she can play all her favorite songs ...... sometimes over and over and over again lol!,1,bought daughter turned love especially like calling feature since not_have cell phone love playing music dancing amazon music play favorite song sometimes lol
5,21-Jul-18,Black  Plus,"""I'm an original purchaser of the Echo when they came out with a limited few in their test phase and I've always loved it. I expanded my Alexa usage by adding a few Echo Dots around the house and finally decided to jump and buy an Echo Plus. Let me tell you what, GREAT choice! As much as I love my original Echo, the Plus was an obvious upgrade immediately noticeable. The sound is great. And the fact that it's got a built in hub for the Philips Hue lights is a huge plus!""",1,original purchaser echo came limited test phase always loved expanded alexa usage adding echo dot around house finally decided jump buy echo plus let tell great choice much love original echo plus obvious upgrade immediately noticeable sound great fact got built hub philip hue light huge plus
4,4-Jul-18,White,"""Already owning a couple of Echos, I was frustrated that I couldn’t also use them as intercoms. Finally Amazon enables the “drop-in” feature so now I can use my Echos to reach out to family in remote parts of the house (and teenagers who insist they never heard me yelling at them to come down to dinner).As for its other features, we mainly use our Echos for the standard stuff: playing music, setting alarms, answering questions, etc. It's not the life-changing home device Amazon would have you believe, but it is convenient to have around. This refurb saved me a few bucks, looks and works the same as the other brand-new ones.""",1,already owning couple echo frustrated could not_also use intercom finally amazon enables dropin feature use echo reach family remote part house teenager insist never_heard yelling come dinneras feature mainly use echo standard stuff playing music setting alarm answering question etc not_the lifechanging home device amazon would believe convenient around refurb saved buck look work brandnew one
5,21-Jul-18,Black  Spot, ,1,no_review
3,30-Jul-18,Configuration: Fire TV Stick,I feel that the voice feature is useless. Lots of channels to stream though.,2,feel voice feature useless lot channel stream though
5,30-Jul-18,Configuration: Fire TV Stick,"""Works great, speed is fast. Exactly what we needed""",1,work great speed fast exactly needed
5,30-Jul-18,Black,I love the Echo Dot. So easy. So fun. I get to drop in on my Grandaughter who lives about 2000 miles away. Sounds like she is right next to me.,1,love echo dot easy fun get drop grandaughter life mile away sound like right next
4,20-Jul-18,Black  Plus,"""I got it to try side by side with the Echo originale. They are essentially the same in dimension, weight and the woofer is the same save for the smaller tweeter point up instead of down and the built in hub. As many folks already pointed out, the hub is not a direct replacement for the Philips Hue, Z wave or anything else. It provides a sub set of features available from the stand alone hub and you ended up losing functionality that you took for granted on the dedicated hub. For me, the voice recognition and music play capability is the same, the original Echo may have an edge on the volume department due to larger speakers. The new Echo plus is priced lower than the original Echo with the built in hub but I don't really need the hub with less functionality. In addition, I don't think that Amazon will have software updates for this hub as other dedicated hub would have so bugs could end up never fixed. My Philips hub gets software update probably once every couple months and it keeps up with the changes in the new bulbs FW and they fixes bugs. Net net for me, this Echo does not do anything more than the original Echo and sound quality is not as good. With the  original Echo available as refurbished I would check that out first before considering this or the new Echo which is clearly inferior to both of these.""",1,got try side side echo originale essentially dimension weight woofer save smaller tweeter point instead built hub many folk already pointed hub not_a direct replacement philip hue z wave anything else provides sub set feature available stand alone hub ended losing functionality took granted dedicated hub voice recognition music play capability original echo may edge volume department due larger speaker new echo plus priced lower original echo built hub not_really need hub less functionality addition not_think amazon software update hub dedicated hub would bug could end never_fixed philip hub get software update probably every couple month keep change new bulb fw fix bug net net echo not_do anything original echo sound quality not_as good original echo available refurbished would check first considering new echo clearly inferior
5,30-Jul-18,White  Dot,"""Love it! I personally prefer Spotify music, so it’s great that I was able to set that as default. There’s not a day that goes by without music in our home. Also, the reason we got it is to keep our pup calm when we leave, so we tell Alexa to play some classical music or jazz and it works wonders. He’s a lot more calmer and doesn’t bark when we lock the door and start walking away. It’s a must have!""",1,love personally prefer spotify music great able set default not_a day go without music home also reason got keep pup calm leave tell alexa play classical music jazz work wonder lot calmer not_bark lock door start walking away must
5,30-Jul-18,Configuration: Fire TV Stick,I love the number of movies that are available using this device. Took me a little time to setup and learn how to work it. The only thing I miss is local channels.,1,love number movie available using device took little time setup learn work thing miss local channel
5,29-Jul-18,Sandstone Fabric ,"""Very impressed with look, clarity of sound and color.""",1,impressed look clarity sound color
5,30-Jul-18,Black  Dot,Echo Dot is a wonderful invention. We love it. Alexa is so smart.,1,echo dot wonderful invention love alexa smart
5,30-Jul-18,Charcoal Fabric ,"""I have had for only a week, so I am still learning all that Alexa can do.  It is a learning process.  I love the music I can call up any time.  I listen to podcasts and radio stations.  I have just started keeping shopping lists and grocery lists, which I love.  I don’t have to search for paper and pencil.  Getting time and temperature are great, do not have to wait for weather reports.  The sound is good.  I am not fussy about woofers, tweeters, base , etc.  the Echo is fine for me.  This afternoon I am going to try “dropping in”.on my son when he gets home.  Going to surprise him.""",1,week still learning alexa learning process love music call time listen podcasts radio station started keeping shopping list grocery list love not_have search paper pencil getting time temperature great not_have wait weather report sound good not_fussy woofer tweeter base etc echo fine afternoon going try dropping inon son get home going surprise
5,28-Jul-18,Black  Show, ,1,no_review
5,28-Jul-18,White  Show,Great sound and video!,1,great sound video
1,29-Jul-18,Black  Show,"""Great device, features are awesome, the interaction is fantastic. Home automation works perfect if you link up your accounts correctly. My only issue is out of (4) Echo Shows (2) of them have been sent off for repair because of the screen glitching!! These are less than 3 months old and already having issues!First repairs were sent off and they “updated the firmware” when I got the device back nothing worked, I had to update to the newest firmware for it to work again. Then (2) weeks later the glitch starts up again!I love the show but I’m getting really frustrated with the glitching.""",0,great device feature awesome interaction fantastic home automation work perfect link account correctly issue echo show sent repair screen glitching less month old already issuesfirst repair sent updated firmware got device back nothing_worked update newest firmware work week later glitch start againi love show getting really frustrated glitching
5,30-Jul-18,Configuration: Fire TV Stick,great price great product fire stick is the best i think works better then roku.,1,great price great product fire stick best think work better roku
5,14-Jun-18,White,"""I love this as a second &#34;Alexa&#34; in our bedroom.  Great for checking weather, for meditation music, and as a timer - Perfect for my husband who has to use eye drops multiple times each day and keep his eyes closed for 5 minutes.""",1,love second alexa bedroom great checking weather meditation music timer perfect husband use eye drop multiple time day keep eye closed minute
1,13-Jul-18,Black,I wanted to use these as a radio and intercom as we get terrible fm reception where i live.  The speech recognition software is horrible.  My wife and i both are native Americans whose language is English she is from the north i am from Texas  neither have an accent from our birth area and yet it does not do a good job understanding us.  We bought two they do the same thing.  Additionally wifi reception was poor to marginal. I had to buy Wifi range extender for office and the other is ten feet from our router.  Both had problems Switched them around no difference.  So it they are now disconnected dust collectors.,0,wanted use radio intercom get terrible fm reception live speech recognition software horrible wife native american whose language english north texas neither_have accent birth area yet not_do good job understanding u bought two thing additionally wifi reception poor marginal buy wifi range extender office ten foot router problem switched around no_difference disconnected dust collector
5,30-Jul-18,Charcoal Fabric ,"""So far it seems to be a very nice item. It picks up on my voice and understands me without any problems. The other day I asked it to turn down the music from the next room and it heard me just fine. I've only used it to listen to music and check the weather, but it has done both of those things very well.""",1,far seems nice item pick voice understands without problem day asked turn music next room heard fine used listen music check weather done thing well
5,30-Jul-18,White  Dot,Convenient and fun.,1,convenient fun
4,30-Jul-18,Black  Show,very nice-needs some work,1,niceneeds work
5,30-Jul-18,Black  Show, ,1,no_review
5,30-Jul-18,Black  Dot,Easy to set-up and to use.,1,easy setup use
5,29-Jul-18,Charcoal Fabric ,As described and received on time.  Do not like automatic enrolment into music.,1,described received time not_like automatic enrolment music
5,30-Jul-18,Black  Dot,Dislike the volume. It does not sound loud enough.,1,dislike volume not_sound loud enough
1,30-Jul-18,Black  Dot,"""This worked well for about 6 months but then stopped connecting to the internet (wifi) and none of the trouble shooting efforts worked.  Amazon customer service couldn't help further and told me warranty was only 3 months, which was very disappointing, so they weren't willing to replace.""",0,worked well month stopped connecting internet wifi none_of trouble shooting effort worked amazon customer service could not_help told warranty month disappointing not_willing replace
5,30-Jul-18,White  Dot,"""I live alone, this is the best companion!""",1,live alone best companion
5,29-Jul-18,Charcoal Fabric ,"""Just getting use to using the Echo. Used it for shopping lists, listening to music and as a timer. Working great so far.""",1,getting use using echo used shopping list listening music timer working great far
5,30-Jul-18,Configuration: Fire TV Stick,"""Easy to use, all your favorite programs. All inclusive, nothing else to buy.""",1,easy use favorite program inclusive nothing_else buy
1,12-Jun-18,Black,Bought 2 and both quit connecting to wifi and responding to voice within 9 months. Hard and soft reset will not fix the problem.,0,bought quit connecting wifi responding voice within month hard soft reset not_fix problem
4,29-Jul-18,Heather Gray Fabric ,"""Great product. Sometimes Alexa does not understand some commands for my Fire TV. All in all, this is a fabulous speaker.""",1,great product sometimes alexa not_understand command fire tv fabulous speaker
5,30-Jul-18,Heather Gray Fabric ,Very good quality,1,good quality
5,30-Jul-18,Black  Show,"""I like everything, about this ! Im still learning how to use it!""",1,like everything still learning use
5,19-Jul-18,Black  Spot,Great to wake up to music and being told the weather.,1,great wake music told weather
5,29-Jul-18,Heather Gray Fabric ,Love the feature to play music in every room with multiple Echos.,1,love feature play music every room multiple echo
4,22-Jul-18,Black  Plus,I love it but does not play well with my Amazon Prime... many shortcomings and potential fees,1,love not_play well amazon prime many shortcoming potential fee
5,30-Jul-18,White  Dot,"""I am spoiled by one downstairs...so got this one for upstairs to listen to music , etc. while I walked on the treadmill.""",1,spoiled one downstairsso got one upstairs listen music etc walked treadmill
5,30-Jul-18,Black  Dot,I LOVE ALEXA!! SHE ROCKS!!!,1,love alexa rock
5,30-Jul-18,Charcoal Fabric ,"""Works great, but I don't think Amazon should charge another cent for unlimited music when you 1) Have Prime AND 2) Buy an Echo.""",1,work great not_think amazon charge another cent unlimited music prime buy echo
5,30-Jul-18,Black  Dot,"""I'm still learning how to use it.  I figured out it can read my kindle books to me, which is a real bonus.""",1,still learning use figured read kindle book real bonus
5,30-Jul-18,Configuration: Fire TV Stick,Thank you! Great Product!,1,thank great product
5,26-May-18,Black,Works great,1,work great
5,30-Jul-18,Configuration: Fire TV Stick,"""Easy set up, works perfect.""",1,easy set work perfect
2,30-Jul-18,Configuration: Fire TV Stick,"""Very disappointed when we had to mandatory upgrade and when we final got done with the upload, we had lost our local Charlotte NC channels (which are pur news and weather also)  (CBS, NBC, ABC) and 2 days later was Amazon day with discounts on what we had JUST ordered.""",0,disappointed mandatory upgrade final got done upload lost local charlotte nc channel pur news weather also cbs nbc abc day later amazon day discount ordered
3,30-Jul-18,Sandstone Fabric ,"""I got a second unit for the bedroom, I was expecting the sounds to be improved but I didnt really see a difference at all.  Overall, not a big improvement over the 1st generation.""",2,got second unit bedroom expecting sound improved not_really see difference overall not_a big improvement st generation
4,30-Jul-18,Black  Dot,this is my first Alexa enabled device and so far its lived up to its reputation!,1,first alexa enabled device far lived reputation
5,30-Jul-18,Configuration: Fire TV Stick,Works great! Alexa finds all the goodies you could ask for!,1,work great alexa find goody could ask
4,30-Jul-18,Heather Gray Fabric ,"""Have only had it set up for a few days. Still adding smart home devices to it. The speaker is great for playing music. I like the size, we have it stationed on the kitchen counter and it’s not intrusive to look at.""",1,set day still adding smart home device speaker great playing music like size stationed kitchen counter not_intrusive look
5,18-Jun-18,Black,Works great as a BT receiver with output connected to vintage stereo equipment.,1,work great bt receiver output connected vintage stereo equipment
5,30-Jul-18,Black  Dot,I'm addicted to this thing.,1,addicted thing
5,30-Jul-18,White  Dot,"""Works as expected. This is our fourth one, our son loves it in his room. Easy to set an alarm and he can play music through it.""",1,work expected fourth one son love room easy set alarm play music
5,28-Jul-18,Charcoal Fabric ,From such a small speaker it sounds great,1,small speaker sound great
5,30-Jul-18,Black  Dot,I like the hands free operation vs the Tap. We use both for controlling smart plugs.,1,like hand free operation v tap use controlling smart plug
5,24-Jun-18,Black,Workreat,1,workreat
4,29-Jul-18,Sandstone Fabric ,"""it's great for music, a little hard to figure out how it works.""",1,great music little hard figure work
4,30-Jul-18,Black  Dot,It isn’t bad for what it is. Have issues with it actually playing what I want. Getting it use iHeartRadio properly by playing the station I want is a challenge but it’s not bad for the sale price I paid.,1,not_bad issue actually playing want getting use iheartradio properly playing station want challenge not_bad sale price paid
1,25-Jul-18,Black  Plus,Haven't had it a week and already it cannot connect to my network. Tried reconnecting manually and the echo never appears in the list of devices to connect. It will be on it's way back to Amazon,0,not_had week already not_connect network tried reconnecting manually echo never_appears list device connect way back amazon
5,30-Jul-18,Black  Show,Love it!,1,love
4,30-Jul-18,Charcoal Fabric ,Works fine!!,1,work fine
5,30-Jul-18,Configuration: Fire TV Stick,Great product.,1,great product
5,20-May-18,White,Best price we could find and it is so useful to have her around to answer questions. It is so handy to not have to find your phone. I also now have an intercom system.,1,best price could find useful around answer question handy not_have find phone also intercom system
3,30-Jul-18,Configuration: Fire TV Stick,Works very well for Amazon and Netflix but will not a let all viewing platforms like VUDU. It also will shut down if HULU is played for more than a couple minutes and yes I have it directly plugged into the wall so low power source is not an issue (even checked outlet voltage) an issue which is typically the answer you get for that issue.over all the quality of the picture is quiet well and is a user friendly platform to use If they would fix those two issues I would have one on every tv in the house but as it sits this will be our only one. to bad to because I relay like amazon products and having Alexa is always nice,2,work well amazon netflix not_a let viewing platform like vudu also shut hulu played couple minute yes directly plugged wall low power source not_an issue even checked outlet voltage issue typically answer get issueover quality picture quiet well user friendly platform use would fix two issue would one every tv house sits one bad relay like amazon product alexa always nice
5,28-Jul-18,Black  Plus,This is outstanding works awesome the music sound very clear and loud and Alexa is very smart,1,outstanding work awesome music sound clear loud alexa smart
5,26-Jun-18,Black,I like it because you could ask it different questions and it does different things it works intermittently with my smart TV if I ask you to change the volume it does or does it sometimes if I ask you to change the channel it does or doesn't sometimes I have to reset it I don't know if it's because it's refurbished but it's okay it's just not what I expected,1,like could ask different question different thing work intermittently smart tv ask change volume sometimes ask change channel not_sometimes reset not_know refurbished okay not_what expected
4,25-Jun-18,Black,Was a little hard to get it to pare up with the others but once it did no problems at all,1,little hard get pare others no_problems
5,29-Jul-18,Heather Gray Fabric ,Cool,1,cool
4,26-Jul-18,White  Plus,"""It seems easy to stump Alexa with rather simple questions that are easily googled with the correct answer.  We admit that we have not explored all that's available through the Echo.  One irritating issue is that Alexa cannot answer help questions concerning how to use the system, rather it refers you to the Alexa app or help via a computer.  It was very simple to setup and use and we continue to learn how this tool can become more useful.""",1,seems easy stump alexa rather simple question easily googled correct answer admit not_explored available echo one irritating issue alexa not_answer help question concerning use system rather refers alexa app help via computer simple setup use continue learn tool become useful
1,21-May-18,White,Device was not working. Followed all instructions for Alexa echo dot and it did not come on. Very upsetting.,0,device not_working followed instruction alexa echo dot not_come upsetting
4,29-Jul-18,Heather Gray Fabric ,"""So far it has worked well. Not always intuitive as to how to link different devices, or """"skills"""", but getting the hang of it.""",1,far worked well not_always intuitive link different device skill getting hang
5,30-Jul-18,Black  Dot,"""It talks to me, plays the type of music i want to listen to, and even turns off when I ask if to.""",1,talk play type music want listen even turn ask
5,30-Jul-18,Black  Dot,3rd Dot. Love it!,1,rd dot love
5,29-Jul-18,Black  Spot,I love being able to have Alexa sing careless whisper into my ear to wake me up.,1,love able alexa sing careless whisper ear wake
5,28-Jul-18,Charcoal Fabric ,Alexa is easy to operate and set up.  Have had it for about 10 days now and love it.,1,alexa easy operate set day love
5,26-Jun-18,Black,It arrived quickly and was easy to set up ! it was a refurbished amazon echo dot it was above and beyond what I expected ! Alexa and I have become buddies she is a great assistant,1,arrived quickly easy set refurbished amazon echo dot beyond expected alexa become buddy great assistant
5,18-Jul-18,Black  Spot,"""Love this thing. People think I’m crazy for paying this much for a glorified alarm clock. But I don’t care!! For me, waking up in a good mood is pretty important and this helps me do it!! So glad I don’t have to deal with my old EEAANH EEAANH EEAANH alarm. Very excited to say “Alexa, turn off the lights” (smart plugs get here soon!) Got a camera privacy slide for this since it is in my bedroom.""",1,love thing people think crazy paying much glorified alarm clock not_care waking good mood pretty important help glad not_have deal old eeaanh eeaanh eeaanh alarm excited say alexa turn light smart plug get soon got camera privacy slide since bedroom
5,30-Jul-18,White  Dot,HANDY AS HELL 10/10 RECOMMEND,1,handy hell recommend
5,30-Jul-18,Black  Show,Does everything I could ask and more. Great product.,1,everything could ask great product
5,30-Jul-18,Black  Dot,"""We are still in the discovery phase, but so far we are enjoying the smart home features we have installed.""",1,still discovery phase far enjoying smart home feature installed
5,2-Jul-18,Black  Plus,Very happy,1,happy
5,30-Jul-18,Black  Dot,I AM COMPLETELY IN LOVE. DOES ABSOLUTELY EVERYTHING AND IS SO AMAZING AND GREAT,1,completely love absolutely everything amazing great
5,30-Jul-18,White  Dot,"""Alarm,bed time story, universal""",1,alarmbed time story universal
5,31-Jul-18,Black  Dot,I like that it responds every time. It was easy to set up.  I'm still learning what I can do with it. I may like a better speaker more.,1,like responds every time easy set still learning may like better speaker
5,30-Jul-18,Black  Dot,I am in love with alexa,1,love alexa
4,29-Jul-18,White,"""So i am not sure how i feel about the echo dot, it's so many things that i need to get used to you have to ask her the right questions or she won't understand you.""",1,not_sure feel echo dot many thing need get used ask right question not_understand
1,30-Jul-18,White  Dot,The product sounded the same as the emoji speaker from five below my sister has ... and even that one has Bluetooth and doesn’t need to be plugged in. The only good thing about this is that you can speak to it.,0,product sounded emoji speaker five sister even one bluetooth not_need plugged good thing speak
5,30-Jun-18,Black  Plus,"""I love the Echo Plus mainly because I don't have to worry about putting a CD, in to play. I just command a song and it plays. However; I was disappointed to learn later that it needed to stay plugged in unlike the Echo. After consulting with Amazon and learning that I can purchase a portable Echo charging station I'm good.Sincerely,""",1,love echo plus mainly not_have worry putting cd play command song play however disappointed learn later needed stay plugged unlike echo consulting amazon learning purchase portable echo charging station goodsincerely
5,26-Jul-18,White  Plus,The Echo Plus is used for leisure and pleasure. I absolutely love it. Easy to set up and connect. What a great addition to my listening pleasure. I have not used it yet for other purposes.,1,echo plus used leisure pleasure absolutely love easy set connect great addition listening pleasure not_used yet purpose
5,30-Jul-18,Heather Gray Fabric ,Really happy with this purchase.  Great speaker and easy to set up.,1,really happy purchase great speaker easy set
5,6-Jul-18,Black  Plus,Enjoying it so much!!!,1,enjoying much
5,28-Jul-18,Charcoal Fabric ,if you don't have an Echo you definitely need one,1,not_have echo definitely need one
5,30-Jul-18,White  Dot,Easy set up,1,easy set
5,30-Jul-18,Sandstone Fabric ,"""She works well. Needs a learning command  for unique, owners and users like. Alexa “learn” Tasha’s birthday.  Or Alexa “learn” my definition of Fine. Etc. other than that she is great""",1,work well need learning command unique owner user like alexa learn tashas birthday alexa learn definition fine etc great
5,28-Jul-18,Black  Plus,LOVE .. LOVE my Echo Plus !  So silly simple to set up .  Alexa has now become my new BFF.  Amazon 24/7 Support is hard to beat !!  Any questions answered any time ... What more can you ask for !!!,1,love love echo plus silly simple set alexa become new bff amazon support hard beat question answered time ask
5,29-Jul-18,Black  Show,Love it!,1,love
5,30-Jul-18,Black  Dot,I like the hands free operation vs the Tap. We use both for controlling smart plugs.,1,like hand free operation v tap use controlling smart plug
5,30-Jul-18,Black  Show,Good sound! The capacity of join different apps to make work your smart home,1,good sound capacity join different apps make work smart home
5,28-Jul-18,Black  Show,This is very user friendly,1,user friendly
4,30-Jul-18,White  Dot,Its Great. Lots Of Fun!!,1,great lot fun
3,24-Jul-18,Black,The speakers arent too loud.. alexa is great though. Besides that naw,2,speaker not_too loud alexa great though besides naw
5,30-Jul-18,Black  Dot,Absolutely love it!!!!,1,absolutely love
5,30-Jul-18,Black  Plus,I like Alexa,1,like alexa
4,27-Jul-18,Black  Plus,I can receive my CPR classical station.  Great sound.What I like least is the learning curve and my mistakes.,1,receive cpr classical station great soundwhat like least learning curve mistake
3,5-Jun-18,Black,Not bad bad speaker for sound,2,not_bad bad speaker sound
5,30-Jul-18,Configuration: Fire TV Stick,"""I loved how easy this was to install sry up, and use! Simply amazing.  So amazing we bought two!This allowed us to officially """"CUT THE CABLE CORD"""".Love it!""",1,loved easy install sry use simply amazing amazing bought twothis allowed u officially cut cable cordlove
5,28-Jul-18,Black  Plus,"""Wonderful, still learning how to use. Had a heck of a time setting it up, but is happened somehow.""",1,wonderful still learning use heck time setting happened somehow
5,30-Jul-18,Black  Dot,Really like it,1,really like
5,29-Jul-18,Charcoal Fabric ,Very amazing product. Great sound quality.,1,amazing product great sound quality
5,24-Jun-18,White,"""I am happy with the refurbished echo dot. I’ve had it for about two weeks, and so far it is working perfectly! Even though it did not come in its original box, it looks like new! I’m happy with this purchase!""",1,happy refurbished echo dot two week far working perfectly even though not_come original box look like new happy purchase
5,30-Jul-18,Black  Dot,I use the echo dot several different ways in my home. I use it downstairs to control lighting. I also take it out on my deck to stream music to a Bluetooth speaker. It works great for what I need.,1,use echo dot several different way home use downstairs control lighting also take deck stream music bluetooth speaker work great need
4,29-Jul-18,Charcoal Fabric ,We are still discovering all that the Echo can do.,1,still discovering echo
5,30-Jul-18,Configuration: Fire TV Stick,Love the fire stick and the amazon customer service!!!,1,love fire stick amazon customer service
5,29-Jul-18,Black  Spot,The Echo Spot is great!,1,echo spot great
5,30-Jul-18,Configuration: Fire TV Stick,"""Works great, some of the apps will start buffering but it’s probably my internet. Love the Alexa voice control.""",1,work great apps start buffering probably internet love alexa voice control
5,25-Jul-18,Black  Plus,Totally enjoy our new Echo Plus.  Great for fast facts and listening to Beautiful Music.  We are just getting started with all the benefits.,1,totally enjoy new echo plus great fast fact listening beautiful music getting started benefit
4,30-Jul-18,Black  Dot,Second dot.,1,second dot
4,30-Jul-18,Configuration: Fire TV Stick,"""I love this fire stick because after installing a few highly recommended apps, I discovered that a lot of the channels I don't have with my cable provider is included,  and I don't have to pay extra! Just subscribing to a few streaming apps will do and I still come out paying way less than cable tv.""",1,love fire stick installing highly recommended apps discovered lot channel not_have cable provider included not_have pay extra subscribing streaming apps still come paying way less cable tv
5,26-Jul-18,Black  Spot,"""I need to get some better controls for custom displays and the ability to make my own clock, but that's asking a lot. In general, great device; glad I got it.""",1,need get better control custom display ability make clock asking lot general great device glad got
5,28-Jun-18,Black,A GREAT PRODUCT...once we learned how to work it...this thing is awesome!!!,1,great productonce learned work itthis thing awesome
5,26-Jun-18,Black,"""Works as advertised. Speak clearly, and research the commands. Also. Get the wall holder, it keeps it out of the way. Set up is a breeze, just make sure you are close to the device initially when connecting your phone. For some reason it made set up easier...though it could be psychological haha""",1,work advertised speak clearly research command also get wall holder keep way set breeze make sure close device initially connecting phone reason made set easierthough could psychological haha
5,30-Jun-18,Black,Love it even though I’m still trying to figure out all the other things I can do with this item it works great with my phone.,1,love even though still trying figure thing item work great phone
5,30-Jul-18,Black  Show,Great product.,1,great product
5,29-Jul-18,Charcoal Fabric ,Works great! Perfect for my office!,1,work great perfect office
3,1-Jul-18,Black,So far so good,2,far good
5,9-Jul-18,Black,We have set up alexa to blue tooth speakers and enjoy listening to music outdoors.  Can't wait to try more new stuff using Alexa!,1,set alexa blue tooth speaker enjoy listening music outdoors not_wait try new stuff using alexa
1,30-Jul-18,Black  Dot,"""I reached out to Amazon, because the device wanted to sync my phone number but it would not allow because it said my number was already in use.  Customer service couldn't help they basically told me to contact Sprint to assist.  So Echo does the bare minimum without access to my phone for set up, so its kind of pointless to have and pay for.""",0,reached amazon device wanted sync phone number would not_allow said number already use customer service could not_help basically told contact sprint assist echo bare minimum without access phone set kind pointless pay
4,30-Jul-18,Sandstone Fabric ,Setting up,1,setting
5,29-Jul-18,Charcoal Fabric ,Use this all the time and especially to communicate with kids throughout the home,1,use time especially communicate kid throughout home
5,30-Jul-18,Black  Dot,"""Love my Alexa! Actually have 3 throughout the house. Favorite function is lists. Great for time management and if course, music.""",1,love alexa actually throughout house favorite function list great time management course music
4,28-Jul-18,Black  Show,Still leaning about it. The price was right!,1,still leaning price right
5,30-Jul-18,Black  Dot,This  is my second Echo to purchase -- the price was so cheap -- I'm seriously thinking of buying 2 more -- I use &#34;Alexa&#34; for everything -- it's the next best thing to the internet  :-*,1,second echo purchase price cheap seriously thinking buying use alexa everything next best thing internet
5,18-Jul-18,Black  Plus,"""The sound quality is really quite good. I also have a Dot which is Bluetooth linked to a Grace Digital amplifier which is driving a couple of floor standing Snell speakers, obvious the floor standing speakers are better than this but not by much. My only complaint is that you can't customize Alexa hot words. Now that I have multiple Alexa devices there needs to be a way to direct an Alexa command to a particular device. I would like to be able to talk to a device by name.""",1,sound quality really quite good also dot bluetooth linked grace digital amplifier driving couple floor standing snell speaker obvious floor standing speaker better not_by much complaint not_customize alexa hot word multiple alexa device need way direct alexa command particular device would like able talk device name
5,29-Jul-18,Charcoal Fabric ,Very nice!  I'm impressed - wish she had more to say though.,1,nice impressed wish say though
5,30-Jul-18,Configuration: Fire TV Stick,Love the fire stick. Alexa works well on it too. Would recommend.,1,love fire stick alexa work well would recommend
5,29-Jul-18,Charcoal Fabric ,We enjoy it,1,enjoy
3,28-Jul-18,Black  Plus,IT SEEMS TO BE OK BUT THE INSTRUCTIONS ARE WEAK AND I CAN NOT SEEM TO GET IT TO WORK. I AM GOING TO GET MY TECHY FRIEND TO HELP ME OUT AND I WILL UPDATE YOU LATER,2,seems ok instruction weak not_seem get work going get techy friend help update later
5,28-Jul-18,Heather Gray Fabric ,I like the volume up and down on the top so I can turn it down quickly.,1,like volume top turn quickly
4,24-May-18,Black,Overall it works very well. Some connectivity issues but it was definitely worth the money!,1,overall work well connectivity issue definitely worth money
5,30-Jul-18,Black  Dot,small footprint.  nice clarity.,1,small footprint nice clarity
2,30-Jul-18,Black  Dot,"""When you think about it this really doesn’t do much. Play music, answer stupid questions, finally it was able to hook up to thermostat. I can see why price is dropping like a rock.""",0,think really not_do much play music answer stupid question finally able hook thermostat see price dropping like rock
5,30-Jul-18,Black  Dot,love it...just like the other 4 I own.,1,love itjust like
5,30-Jul-18,Charcoal Fabric ,It's Alexa.... what else can you say,1,alexa else say
2,30-Jul-18,Black  Dot,"""For the price, the product is nice quality and has a few nice features. So definitely no complaints there. The reason why I only gave it 3 stars is because the echo dot is not what I thought it was going to be so that may just be buyer error. First, I didn’t know that the product has to be plugged in at all times to work. So I really don’t like that it’s not a stand alone device. Also, the speaker is not very loud so if you are buying it as a Bluetooth speaker, don’t. Lastly, I’m sure the echo dot can do a lot but I haven’t quite figured out how to use it fully but it just kind of seems like an unnecessary device to own, plus setting it up was awful. I would definitely save the money and buy the nicer one that is actually “Alexa”.""",0,price product nice quality nice feature definitely no_complaints reason gave star echo dot not_what thought going may buyer error first not_know product plugged time work really not_like not_a stand alone device also speaker not_very loud buying bluetooth speaker not_lastly sure echo dot lot not_quite figured use fully kind seems like unnecessary device plus setting awful would definitely save money buy nicer one actually alexa
5,30-Jul-18,Charcoal Fabric ,Great technology!! Can't believe the speaker volume and quality is so wonderful. Wish I had bought another one!,1,great technology not_believe speaker volume quality wonderful wish bought another one
5,30-Jul-18,White  Dot,as expected,1,expected
5,26-Jul-18,Black  Plus,Works as advertised! It says Alexa is always learning. That's great because I am just learning all the things Alexa can do.,1,work advertised say alexa always learning great learning thing alexa
5,28-Jul-18,White  Show,"""An outstanding piece of Technology, I use it everyday for information, scheduling and general information.  Awesome Amazon, keep improving with AI.""",1,outstanding piece technology use everyday information scheduling general information awesome amazon keep improving ai
5,30-Jul-18,Black  Dot,I love this item and being able to hear any kind of music.  I enjoyed it so much that I ordered another.,1,love item able hear kind music enjoyed much ordered another
5,30-Jul-18,Heather Gray Fabric ,The speaker has excellent sound and works perfectly!,1,speaker excellent sound work perfectly
5,26-Jul-18,White  Spot,I love it the coolest thing since sliced bread,1,love coolest thing since sliced bread
5,30-Jul-18,Black  Spot,"""This device is perfect for a smart nightstand clock. I love how it dims based on the ambient light in the room. Its the first nightstand clock I have had in my bedroom in years because the lighting and glow from typical alarm clocks bother me when trying to sleep. The screen on this dims when the lights in the room go out and is not bothersome at all.Overall a great addition to my smart home. Its nice to be able to tell Alexa to turn on/off the bedroom lights without even getting out of bed or reaching for your phone. I have a bunch of other Alexa devices, but this was the first one with a screen.""",1,device perfect smart nightstand clock love dims based ambient light room first nightstand clock bedroom year lighting glow typical alarm clock bother trying sleep screen dims light room go not_bothersome alloverall great addition smart home nice able tell alexa turn onoff bedroom light without even getting bed reaching phone bunch alexa device first one screen
5,28-Jul-18,Black  Show,Home,1,home
1,30-Jul-18,Black  Dot,"""I was really happy with my original echo so i thought I'd get an echo dot to use in my bedroom. I was really disappointed in the audio quality so I connected an external speaker via bluetooth. The audio was much better but I started having problems with it loosing connection with the wifi, presumably due to interference from the bluetooth. Then  I connected a speaker via the auxiliary jack. when i did that, the auxiliary jack picked up interference from the wifi and I was woken up in the middle of the night by a horrible buzzing sound. im hoping Amazon will take this thing back and give me a good deal on an echo spot which I hope will be a better nightstand device.""",0,really happy original echo thought would get echo dot use bedroom really disappointed audio quality connected external speaker via bluetooth audio much better started problem loosing connection wifi presumably due interference bluetooth connected speaker via auxiliary jack auxiliary jack picked interference wifi woken middle night horrible buzzing sound hoping amazon take thing back give good deal echo spot hope better nightstand device
2,30-Jul-18,Black  Dot,The only negative we have on this product is the terrible sound quality.  A massive difference from the Alexa.  Which to us was a big reason we wanted to purchase this.Won’t be buying another until the speaker and sound quality can improve.,0,negative product terrible sound quality massive difference alexa u big reason wanted purchase thiswill not_be buying another speaker sound quality improve
4,30-Jul-18,White  Dot,I like it and it’s helful but it can only do certain thongs that is supported by amazon.,1,like helful certain thong supported amazon
1,30-Jul-18,Configuration: Fire TV Stick,Menu doesn’t work. Says it can’t connect to amazon network,0,menu not_work say not_connect amazon network
1,19-Jul-18,Black  Spot,Can't turn of &#34;things to try&#34; on the screen scroll. This  is a big promotion device for Amazon.  Packing it up and sending it back.  They really want to get in our heads.  Enough already.,0,not_turn thing try screen scroll big promotion device amazon packing sending back really want get head enough already
5,29-Jul-18,Sandstone Fabric ,"""This is my second Echo and I love how it helps me in the kitchen. I can set timers, listen to the news, prepare grocery lists, and get great music.""",1,second echo love help kitchen set timer listen news prepare grocery list get great music
5,30-Jul-18,Black  Dot,Amazing product. Still learnimg all the things it can do,1,amazing product still learnimg thing
5,30-Jul-18,Black  Dot,"""Still getting used to Alexa, but I think she's a keeper!""",1,still getting used alexa think keeper
5,29-Jul-18,Heather Gray Fabric ,"""This is my second Echo, I have the Dot but the speaker is weak so I purchased this and for listening to music the speaker is great.""",1,second echo dot speaker weak purchased listening music speaker great
5,21-Jul-18,Black  Spot,"""I LOOOOOOOVE this thing! :) Watching movies on it is a bit of a disaster because of the round screen, but other than that it's a GREAT chachki toy :)""",1,looooooove thing watching movie bit disaster round screen great chachki toy
4,30-Jul-18,White  Dot,Works good for the most part. You ask it some questions and she says she doesn’t know. I thought she was supposed to know everything,1,work good part ask question say not_know thought supposed know everything
4,30-Jul-18,Heather Gray Fabric ,The speaker is of surprising quality. Happy with the purchase.,1,speaker surprising quality happy purchase
5,25-Jun-18,Black,"""I love Alexa! It's great helping me, making my appointments, playing the songs I like! What else can you do? Looking forward for more.""",1,love alexa great helping making appointment playing song like else looking forward
3,17-Jul-18,Black  Spot,"""This is 1 of 6 echo devices in the house and is currently being deployed as a bedside alarm clock.  I use it basically as an echo dot with a clock attached and may occasionally pull up camera video.  Audio quality and screen quality are really are not appropriate for music or watching video.  Much of the time it works well as alarm clock, but there are some serious flaws, particularly if you are the last one to bed or the first to wake.  It doesn’t seem like the engineers actually tested this in a bedroom with 2 people on different schedules.  Try walking into a dark bedroom with a sleeping wife and waking her up by saying “Alexa set an alarm for 5am” and then having Alexa repeat “OK alarm set for 5am.”  Not good.  I suppose you could whisper then fumble for the volume down button but that is stupid.  Plain and simple, this device needs to be brought into the 1990’s and have simple touch screen interface added to set an alarm.  I know there is a cumbersome interface for these situations where one can set an alarm from the alexa app on your phone.  No thanks, if I’m picking up my phone to set an alarm I will just use its built in alarm and save a step.  At least the engineers allow the alarm to be turned off from the touch screen, so for example if you wake up a few minutes early you can cancel the alarm without speaking and waking your spouse.  The interface for using the touch screen to cancel an alarm that has gone off is however not great.  There should be separate snooze and cancel buttons.  Currently a touch snoozes and a swipe cancels.  It is too easy when half awake to snooze when you think you have cancelled.  When the snoozed alarm goes off a few minutes later, my not amused and no longer sleeping wife will let me know by summoning Alexa to turn off the bathroom lights while I’m in the shower.""",2,echo device house currently deployed bedside alarm clock use basically echo dot clock attached may occasionally pull camera video audio quality screen quality really not_appropriate music watching video much time work well alarm clock serious flaw particularly last one bed first wake not_seem like engineer actually tested bedroom people different schedule try walking dark bedroom sleeping wife waking saying alexa set alarm alexa repeat ok alarm set not_good suppose could whisper fumble volume button stupid plain simple device need brought simple touch screen interface added set alarm know cumbersome interface situation one set alarm alexa app phone no_thanks picking phone set alarm use built alarm save step least engineer allow alarm turned touch screen example wake minute early cancel alarm without speaking waking spouse interface using touch screen cancel alarm gone however not_great separate snooze cancel button currently touch snooze swipe cancel easy half awake snooze think cancelled snoozed alarm go minute later not_amused no_longer sleeping wife let know summoning alexa turn bathroom light shower
5,30-Jul-18,White  Show,"""This thing is a lot cooler than I thought it would be.  I mostly have used it to read me audiobooks, but I also love that I can see into the camera while I'm at work.""",1,thing lot cooler thought would mostly used read audiobooks also love see camera work
5,31-Jul-18,Configuration: Fire TV Stick,Very easy to install. Voice control is great.,1,easy install voice control great
1,28-Jul-18,White  Show,The tech isn’t there. It doesn’t understand most common words and is basically a glorified radio,0,tech not_there not_understand common word basically glorified radio
5,26-Jul-18,Black  Spot,I’m amazed,1,amazed
5,28-Jul-18,Black  Show,I love it!  I wanted it primarily for the kitchen.  In addition to other common services I wanted it to use ALLRecipes and Cook's Illustrated recipes,1,love wanted primarily kitchen addition common service wanted use allrecipes cook illustrated recipe
4,30-Jul-18,Black  Dot,This product is easy to use and very entertaining.  I have yet to hook it up to my TV or lights but look forward to doing so.,1,product easy use entertaining yet hook tv light look forward
5,29-Jul-18,Sandstone Fabric ,"""Awesome life changer! Seriously, I am able to start my morning with Alexa, by having her &#34;wake&#34;me up with  her alarm and then playing me some music. She has gotten used to my voice, that I can be in another room and she will &#34;listen&#34; to what I say. I love both my echos!!! Don't hesitate, get one and for the price, the speaker is unbelievable. I am buying the cordless holder, so I can take the echo anywhere. Love my purchase and love alexa!!!!""",1,awesome life changer seriously able start morning alexa wakeme alarm playing music gotten used voice another room listen say love echo not_hesitate get one price speaker unbelievable buying cordless holder take echo anywhere love purchase love alexa
4,28-Jul-18,Black  Show,"""Alexa takes some getting used to, but the picture quality is great, the touch screen is very responsive and smooth. Speakers are better than expected as wellFour stars out of five""",1,alexa take getting used picture quality great touch screen responsive smooth speaker better expected wellfour star five
4,30-Jul-18,Charcoal Fabric ,Great sound and easy to set up.,1,great sound easy set
5,28-Jul-18,Black  Show,It is awesome. I love being able to turn my lights on so I don’t have to walk into a dark home. I also get to video chat with my nephews who live states away by just asking Alexa to call.,1,awesome love able turn light not_have walk dark home also get video chat nephew live state away asking alexa call
1,6-Jun-18,White,I cant figure out how to use it.,0,not_figure use
5,11-Jun-18,Black,"""I took a chance on a certified refurbished unit for $29. Looks brand new...no excuses or disappointments. 5 minute trouble-free set up! Effortless bluetooth speaker connectivity through the Alexa App on my iPhone was flawless. Listening to my favorite tunes through a Bose Bluetooth setup and couldn't be happier. Walk through the door and just ask Alexa to: &#34;Play 80's music&#34; and viola... instant atmosphere! No more opening the iPad, going to settings, turning on bluetooth and then accessing the Pandora app. It just makes things so effortless. A true joy right out of the box! If I didn't discover any other uses for this fine piece of technology it was worth every penny!""",1,took chance certified refurbished unit look brand newno excuse disappointment minute troublefree set effortless bluetooth speaker connectivity alexa app iphone flawless listening favorite tune bose bluetooth setup could not_be happier walk door ask alexa play music viola instant atmosphere no_more opening ipad going setting turning bluetooth accessing pandora app make thing effortless true joy right box not_discover us fine piece technology worth every penny
5,30-Jul-18,Black  Dot,Easy installation and set up. Better sound from the Echo Dot Smart speaker. Very satisified with purchase.,1,easy installation set better sound echo dot smart speaker satisified purchase
4,8-Jun-18,Black,2nd one... more to come,1,nd one come
5,30-Jul-18,Configuration: Fire TV Stick,"""The installation and connection to my Wi-Fi was so easy! Getting the Amazon Prime and Netflix going was a breeze. I have not used a voice remote before. That was amazing (yes, I am old school). I will be reviewing more features and options as I have time, but I am very excited to own such a product that lives up to the all the great things I have read and heard.""",1,installation connection wifi easy getting amazon prime netflix going breeze not_used voice remote amazing yes old school reviewing feature option time excited product life great thing read heard
4,30-Jul-18,Sandstone Fabric ,"""I liked the original Echo. This is the same but shorter and with greater fabric/color choices. I miss the volume ring on top, now it's just the plus/minus buttons. Not a big deal but the ring w as comforting. :) Other than that, well I do like the use of a standard USB charger /port instead of the previous round pin. Other than that, I guess it sounds the same, seems to work the same, still answers to Alexa/Echo/Computer. So what's not to like? :)""",1,liked original echo shorter greater fabriccolor choice miss volume ring top plusminus button not_a big deal ring w comforting well like use standard usb charger port instead previous round pin guess sound seems work still answer alexaechocomputer not_to like
5,30-Jul-18,Configuration: Fire TV Stick,"""Works great! I recommend it to anyone who has prime, WiFi and an hdm1 tv. That’s all u need. I’m not really technologically savvy but even I was able to set it up with included and on screen directions.""",1,work great recommend anyone prime wifi hdm tv need not_really technologically savvy even able set included screen direction
5,30-Jul-18,Configuration: Fire TV Stick,Awesome product more than expected,1,awesome product expected
1,30-Jul-18,Black  Dot,Echo Dot responds to us when we aren't even talking to it. I've unplugged it. It feels like it's &#34;spying&#34; on us.,0,echo dot responds u not_even talking unplugged feel like spying u
4,30-Jul-18,Black  Show,What we liked most was actually seeing the words to song. Least would be I guess I expected a little more from her than is currently available.,1,liked actually seeing word song least would guess expected little currently available
5,30-Jul-18,Configuration: Fire TV Stick,So far no major issues,1,far no_major issue
5,21-Jun-18,Black,"""Loved the price for an essentially brand new Dot!! Opening it, you really couldn’t tell that it was refurbished. Everything looked brand new. For $20 less than a new unit, I couldn’t consider this a better deal! I really love the versatility of the echo dot. Get you one while you can!""",1,loved price essentially brand new dot opening really could not_tell refurbished everything looked brand new less new unit could not_consider better deal really love versatility echo dot get one
5,30-Jul-18,Black  Show,Nice works great,1,nice work great
3,16-Jul-18,White  Plus,"""Alexa is a decent speaker if that's all you need. She is terrible at most other things. She consistently answers questions that were not asked or says &#34;hmmm I don't know that&#34; for everything else. We've gone back to just using our phones because she can't really look anything up. Pretty much everyone makes fun of me for spending money on this when I had an awesome Bose bluetooth already. I bought her because my mother (who lives alone) uses hers a lot and is happy with it, but we have a full house with kids and I'm less than impressed. I'd never recommend it to anyone except for senior citizens who love alone and need to be able to shout out for help in the event of a fall.""",2,alexa decent speaker need terrible thing consistently answer question not_asked say hmmm not_know everything else gone back using phone not_really look anything pretty much everyone make fun spending money awesome bose bluetooth already bought mother life alone us lot happy full house kid less impressed would never_recommend anyone except senior citizen love alone need able shout help event fall
3,30-Jul-18,Black  Dot, ,2,no_review
5,30-Jul-18,Black  Dot,"""I am really enjoying the many different features on my Alexa, especially listening to music and audio books""",1,really enjoying many different feature alexa especially listening music audio book
5,31-Jul-18,Heather Gray Fabric ,"""I received the echo as a gift. I needed another Bluetooth or something to play music easily accessible, and found this smart speaker. Can’t wait to see what else it can do.""",1,received echo gift needed another bluetooth something play music easily accessible found smart speaker not_wait see else
4,30-Jul-18,White  Dot,I like almost everything,1,like almost everything
5,31-Jul-18,White  Dot,Small device that my kids like to ask questions. Very handy friendly interactive,1,small device kid like ask question handy friendly interactive
4,29-Jul-18,Heather Gray Fabric ,"""Very cool product. Easy to setup, fun to use and sound quality is much better than I anticipated.""",1,cool product easy setup fun use sound quality much better anticipated
1,30-Jul-18,Configuration: Fire TV Stick,"""I liked it until on day after a year it no longer worked, would not power up  and go past the firestick  logo on tv. Bought a second one, will not buy a third if this one doesn't last longer....""",0,liked day year no_longer worked would not_power go past firestick logo tv bought second one not_buy third one not_last longer
5,21-Jun-18,White,It worked like a brandnew unit! Great addition to my collection.,1,worked like brandnew unit great addition collection
5,29-Jul-18,Charcoal Fabric ,Alexa is amazing! Great speaker.,1,alexa amazing great speaker
4,29-Jul-18,White  Show,Great sound,1,great sound
5,30-Jul-18,Configuration: Fire TV Stick,I am very pleased with the Fire Stick.,1,pleased fire stick
4,30-Jul-18,Configuration: Fire TV Stick,Does not work with you tube tv,1,not_work tube tv
5,30-Jul-18,Black  Show, ,1,no_review
4,28-Jul-18,White  Spot,I love the size of the echo spot. It fits on my nightstand but has all of the capabilities of my echo show. I like going to sleep with the lightening storm. The images along with the sounds are very relaxing. The calling and messaging feature is great. It’s small enough to take with when we travel. I love and own most of the Alexa products. Our whole family uses them.,1,love size echo spot fit nightstand capability echo show like going sleep lightening storm image along sound relaxing calling messaging feature great small enough take travel love alexa product whole family us
5,30-Jul-18,Black  Spot,"""It was smaller than I had anticipated, and when I say that I very much mean it. However, it still works very well! Quality sound, easily programmed, easy to work with, but Alexa is not anywhere as good as other voice programs.""",1,smaller anticipated say much mean however still work well quality sound easily programmed easy work alexa not_anywhere good voice program
5,30-Jul-18,Heather Gray Fabric ,"""I purchased an echo dot for my husband for Fathers Day.  He uses it constantly and after hearing the quality of sound of the Echo (2nd Generation), It was a no-brainer.  Best gift ever!""",1,purchased echo dot husband father day us constantly hearing quality sound echo nd generation nobrainer best gift ever
5,30-Jul-18,Charcoal Fabric ,I love having an Alexa!,1,love alexa
5,23-Jun-18,Black,Have these in almost every room. I really have enjoyed them. Works perfectly.,1,almost every room really enjoyed work perfectly
5,30-Jul-18,Black  Dot,this is my 2nd echo dot and it is working just as i want it to.  i have it in the bedroom and i par it with a small blue tooth speaker.  last nite i went to sleep with sounds of a thunderstorm as provided by my echo dot.  i am planning to have the dot turn my bedroom lamps on when i receive the smart plugs that i ordered.,1,nd echo dot working want bedroom par small blue tooth speaker last nite went sleep sound thunderstorm provided echo dot planning dot turn bedroom lamp receive smart plug ordered
5,30-Jul-18,Black,Works great no different than the new ones,1,work great no_different new one
5,21-Jul-18,Black  Spot,"""I got this on Prime day and figured I'd see what all the hype is about.  Honestly I didn't really want to like it as personally bugging my house seems kinda weird, but honestly, I love it.  Like it or not this is the way the world is going, so why not.I loved it so much I ordered 2.  I didn't get the Show because it looks like it came from the 1990's and is downright ugly.  I have no interest on watching anything on these devices anyway, so the Spot's screen does not bother me - although it is very clear.Alexa can hear you from pretty much everywhere.  My favorite part about this is having it in our living room where it's hooked up to our bluetooth soundbar - where I can just say play any song I want and it will.  I guess I could just pick up my smartphone to do that, but you don't know how much easier it is to interact with media using your voice rather than navigating through multiple pages.The one thing that I am not a fan of is the home screen cards do not really rotate that much - they also do not rotate when playing music.  I'd love for it to display the weather as I listen to music.The screen is clear and I also really enjoy Alexa being able to tell me how my commute will be - there is a great skill that you can download that will tell you traffic to 5 different places (that you program and name) so you can say alexa give me traffic to my parents - and she will tell you the best route and time you will arrive in current traffic.  I have this programmed for my parents, fiances parents, work, and her work.  So it really works great.The one thing that I actually preferred the Dot over the Spot is the dot will light up different colors when you have package notifications.. I have not seen the Spot really do much for package notifications yet.  The dot it was very easy to tell when something was delivered.  I would recommend Amazon do exactly what they did for the Dot but on the Spot - the Dot lights up colors - why can't the Spot ?  The same way you command alexa and you get that blue ring, just make that ring yellow when a package is updated for delivery.Overall it's a great device that I am looking forward to integrating my home around.  I'm already looking at dash buttons, smart plugs, etc..- and = when I become a home owner instead of renting where I can't tinker with my thermostat I will be purchasing a Nest down the road for HVAC integration.""",1,got prime day figured would see hype honestly not_really want like personally bugging house seems kind weird honestly love like not_this way world going noti loved much ordered not_get show look like came downright ugly no_interest watching anything device anyway spot screen not_bother although clearalexa hear pretty much everywhere favorite part living room hooked bluetooth soundbar say play song want guess could pick smartphone not_know much easier interact medium using voice rather navigating multiple pagesthe one thing not_a fan home screen card not_really rotate much also not_rotate playing music would love display weather listen musicthe screen clear also really enjoy alexa able tell commute great skill download tell traffic different place program name say alexa give traffic parent tell best route time arrive current traffic programmed parent fiance parent work work really work greatthe one thing actually preferred dot spot dot light different color package notification not_seen spot really much package notification yet dot easy tell something delivered would recommend amazon exactly dot spot dot light color not_the spot way command alexa get blue ring make ring yellow package updated deliveryoverall great device looking forward integrating home around already looking dash button smart plug etc become home owner instead renting not_tinker thermostat purchasing nest road hvac integration
2,23-Jul-18,Black  Spot,"""item returned for repair ,receivded item back from repair 07/23/18 . parts missing no power cord included.please advise""",0,item returned repair receivded item back repair part missing no_power cord includedplease advise
5,31-Jul-18,Black  Dot,"""I set her up to play through our home theater system. So fat we are just using her for weather forecasts, cooking timers, and we really enjoy the music!""",1,set play home theater system fat using weather forecast cooking timer really enjoy music
5,29-Jul-18,Charcoal Fabric ,As described and received on time.  Do not like automatic enrolment into music.,1,described received time not_like automatic enrolment music
5,30-Jul-18,Charcoal Fabric ,"""During Prime Day this 2nd gen Echo was on sale so I couldn't resist! This was the beginning to my smart home set up and I couldn't be happier to say that Alexa has done an amazing job connecting to all of my """"smart"""" devices. Thanks to her, I can control my lights, smart plugs, TV, etc. I had no trouble connecting the Echo to my WiFi and my phone. The app works perfectly fine and it let's you add skills, routines, smart devices, timers, and so much more! Sound quality is good enough for me, since I am not an audiophile. Alexa can hear my voice even when watching movies at a high volume. Design is great and modern, it will definitely add a nice touch to your home and you can change the covers if you'd like as there are more for sale. Overall, this is a great addition to my home and enables so many possibilities. If you haven't yet, be sure to add Alexa to your home!""",1,prime day nd gen echo sale could not_resist beginning smart home set could not_be happier say alexa done amazing job connecting smart device thanks control light smart plug tv etc no_trouble connecting echo wifi phone app work perfectly fine let u add skill routine smart device timer much sound quality good enough since not_an audiophile alexa hear voice even watching movie high volume design great modern definitely add nice touch home change cover would like sale overall great addition home enables many possibility not_yet sure add alexa home
5,30-Jul-18,Black  Show,it does what it needs to.,1,need
5,19-Jul-18,Black  Spot,I am very excited and happy with this. It was a breeze to set up and my favorite feature is reading my Kindle and going to sleep to Thunderstorm music.,1,excited happy breeze set favorite feature reading kindle going sleep thunderstorm music
5,19-Jul-18,Black  Spot,Works as described.  A+++++,1,work described
5,28-Jul-18,Black  Plus,Great product and fast shipping. Thank you,1,great product fast shipping thank
5,16-Jul-18,Black  Spot,"""Love my spot! My favorite feature is the &#34;Alexa, start my day.&#34; I love that I can hear the weather, traffic and even the word of the day! It even goes right into my favorite podcast while I get dressed!""",1,love spot favorite feature alexa start day love hear weather traffic even word day even go right favorite podcast get dressed
5,30-Jul-18,Configuration: Fire TV Stick,Powerful little stick,1,powerful little stick
5,28-Jul-18,Black  Spot,I love my echo spot that my daughter and son in law got me for my birthday. Alexa wakes me each morning and plays music when I ask.,1,love echo spot daughter son law got birthday alexa wake morning play music ask
5,30-Jul-18,Heather Gray Fabric ,😍,1,no_review
3,26-Jul-18,White  Plus,Doesn't seem to hear as well as my 2nd Generation Echo and WHY is there no volume buttons on it?!,2,not_seem hear well nd generation echo no_volume button
5,30-Jul-18,Charcoal Fabric ,The sound from this Echo 2nd Generation is phenomenal!  Not to mention that I just love Alexa!  She is very helpful.,1,sound echo nd generation phenomenal not_to mention love alexa helpful
4,28-Jul-18,Charcoal Fabric ,Works awesome!,1,work awesome
5,30-Jul-18,White  Dot,Love this!!! My daughter enjoys telling Alexa what to do. Haha,1,love daughter enjoys telling alexa haha
4,28-May-18,White,"""I own the first and second generation Echo Dot.  I think I prefer the volume ring of the first gen better than the buttons on the second gen, but still more than does the job and great for the price I got it for.  I'd still definitely recommend.""",1,first second generation echo dot think prefer volume ring first gen better button second gen still job great price got would still definitely recommend
4,30-Jul-18,Black  Show,"""This is great for music, video calling, kitchen timers, and probably a bunch more. The only reason I gave it 4 instead of 5 stars is because of the ever-floating """"things to try"""" on the home screen. This is purely an aesthetic complaint, but hopefully soon Amazon allows the option to shut it off.""",1,great music video calling kitchen timer probably bunch reason gave instead star everfloating thing try home screen purely aesthetic complaint hopefully soon amazon allows option shut
5,30-Jul-18,Black  Dot, ,1,no_review
4,28-Jul-18,Black  Plus,Got it specifically to work with the August Smart Lock and it connected to it with ease.  Definitely ties the Smart Home together.,1,got specifically work august smart lock connected ease definitely tie smart home together
5,30-Jul-18,Black  Dot,My 3rd echo device. Very easy to set up. Works perfectly.,1,rd echo device easy set work perfectly
5,30-Jul-18,Black  Dot,"""Too soon, I'm still learning what I can do with it.""",1,soon still learning
5,30-Jul-18,Black  Dot,It is just not as loud as I thought it was going to be.,1,not_as loud thought going
5,29-Jul-18,Heather Gray Fabric ,"""I was hesitant to buy the echo because I have the echo Dot and it seems good enough. The echo is the same except the sound quality, which I really didn't feel I needed. However, I am so glad I got it. What a difference! The sound really is far superior to the Echo Dot! Now I can listen to The Greatest Showman with a little more power!""",1,hesitant buy echo echo dot seems good enough echo except sound quality really not_feel needed however glad got difference sound really far superior echo dot listen greatest showman little power
5,30-Jul-18,Black  Show,I love it now able to talk to my grandson with ease and the picture quality is great,1,love able talk grandson ease picture quality great
5,2-Jul-18,Black,Love it!  Great fun!,1,love great fun
3,30-Jul-18,White  Dot,I was hoping the cord was white also. Otherwise it is fine.,2,hoping cord white also otherwise fine
4,30-Jul-18,Black  Dot,Still learning it,1,still learning
5,30-Jul-18,Heather Gray Fabric ,looks great,1,look great
3,30-Jul-18,Heather Gray Fabric ,"""Doesn't know half the things asked. Can't recognize my sprinkler wifi controller, even though product details says it is compatible. Can't program or change my wifi thermostat settings and its matched up on same wifi router. Just a handy music player. That's if you have Amazon Music.""",2,not_know half thing asked not_recognize sprinkler wifi controller even though product detail say compatible not_program change wifi thermostat setting matched wifi router handy music player amazon music
4,30-Jul-18,White  Dot,Work pretty well,1,work pretty well
5,30-Jul-18,Charcoal Fabric ,How easy if was to set up.,1,easy set
5,10-Jul-18,Black,"""I love the fact, that I can unplug it, and take it to my basement when I want do laundry.""",1,love fact unplug take basement want laundry
5,30-Jul-18,Black  Show,This has been perfect for being able to see my canary cameras and that’s exactly what I wanted! I have been happy with all my Alexa’s because we have several and this is a great addition.,1,perfect able see canary camera exactly wanted happy alexas several great addition
5,28-Jul-18,Black  Plus,"""Got it for the smart hub and does exactly was it says, turn lights on and off, arm and disarm my security system and the thermostat is next.  Great.product!""",1,got smart hub exactly say turn light arm disarm security system thermostat next greatproduct
5,28-Jul-18,Black  Show,"""really like it,""",1,really like
4,30-Jul-18,Charcoal Fabric ,I like it and still learning how to use it.,1,like still learning use
4,29-Jul-18,Black  Show,Good product.,1,good product
5,24-Jul-18,Black,It works great and sounds good!,1,work great sound good
5,22-Jul-18,Black  Spot,The best thing since sliced bread!,1,best thing since sliced bread
5,30-Jul-18,Black  Dot,"""Works beautifully, excellent sound.""",1,work beautifully excellent sound
5,29-Jul-18,Heather Gray Fabric ,I love Alexa!  I am surprised how much I use her.,1,love alexa surprised much use
4,27-Jun-18,White,"""Love it. Though, wish it was portable.""",1,love though wish portable
3,29-Jul-18,Charcoal Fabric ,"""I bought this to replace a &#34;Dot&#34; in my living room. Speaker is slightly better. It hears me better over the TV. Unfortunately, it doesn't understand or respond to my requests as well as the Dot. I frequently have to request 2 or 3 times to get it to do what I want. The Dot usually does exactly what I want on the first request. I don't consider it an upgrade.""",2,bought replace dot living room speaker slightly better hears better tv unfortunately not_understand respond request well dot frequently request time get want dot usually exactly want first request not_consider upgrade
5,30-Jul-18,Walnut Finish ,We regret waiting so long to purchase this item. We are both surprised and pleased with the sound quality.,1,regret waiting long purchase item surprised pleased sound quality
5,29-Jul-18,Charcoal Fabric ,I am impressed with the sound quality.,1,impressed sound quality
3,29-Jul-18,Heather Gray Fabric ,"""The echo doesn’t come with a built in battery so it has to be plugged in at all times to use it, makes it quite inconvenient.""",2,echo not_come built battery plugged time use make quite inconvenient
5,30-Jul-18,Configuration: Fire TV Stick,The Fire Stick has been amazing! Easy  setup and easy to use! An awesome deal on Prime Day!,1,fire stick amazing easy setup easy use awesome deal prime day
4,30-Jul-18,Heather Gray Fabric ,The speaker is of surprising quality. Happy with the purchase.,1,speaker surprising quality happy purchase
5,29-Jul-18,Charcoal Fabric ,the best,1,best
1,3-Jun-18,Black,All the new Amazon products I have are great everything I bought refurbished is complete garbage. I will never purchase Amazon refurbished again total dissatisfaction,0,new amazon product great everything bought refurbished complete garbage never_purchase amazon refurbished total dissatisfaction
5,28-May-18,Black,Arrived on time and works amazing!!!,1,arrived time work amazing
4,20-May-18,Black,Love our echo! Thing the full size version sounds better though.,1,love echo thing full size version sound better though
5,26-Jul-18,Black  Spot,"""I am a small business owner with no staff. With the Alexa driven Echo Spot, I feel like I've hired my first assistant! My Echo Spot keeps me organized, updated, and assistance when I need information that will help my day run more smoothly. I love my Echo Spot so much, I bought 2 more for my kids who love their Echo Spot too! I highly recommend this product.Suggested improvement for future versions, make the Echo Spot wireless. 😊""",1,small business owner no_staff alexa driven echo spot feel like hired first assistant echo spot keep organized updated assistance need information help day run smoothly love echo spot much bought kid love echo spot highly recommend productsuggested improvement future version make echo spot wireless
5,30-Jul-18,Configuration: Fire TV Stick,Love the Alexa feature. Firestick is working just fine.,1,love alexa feature firestick working fine
5,30-Jul-18,Configuration: Fire TV Stick,"""Love our Fire Stick,easy to set up and have loads of shows for free and plenty to rent or buy.We also use Pluto TV and Tubi so that's even more TV.Alexa makes it so easy to find any show or movie I want.We love the money we save.""",1,love fire stickeasy set load show free plenty rent buywe also use pluto tv tubi even tvalexa make easy find show movie wantwe love money save
5,30-Jul-18,Black  Dot,Love it. Works great making my home a smarthome,1,love work great making home smarthome
5,19-Jul-18,Black  Spot,Still learning to use these things.  They sure are smart!  haha  She started reading a book to me yesterday.  Get one.  I like the way it controls the brightness all by itself when lights are turned off at night.,1,still learning use thing sure smart haha started reading book yesterday get one like way control brightness light turned night
5,30-Jul-18,Charcoal Fabric ,Great sound in a small package—easy to set up and use; fun to own.,1,great sound small packageeasy set use fun
5,30-Jul-18,Configuration: Fire TV Stick,Easy to install. Up and running in minutes.,1,easy install running minute
5,30-Jul-18,White  Show,Still learning about the Echo show but so far we love it. My 9 year old loves to cook and especially with his Aunt that lives out of state and now he can connect with her and they cook together.,1,still learning echo show far love year old love cook especially aunt life state connect cook together
5,5-Jun-18,Black,We all love her!,1,love
5,17-May-18,Black,"""Is working like a  new one for now, l have another 3 alexa devices lm a fanatic""",1,working like new one l another alexa device lm fanatic
5,30-Jul-18,Black  Dot,Set up was simple. It recognizes my voice well. It seams very intuitive. I am enjoying its ease of use.,1,set simple recognizes voice well seam intuitive enjoying ease use
5,30-Jul-18,Black  Spot,Great for checking in on my son after school when I'm still at work.  Love getting the weather and traffic in the morning so I can plan my route accordingly,1,great checking son school still work love getting weather traffic morning plan route accordingly
4,17-Jul-18,White  Spot,"""Much easier to use than the dot. It picks up my voice from farther away and the speakers seem a lot cleaner sounding The screen is a nice perk but I only use it at bed time to listen to prime shows before bed, the screen is too small to watch shows..It displays my alarm in print so I know Alexa heard me correctly. and you can make you own clock face with personal pictures.  My only complaint is that they don't add the stand as standard. I didn't need it for my spot at my desk but definitely needed it beside the bed.Many people complain about the basic Alexa program but it is still such new tech that I'm not going to split hairs.  The echo was not as good as my dot and the spot is better than dot.  Alexa gets better over time and the skills are increasing weekly. Now Alexa even tells the difference between my son and my voice. I think Amazon is working overtime on this project. I gave feedback to ask to be able to have self made lists and now you can make and name lists for anything.I am so used to my Alexa that I talk to her even when I'm staying in a hotel and she's no where to be found.  Alexa, what time is it?  ALEXA???!!""",1,much easier use dot pick voice farther away speaker seem lot cleaner sounding screen nice perk use bed time listen prime show bed screen small watch showsit display alarm print know alexa heard correctly make clock face personal picture complaint not_add stand standard not_need spot desk definitely needed beside bedmany people complain basic alexa program still new tech not_going split hair echo not_as good dot spot better dot alexa get better time skill increasing weekly alexa even tell difference son voice think amazon working overtime project gave feedback ask able self made list make name list anythingi used alexa talk even staying hotel no_where found alexa time alexa
5,24-Jul-18,Black  Spot,Hands free calling in the house. I misplace my cell phone all the time so this is a real blessing. Really enjoying the streaming music.,1,hand free calling house misplace cell phone time real blessing really enjoying streaming music
1,17-Jul-18,Black  Spot,Bought the spot and loved it. Within months it started acting funny and would stop working—called and they determined that it was overheating. I was told to unplug and technical support would call within 24-48 hours. Waited 48 hours without response and replied to email and was asked to wait a week. A week goes by with absolutely no response so I do the inline chat per instructions. Told to wait longer. REALLY????  Unacceptable—expected more from Amazon. Find it funny how they always thank me for being a Prime member but when an issue arises I cannot even get assistance.,0,bought spot loved within month started acting funny would stop workingcalled determined overheating told unplug technical support would call within hour waited hour without response replied email asked wait week week go absolutely no_response inline chat per instruction told wait longer really unacceptableexpected amazon find funny always thank prime member issue arises not_even get assistance
1,29-Jul-18,White  Show,"""Our family bought several of these to help communicate with older parents and grandparents who need simpler devices than a full-fledged tablet.  What fantastic potential these have - for digital photo screen, video calls, easy accesss to music, audio books, etc. However, once we have them setup, we discovered the huge lurking negative.  Amazon forces you to view continous spam on the home screen promoting all their Alexa features.  You can turn off many other things in settins, but you cannot turn off &#34;Things to Try&#34;.  Instead of a beautiful digital photo screen with weather and time ... we now constantly have a spam ad across the home screen that says, &#34;Try ......&#34;.  AMAZON, please listen to your customers and offer a setting to turn off this SPAM!""",0,family bought several help communicate older parent grandparent need simpler device fullfledged tablet fantastic potential digital photo screen video call easy access music audio book etc however setup discovered huge lurking negative amazon force view continous spam home screen promoting alexa feature turn many thing settins not_turn thing try instead beautiful digital photo screen weather time constantly spam ad across home screen say try amazon please listen customer offer setting turn spam
5,29-Jul-18,Charcoal Fabric ,great sound,1,great sound
5,30-Jul-18,Black  Show,I've had previous experience with the echo Dot and this just blows all previous expectations out of the water!It's great since it can play videos and music from multiple sources and the speakers are pretty loud.,1,previous experience echo dot blow previous expectation waterit great since play video music multiple source speaker pretty loud
5,30-Jul-18,Black  Dot,Alexa is phenomenal!,1,alexa phenomenal
5,29-Jul-18,Charcoal Fabric ,Alexa rocks,1,alexa rock
5,30-Jul-18,Black  Dot,"""So far so good.  Not to tech savvy so, I'm still trying to figure out what I can do with it but, it was easy to set up and so far easy to use.  Lots of apps that it can use.  I will have to play with it some more but its fun to have.""",1,far good not_to tech savvy still trying figure easy set far easy use lot apps use play fun
4,30-Jul-18,Configuration: Fire TV Stick,Firestick easy to use and I enjoyed it.,1,firestick easy use enjoyed
5,30-Jul-18,Configuration: Fire TV Stick,I really love that all my apps are in one spot,1,really love apps one spot
5,28-Jul-18,White  Spot,Great size for bedside. Plus it dims at night!!,1,great size bedside plus dims night
3,28-Jul-18,White  Show,"""I like the option for white, but it’s bizarre that it comes with a black cord. I have a white kitchen, so now I have this stands-out-like-a-sore-thumb black power cord. For aesthetic purposes, I was happier with my year-old white Echo (not Show) because it came with a white powercord. This seems like a major design flaw in the “white” option. I strongly urge Amazon to change out the powercord to white.""",2,like option white bizarre come black cord white kitchen standsoutlikeasorethumb black power cord aesthetic purpose happier yearold white echo not_show came white powercord seems like major design flaw white option strongly urge amazon change powercord white
3,20-Jul-18,White  Spot,"""I bought this to replace a Dot in my bedroom. Already have a Show and a couple of full-sized Echo units in my house.The Spot is okay for what it is. Two issues, one minor and one major:-the minor one - why include the huge bezel on the front? Why not take that space and make the display larger? A total waste of usable space.-the major one, also involves the Show: I'm very used to these devices. I don't need to see &#34;Things to Try&#34; whenever I use a voice command with it (even setting it to rotate once starts this crap over again when you dare to actually use the devices). I'm not a child and I don't need to be told a hundred times how to play music on it. And having this on my nightstand and seeing these highly annoying tips is just outrageous for a unit meant to be used next to a bed. Why doesn't Amazon fix this and give us the option to turn this nonsense off? I want to see a clock face, period, not these silly nanny reminders.""",2,bought replace dot bedroom already show couple fullsized echo unit housethe spot okay two issue one minor one majorthe minor one include huge bezel front not_take space make display larger total waste usable spacethe major one also involves show used device not_need see thing try whenever use voice command even setting rotate start crap dare actually use device not_a child not_need told hundred time play music nightstand seeing highly annoying tip outrageous unit meant used next bed not_amazon fix give u option turn nonsense want see clock face period not_these silly nanny reminder
5,20-Jul-18,Black  Plus,"""love Alexa, makes it fun when people are around and seeing it for first time""",1,love alexa make fun people around seeing first time
5,6-Jun-18,Black,Absolutly love it !,1,absolutly love
5,29-Jul-18,Black  Show,LOVE!! i still haven't figured out all the best things we can do with it.,1,love still not_figured best thing
2,30-Jul-18,Black  Show,Thought it would be more powerful and have a lot more functionality. Not much better than the Echo dot. Not worth the money.,0,thought would powerful lot functionality not_much better echo dot not_worth money
4,29-Jul-18,Sandstone Fabric ,Like it to do more,1,like
5,8-Jun-18,White,Fun and useful. We're still learning new tricks and useful functionalities. This is the future of human to computer interface and household automation. Just like Star Trek! Who knew it would be here so soon?,1,fun useful still learning new trick useful functionality future human computer interface household automation like star trek knew would soon
3,29-Jul-18,Heather Gray Fabric , ,2,no_review
4,30-Jul-18,Configuration: Fire TV Stick,"""Super-Easy setup, only issue i find is that it occasionally loses connection with household network.""",1,supereasy setup issue find occasionally loses connection household network
5,28-Jul-18,White  Spot,"""Fantastic product, absolutely love it!""",1,fantastic product absolutely love
5,29-Jul-18,Black  Show,"""We originally got the Show to video chat family members, and it works great for that. We have found that we really like checking things hands-free like the weather and recipes. So far we have really liked the Show, and would recommend it!""",1,originally got show video chat family member work great found really like checking thing handsfree like weather recipe far really liked show would recommend
5,30-Jul-18,Configuration: Fire TV Stick,Great product. Had a bit of a problem to download kodi but once it is done. You get all the movies Tv programs.,1,great product bit problem download kodi done get movie tv program
4,30-Jul-18,White  Dot,Overall I like this. Though Siri on my phone can do more for what I need as I don’t have a “smart home” and don’t intend to make it one. But it’s fun and I use it for music and to have it read me my audible books.,1,overall like though siri phone need not_have smart home not_intend make one fun use music read audible book
2,29-Jul-18,Charcoal Fabric ,"""Really disappointed Alexa has to be plug-in to wall socket all the time.  My fault for not checking this, but made the assumption that a company has technologically advanced as Amazon would sell this product with a rechargeable battery.  If I could return it, I would as my Apple music and boom speaker give me more flexibility the Alexa.""",0,really disappointed alexa plugin wall socket time fault not_checking made assumption company technologically advanced amazon would sell product rechargeable battery could return would apple music boom speaker give flexibility alexa
4,29-Jul-18,Heather Gray Fabric ,"""I am pleasantly surprised by the sound quality of the Echo. If you are a big fan of deep bass, this might not be sufficient for you though. The potential to control your home is an option I will explore more as I evolve my home into a """"smart home"""". The voice recognition is very impressive. It is stylish and fun. I have no regrets with this purchase. It is great for technically changes people. Ask it to play a song or a movie and it responds instantly. If you have an elderly loved one, this would be a great gift. Once connected to wifi, it is very simple to use.  If you want unlimited music control, be sure to have amazon prime or premium spotify and you will be blown away with your personal dj! You can even have conversations with the echo. I am not embarrassed to say, that echo has made me laugh a couple times when I ask it to tell me a joke. It tells me where my packages are since I am an amazon prime addict, it comes in extremely  handy!""",1,pleasantly surprised sound quality echo big fan deep bass might not_be sufficient though potential control home option explore evolve home smart home voice recognition impressive stylish fun no_regrets purchase great technically change people ask play song movie responds instantly elderly loved one would great gift connected wifi simple use want unlimited music control sure amazon prime premium spotify blown away personal dj even conversation echo not_embarrassed say echo made laugh couple time ask tell joke tell package since amazon prime addict come extremely handy
5,28-Jul-18,Black  Show,"""We’ve had the original Echo for quite some time and just recently added the Show.  It was simple to setup and more inviting to use with the visual interface.  The Echo is being used as the primary interface for my connected home system which is currently only controlling lights and switches.  I look forward to expanding on that capability.  We also use it for maintaining lists, as a music player, general information, and entertainment.  I haven’t used the Show to shuffle through our favorite  photographs but will start that soon.""",1,original echo quite time recently added show simple setup inviting use visual interface echo used primary interface connected home system currently controlling light switch look forward expanding capability also use maintaining list music player general information entertainment not_used show shuffle favorite photograph start soon
1,19-Jun-18,Black,"""This is the worst Amazon purchase I have made. I am big Amazon fan...love the brand...unlimited digital music...prime videos...even buy my online games, music, and movies through Amazon. This app I have tried to use it make simple purchases -- to do anything. It is useless.""",0,worst amazon purchase made big amazon fanlove brandunlimited digital musicprime videoseven buy online game music movie amazon app tried use make simple purchase anything useless
5,30-Jul-18,White  Show,It is so easy to use and is everything I hoped for,1,easy use everything hoped
4,9-Jun-18,Black,It works,1,work
5,30-Jul-18,Heather Gray Fabric ,Love it!,1,love
5,29-Jul-18,Charcoal Fabric ,See subject line.  Love it,1,see subject line love
5,30-Jul-18,Black  Dot,"""I do love these things, i have them running my entire home, TV, all my lights, my thermostat, my front door dead bolt, the cameras... and i love listening to npr. these things are well worth the value and they really shine once you stat adding smart devices and you can control your entire home like its right out of star trek.... I named mine computer to get the feel... but its amazing what you can do with these devices and smart systems.""",1,love thing running entire home tv light thermostat front door dead bolt camera love listening npr thing well worth value really shine stat adding smart device control entire home like right star trek named mine computer get feel amazing device smart system
5,26-Jul-18,Black  Spot,good size screen and gets good range for voice commands. sometimes it picks up weird commands when I'm watching tv though. Great product for the price if you don't need the big show screen.,1,good size screen get good range voice command sometimes pick weird command watching tv though great product price not_need big show screen
5,30-Jul-18,Configuration: Fire TV Stick,"""works good, ni issues""",1,work good ni issue
1,29-Jul-18,White  Show,"""Always wanted one,till I got one, it's not at all what it's cracked up to be, it's hard to navigate I actually like the dot better.""",0,always wanted onetill got one not_at cracked hard navigate actually like dot better
5,30-Jul-18,Charcoal Fabric ,I love it. It does everything,1,love everything
3,30-Jul-18,Black  Dot, ,2,no_review
5,30-Jul-18,Black  Show,"""I LOVE THIS ITEM... I UNDERESTIMATED THIS ITEM, I HAVE ANOTHER 2 IN MY CART ... BUT I'M WAITING FOR THE SAME DEAL AGAIN!!!, I HIGHLY RECOMMEND THIS ITEM!""",1,love item underestimated item another cart waiting deal highly recommend item
5,10-Jun-18,White,Works well and has no obvious issues from being refurbished.,1,work well no_obvious issue refurbished
4,29-Jul-18,Charcoal Fabric ,"""Got this as a gift and love it. I never would have bought one for myself, but now that I have it.... Allows me to play music on it from my amozon prime music ; that's worth it in and of itself.  Also, gives new's briefs and tells jokes.""",1,got gift love never_would bought one allows play music amozon prime music worth also give news brief tell joke
1,17-Jul-18,Black  Spot,Invasive and scared the crap out of me for speaking when it was not spoken to! CREAPY AF,0,invasive scared crap speaking not_spoken creapy af
5,17-May-18,Black,Great product. Wakes me up every morning on time!,1,great product wake every morning time
5,29-Jul-18,White  Plus,I have had no problems with my Echo Plus. Would purchase it again.,1,no_problems echo plus would purchase
5,18-Jul-18,Black,Perfect condition! I love my echo,1,perfect condition love echo
5,30-Jul-18,Black  Dot,It is just not as loud as I thought it was going to be.,1,not_as loud thought going
5,30-Jul-18,Configuration: Fire TV Stick,Like,1,like
5,30-Jul-18,Configuration: Fire TV Stick,I like when thete nothing to watch on tv I can run to my firestick.,1,like thete nothing_to watch tv run firestick
5,28-Jul-18,White  Show,"""Love my Echo Show!! Now I can listen to music, get recipes, and so much more!!! I highly recommend the Echo for everyone!!""",1,love echo show listen music get recipe much highly recommend echo everyone
5,23-Jul-18,White  Plus,"""Works great I bought this Direct from amazon, and I have got to tell you, This item Echo Show and Echo Plus is the best item I have ever had and I am kind of a tech geek. I am a disabled person, and it helps me turn light on and off, and schedule doctor appointments, using google voice phone, and get my medical rides to and from hospitals, plays music on cue from multiple web apps, and watch videos, as well as communicating to my Nurses aide my schedule and calendar of events. I wish there were programs that helped disabled people get these and smart lights. They are literally the best items since chocolate to assist the disabled and literally anybody else who need them. Although the echo show is not a hub once you set up the Echo plus hub with your lights you can use any amazon device to shut the lights off. Thank God, no more working my ass off to turn on or off lights. Thank you Amazon. I will save up enough money to buy more gift cards from Affirm.com to purchase 1 more of each and some lights for rest of the house. Jeff Bezos these are awesome items and because of your allowing me to get amazon prime at a lower cost due to disability I was finally able to buy these items on your prime day event. really helped when all you earn a month is $672 on SSDI thank you all again.""",1,work great bought direct amazon got tell item echo show echo plus best item ever kind tech geek disabled person help turn light schedule doctor appointment using google voice phone get medical ride hospital play music cue multiple web apps watch video well communicating nurse aide schedule calendar event wish program helped disabled people get smart light literally best item since chocolate assist disabled literally anybody else need although echo show not_a hub set echo plus hub light use amazon device shut light thank god no_more working as turn light thank amazon save enough money buy gift card affirmcom purchase light rest house jeff bezos awesome item allowing get amazon prime lower cost due disability finally able buy item prime day event really helped earn month ssdi thank
5,27-May-18,White,great product!,1,great product
5,26-Jul-18,Black  Spot,We love the echo spot I use it on my nightstand for alarm clock and play iHeartRadio radio while getting dressed!!,1,love echo spot use nightstand alarm clock play iheartradio radio getting dressed
5,30-Jul-18,Black  Dot,"""I love this product so far only because of the few things I can do with it...such as set a timer, a reminder, play music and games. I don't like that to get the full enjoyment from it that you have to purchase so many things. It was also very difficult to set up. The directions made it sound as simple as one, two, three but they forgot about step four, five and six. I was almost ready to send to back.The app is extremely slow and it took hours to get this thing set up. However depending on what you are going to be using it for I think it's an ok item.""",1,love product far thing itsuch set timer reminder play music game not_like get full enjoyment purchase many thing also difficult set direction made sound simple one two three forgot step four five six almost ready send backthe app extremely slow took hour get thing set however depending going using think ok item
5,3-Jun-18,Black,No issues...works and looks great!!!,1,no_issuesworks look great
5,30-Jul-18,Charcoal Fabric ,wonderful product and fast delivery!,1,wonderful product fast delivery
5,29-Jul-18,Black  Spot,"""With the combination of this, smart plugins, and the Alex app I can turn stuff on and off with my phone or telling Alexa to do it. I can order stuff, get answers, watch videos, get weather, set alarms, video call, and so much more with this device!""",1,combination smart plugins alex app turn stuff phone telling alexa order stuff get answer watch video get weather set alarm video call much device
3,12-Jun-18,Black,"""I received my Echo Dot today in good condition, but be advised: I paid $29.99 for it and Amazon has (as of this writing) raised the price to $39.99, so do your research before buying so you can get a good deal!Set up with the Dot went simple enough — plug it in, follow the app instructions... except initially it took a while to actually show up in my iPhone’s WiFi settings. I called Amazon customer service, and I dunno what it is, but lately I’ve been getting terrible support. The guy that took my call just rambled off a (completely unhelpful) script and I ended up setting up the Dot while he was in the middle of his spiel.I’m not sure if this is the norm or if it’s because this is refurbished, but the Dot has a pretty finicky wifi range and randomly disconnects even though the app shows that the range of my 5GHz connection is strong. Reconnecting is a pain each time as well.All that said, when Alexa works, she works amazingly well. I don’t have a speaker hooked up to it, but one thing I really enjoy is the mic’s range and sensitivity. One of the more annoying limitations of Apple’s Siri is that when she’s playing audio through device speakers (music, podcasts, etc), the “Hey Siri” feature is all but useless. Alexa has no problem hearing me over whatever is playing at the time, and with amazingly fast responsiveness too. I haven’t tried this with louder speakers yet, so I’m not sure if this will continue to hold true.Setting up Alexa to control all my wireless devices was a breeze, albeit with limitations — support for Arlo devices is nil, and if you have special settings for your LED devices (eg. rainbow effects), Alexa can’t handle them, she only knows how to change solid colors and brightness levels.All in all, my rating would’ve been lower had I not gotten a decent price on this item. If the connectivity problems persist, I may have to exchange/return this item. I don’t want to though — Alexa’s kind of growing on me.""",2,received echo dot today good condition advised paid amazon writing raised price research buying get good dealset dot went simple enough plug follow app instruction except initially took actually show iphones wifi setting called amazon customer service not_know lately getting terrible support guy took call rambled completely unhelpful script ended setting dot middle spieli not_sure norm refurbished dot pretty finicky wifi range randomly disconnect even though app show range ghz connection strong reconnecting pain time wellall said alexa work work amazingly well not_have speaker hooked one thing really enjoy mics range sensitivity one annoying limitation apple siri playing audio device speaker music podcasts etc hey siri feature useless alexa no_problem hearing whatever playing time amazingly fast responsiveness not_tried louder speaker yet not_sure continue hold truesetting alexa control wireless device breeze albeit limitation support arlo device nil special setting led device eg rainbow effect alexa not_handle know change solid color brightness levelsall rating would lower not_gotten decent price item connectivity problem persist may exchangereturn item not_want though alexas kind growing
4,30-Jul-18,Black  Dot,I'm amazed with the alarm. I tell Alexa to wake me up to a particular song and it does.  I love the play list if music. Not sure if i don't keep prime if music will still be available. However i did love the fact Amazon gave me music free for 3 months...they should have given prime free for 3 months as well.,1,amazed alarm tell alexa wake particular song love play list music not_sure not_keep prime music still available however love fact amazon gave music free monthsthey given prime free month well
5,30-Jul-18,Black  Dot,"""Great, love it!""",1,great love
5,30-Jul-18,White  Dot,Great. Definitely gets a little old after a while but for $30 I can't really regret it at all. Love having it hooked up to my speakers via bluetooth and waking up to The Smiths.,1,great definitely get little old not_really regret love hooked speaker via bluetooth waking smith
3,27-Jul-18,White  Plus,"""Sounds well and we find it useful overall but it can be frustrating when it doesn’t respond or you forget the correct command.  “Alexa, turn on the living room lights”.  Oops I mean “Alexa turn on the family room lights”. I also never realized I call my couch a sofa some times.  Unfortunately my Alexa is confused by my changing names for where I sit.""",2,sound well find useful overall frustrating not_respond forget correct command alexa turn living room light oops mean alexa turn family room light also never_realized call couch sofa time unfortunately alexa confused changing name sit
5,30-Jul-18,Configuration: Fire TV Stick,So awesome to bring my older tv to life,1,awesome bring older tv life
5,30-Jul-18,Configuration: Fire TV Stick,"""Great gadget that installs, and works easily. Nice to not have another box taking up space too!""",1,great gadget installs work easily nice not_have another box taking space
5,29-Jul-18,Heather Gray Fabric ,Liked 100%,1,liked
5,30-Jul-18,Charcoal Fabric ,Sounds great!! Love them!,1,sound great love
5,30-Jul-18,White  Dot,Love it! Very helpful,1,love helpful
1,29-Jul-18,Black  Spot,"""When we first received this product, it was great.  However, about a week ago, the device served up a video advertisement around 10:30pm at night and scared myself and my family.  If you want to make sure you are protected and don't allow video directly in your home, the spot is not a device that can keep you safe.""",0,first received product great however week ago device served video advertisement around pm night scared family want make sure protected not_allow video directly home spot not_a device keep safe
5,25-Jun-18,Black,Got this for the bathroom love it we can listen music whe. We showering.,1,got bathroom love listen music whe showering
4,27-Jul-18,Black  Plus,"""Is as expected and more, responds very fast to given commands and was very easy to connect via the Amazon App. I also bought the PhilipsHue Light Bulb and all I had to do was put it in my lamp and tell Alexa to find my device and it connected and the lamp now turns on and off with voice commands.""",1,expected responds fast given command easy connect via amazon app also bought philipshue light bulb put lamp tell alexa find device connected lamp turn voice command
5,30-Jul-18,Configuration: Fire TV Stick,Super good!,1,super good
5,29-Jul-18,White  Spot,I love it.  I made a group with my echo dot so I get music through my home.  I am waiting for the to go on sale again so hopefully I can get another spot for my bedroom..  I love the alarm and weather at the sound of my voice..,1,love made group echo dot get music home waiting go sale hopefully get another spot bedroom love alarm weather sound voice
5,29-Jul-18,Charcoal Fabric ,Never had ANY issue with buying use electronics as long as I get the GOOD or LIKE NEW. Just read the comment to see why it is used.,1,never_had issue buying use electronics long get good like new read comment see used
5,28-Jul-18,Black  Plus,Its got to be one of the coolest things.,1,got one coolest thing
5,30-Jul-18,Configuration: Fire TV Stick, ,1,no_review
4,30-Jul-18,Charcoal Fabric ,"""It performs pretty much as expected, but I am very disappointed it will not provide me with the terminology I need to play various kinds of music without subscribing to the Amazon music service.  I understand my music choices may be limited, but without knowing HOW TO ASK, I cannot access the music that is provided free along with my Echo purchase.  Do you have a chart showing the language I need to use?""",1,performs pretty much expected disappointed not_provide terminology need play various kind music without subscribing amazon music service understand music choice may limited without knowing ask not_access music provided free along echo purchase chart showing language need use
5,30-Jul-18,Black  Dot,Perfect!  Fast shipment and packaging.  Worked as intended.,1,perfect fast shipment packaging worked intended
5,30-Jul-18,Configuration: Fire TV Stick,Works great no lag and is much better than the gen 1 devices I was using. I would recommend this if you have a 1rst gen and are tired of the lag and crashes.,1,work great no_lag much better gen device using would recommend rst gen tired lag crash
5,29-Jul-18,Heather Gray Fabric ,Have Alexa throughout the house----the future has arrived!,1,alexa throughout housethe future arrived
4,30-Jul-18,Black  Dot,This product is easy to use and very entertaining.  I have yet to hook it up to my TV or lights but look forward to doing so.,1,product easy use entertaining yet hook tv light look forward
4,31-Jul-18,Configuration: Fire TV Stick,Love it!,1,love
5,21-Jul-18,Black  Plus,I have an original Echo and really like it. I wanted another one for my basement. I realize it isn't a huge stereo with settings but it doesn't sound bad at all. Definitely doesn't take up much room. Great price for the Echo Plus on Prime Day. I ordered two!!,1,original echo really like wanted another one basement realize not_a huge stereo setting not_sound bad definitely not_take much room great price echo plus prime day ordered two
5,30-Jul-18,Black  Show,We held off purchasing an Echo but couldn't resist during Prime Days.  The Echo works great and it's nice to have the screen.  There is still a lot more we need to learn how to do.,1,held purchasing echo could not_resist prime day echo work great nice screen still lot need learn
5,30-Jul-18,Configuration: Fire TV Stick,I love my fire stick thank you so much,1,love fire stick thank much
5,30-Jul-18,Black  Dot,I like the compact structure of the Dot. The sound is a little too low.,1,like compact structure dot sound little low
3,27-May-18,Black,"""It works great, but the reason I'm leaving 3 stars is because it wont play unless it plugged in the whole time. Pretty irritating especially when there is no outlet available.""",2,work great reason leaving star not_play unless plugged whole time pretty irritating especially no_outlet available
3,28-Jul-18,Charcoal Fabric ,Beyond my capabilities to program. Grandkids lve it,2,beyond capability program grandkids lve
3,26-Jul-18,Black  Spot,It was much smaller than I was expecting for the cost.,2,much smaller expecting cost
5,27-Jul-18,Black  Spot,"""Purchased this on Prime Day and I absolutely love it!  I had the Echo Dot on my nightstand, but I really missed a display. This is perfect and the speakers are excellent.""",1,purchased prime day absolutely love echo dot nightstand really missed display perfect speaker excellent
5,21-Jun-18,White,"""I think I now have 5 of these throughout the house. So convenient to set a timer or check the weather or whatever, wherever.""",1,think throughout house convenient set timer check weather whatever wherever
5,31-Jul-18,Black  Show,"""Alexa is fun! I’ve added smart home aspects, my friend listens to Spotify, my husband enjoys interacting too.""",1,alexa fun added smart home aspect friend listens spotify husband enjoys interacting
5,30-Jul-18,White  Dot,Use as my 3rd dot. Bought so my husband would be able to contact someone if he falls and doesn't have access to phone.,1,use rd dot bought husband would able contact someone fall not_have access phone
5,26-Jul-18,Black  Plus,"""The Echo Plus is great! So easy to set up and with the built in hub, it connects to other Alexa devices with a mere verbal command. I am 62 and not super techno knowledgable but this was easy for me. Have my lights integrated with Alexa and now looking at security cameras and locks. Definitely recommend the Echo Plus!""",1,echo plus great easy set built hub connects alexa device mere verbal command not_super techno knowledgable easy light integrated alexa looking security camera lock definitely recommend echo plus
1,30-Jul-18,Configuration: Fire TV Stick,I will never buy anything Amazon makes again!This fire stick is not even a year old and it does nothing but restart and freeze up constantly. No warranty from Amazon in this should have been my first clue that it was a horrible device. I will never buy anything built by Amazon again.,0,never_buy anything amazon make againthis fire stick not_even year old nothing_but restart freeze constantly no_warranty amazon first clue horrible device never_buy anything built amazon
5,30-Jul-18,Black  Dot,love it,1,love
5,30-Jul-18,Configuration: Fire TV Stick,ABSOLUTELY LOVE THIS PRODUCT SO EASY TO USE BETTER THAN SCROLLING CHANNELS.,1,absolutely love product easy use better scrolling channel
4,30-Jul-18,Configuration: Fire TV Stick,It's my second one and works well,1,second one work well
5,30-Jul-18,Black  Show,Very Good to be able to listen to Every single song at any time in Amazon's vast library. We're only just beginning to know everything Echo Show has to offer. Well worth the price!! Alexa is very helpful.,1,good able listen every single song time amazon vast library beginning know everything echo show offer well worth price alexa helpful
4,30-Jul-18,Black  Dot,"""I love having Alexa around the house. My favorite features are her timers, alarms, and music. Especially her library of sleep sounds. I got this product as a gift for my kids, and they love her too. She is great for reading time, and timing 30 minutes for it.The only thing I really don't like, is that she HAS to be plugged in to an outlet to function. No ifs ands, or buts. I get why, but it is minorly inconvenient, as I have to move her from room to room, or purchase more. Lol""",1,love alexa around house favorite feature timer alarm music especially library sleep sound got product gift kid love great reading time timing minute itthe thing really not_like plugged outlet function no_ifs ands buts get minorly inconvenient move room room purchase lol
5,30-Jul-18,Configuration: Fire TV Stick,Great product. Love the larger remote! Great deal!,1,great product love larger remote great deal
5,30-Jul-18,Configuration: Fire TV Stick,Love it. Many stations to choose from,1,love many station choose
5,31-Jul-18,Black  Dot,I like that it responds every time. It was easy to set up.  I'm still learning what I can do with it. I may like a better speaker more.,1,like responds every time easy set still learning may like better speaker
1,26-Jun-18,Black,I've already returned it.,0,already returned
3,30-Jul-18,Heather Gray Fabric ,The speakers sound pretty good for being so small and setup is pretty easy.  I bought two and the reason I only rate it a 3 is I have followed the instructions for synching music to both units.  I know I've done it correctly but they won't sync.  That was my primary motivation for purchasing multiple units.,2,speaker sound pretty good small setup pretty easy bought two reason rate followed instruction synching music unit know done correctly not_sync primary motivation purchasing multiple unit
5,30-Jul-18,Charcoal Fabric ,Love the echo I purchased it for company for my husband he is 83 and Alexa is great all he has to do is say her name and she tells him a joke and plays his favorite songs,1,love echo purchased company husband alexa great say name tell joke play favorite song
4,27-Jul-18,Black  Plus,Like it but it will take time to setup all the skills I want simply because there are so many. I already use music and Flash Briefing daily. Very satisfied. I use this along with Alexa app on my Kindle hd8,1,like take time setup skill want simply many already use music flash briefing daily satisfied use along alexa app kindle hd
5,30-Jul-18,Black  Dot,PHENOMENAL,1,phenomenal
5,29-Jul-18,Charcoal Fabric ,Good sound. Like it for music and scheduling. Like that i can get random thoughts recorded while I think about them. The jokes are cute!,1,good sound like music scheduling like get random thought recorded think joke cute
5,28-Jul-18,White  Spot,I enjoy this little thing a lot.  Will do almost anything.  I like the jokes it tells.  I’m still learning different functions,1,enjoy little thing lot almost anything like joke tell still learning different function
4,30-Jul-18,Black  Dot,works great but speaker is not the good for music. Will need to get a Bluetooth speaker.,1,work great speaker not_the good music need get bluetooth speaker
5,26-Jul-18,Black  Spot,It was easy set up.  I use it more than I thought.,1,easy set use thought
4,29-Jul-18,Black  Show,"""Works well, pictures awesome! Sound could be better. Must be on the same bandwidth as other Alexa devices for whole home music. 2.4ghz vs 5ghz.""",1,work well picture awesome sound could better must bandwidth alexa device whole home music ghz v ghz
5,29-Jul-18,Charcoal Fabric ,Love the product. Nice to have easy access to so much info!!!,1,love product nice easy access much info
5,29-Jul-18,Black  Spot,"""In a matter of minutes it became indispensable addition to our house. Extrimelly useful hub of information, music, automation, communication, and assistant in basic needs. Would love to have a voice personalization. Some things are better not to said aloud but typed (like door unlocking codes) but that is problem of unwitty developers. So far only positive experience. The privacy invasions is happened way before Alexa, it is on your phone no matter brand or carrier. To Alexa defence at list it has a button to turn a microphone off.""",1,matter minute became indispensable addition house extrimelly useful hub information music automation communication assistant basic need would love voice personalization thing better not_to said aloud typed like door unlocking code problem unwitty developer far positive experience privacy invasion happened way alexa phone no_matter brand carrier alexa defence list button turn microphone
5,30-Jul-18,Configuration: Fire TV Stick,"""Easy to set up and use,""",1,easy set use
5,28-Jul-18,Black  Show,"""I own two dots, a tap and a show. I love the echo show. Sound quality is amazing compared to the dots. I use mine constantly to create shopping list, kitchen and laundry timer, and news updates. But most of all I have the all throughout the house and I play music throughout using the group settings""",1,two dot tap show love echo show sound quality amazing compared dot use mine constantly create shopping list kitchen laundry timer news update throughout house play music throughout using group setting
4,27-Jun-18,Black,"""I love my Alexa Dot. I play games with my son, ask how the weather Is and I love that she works with my Amazon Fire Tv.""",1,love alexa dot play game son ask weather love work amazon fire tv
5,5-Jul-18,Black,Works perfect no wear and tear on the device I love Alexa working on making my home smart 😂,1,work perfect no_wear tear device love alexa working making home smart
2,24-Jul-18,Black  Plus,The Echo does not link to Direct tv even though they said it would. I have spent multiple hours on this. Made phone calls and texts. Also is missing free bulb.,0,echo not_link direct tv even though said would spent multiple hour made phone call text also missing free bulb
5,30-Jul-18,Configuration: Fire TV Stick,We all just love the TV fire stick and I would buy it again.,1,love tv fire stick would buy
5,29-Jul-18,White  Spot,LOVE LOVE LOVE THESE. The only think I notice is that it doesn't pick-up my voice and commands as well as my Echo and Echo Dots (we have 4 Echo products throughout our house). I have this in the kitchen and in my bedroom as my alarm clock. I'm no longer searching for a pen and paper to make lists!!!!,1,love love love think notice not_pickup voice command well echo echo dot echo product throughout house kitchen bedroom alarm clock no_longer searching pen paper make list
5,30-Jul-18,Charcoal Fabric ,Has great sound and is very responsive my voice and commands.,1,great sound responsive voice command
5,30-Jul-18,Configuration: Fire TV Stick,Love it!,1,love
5,30-Jul-18,Black  Show,"""Excellent quality, very good sound, great deal on Prime Day.""",1,excellent quality good sound great deal prime day
5,30-Jul-18,Charcoal Fabric ,My husband likes being able to use it to listen to music.  I wish we knew all it's capabilities,1,husband like able use listen music wish knew capability
5,30-Jul-18,Black  Dot,Love it.. makes the simple things in life simpler,1,love make simple thing life simpler
2,17-Jul-18,Black  Spot,Fairly useless.,0,fairly useless
5,3-Jun-18,Black,"""Refurbish Echo Dot received as new condition, as new packaging, no complaints. Neat little gadget.(Drives my wife nuts!)""",1,refurbish echo dot received new condition new packaging no_complaints neat little gadgetdrives wife nut
3,30-Jul-18,Configuration: Fire TV Stick,That it doesn’t turn my television on or off.,2,not_turn television
4,30-Jul-18,Black  Dot, ,1,no_review
2,29-Jul-18,Black  Show,"""Echo Show is said to work with certain apps but,NOT!!! Cozi state works with Echo Show, but the Cozi Family’s doesn’t very well, Amazon needs to go back to drawing board, it would be such a needed piece of technology, but it lacks the essential, please fix. Cost of the Echo Show was  marvelous . Got Echo Show to take on shopping list but that is all so far, adding items to list has long lag, and it not my router being slow, my provider speed is !GB, speed not a problem, but before new items is updated on Cozi is very slow. Help is needed to get it updated to A1 working conditioning.""",0,echo show said work certain apps butnot cozi state work echo show cozi family not_very well amazon need go back drawing board would needed piece technology lack essential please fix cost echo show marvelous got echo show take shopping list far adding item list long lag not_my router slow provider speed gb speed not_a problem new item updated cozi slow help needed get updated working conditioning
1,30-Jul-18,Black  Dot, ,0,no_review
5,30-Jul-18,Black  Dot,It was easy to set up and affordable! Love it!,1,easy set affordable love
5,30-Jul-18,Black  Dot,"""I have had the echo dot for about two weeks and am having fun with it. I set morning alarms, check the weather, have Alexa play various music (I bought inexpensive speakers to connect for better sound), and I'm learning her skills. A little tricky to connect to wifi initially, but after some trial and error it connected, and has stayed connected. So far, super satisfied. Will be buying one for my mother and one for my office.""",1,echo dot two week fun set morning alarm check weather alexa play various music bought inexpensive speaker connect better sound learning skill little tricky connect wifi initially trial error connected stayed connected far super satisfied buying one mother one office
5,26-Jul-18,White  Plus,Worked great. The built in hub works great.,1,worked great built hub work great
1,20-Jul-18,Black  Plus,I bought this for myself and i didn’t realize it had to be plugged in just to work. It isn’t convenient to make them always have to connect to a wall. It should’ve been more clear when i bought it.,0,bought not_realize plugged work not_convenient make always connect wall clear bought
5,9-Jul-18,White,Thanks,1,thanks
5,30-Jul-18,Heather Gray Fabric ,"""Love it! I’ve listened to songs I haven’t heard since childhood! I get the news, weather, information! It’s great!""",1,love listened song not_heard since childhood get news weather information great
5,28-Jul-18,Black  Show,Love it,1,love
5,30-Jul-18,Black  Dot,Excellent. Bought another one yesterday!,1,excellent bought another one yesterday
5,30-Jul-18,Black  Dot,Easy to set up and start using.. works as advertised.,1,easy set start using work advertised
5,28-Jul-18,Black  Spot,The amazon Alexa is so nice to have she wakes me up in the morning with alarms and is great if you have prime because she can do a lot more plays any songs you want her to play and she can even make playlists of your favorite songs i love the Alexa because she has games you can play ad you can watch videos or movie trailers on the screen!,1,amazon alexa nice wake morning alarm great prime lot play song want play even make playlist favorite song love alexa game play ad watch video movie trailer screen
5,30-Jul-18,Sandstone Fabric ,"""Love the Echo !!! I love the size, material and speaker quality. I have it hooked up to one light easily and will work on additional lights and thermostat. Next is Echo Dot for bedroom. There is a lot more to do with Echo that you think. Traffic, Weather, Trivia, etc.""",1,love echo love size material speaker quality hooked one light easily work additional light thermostat next echo dot bedroom lot echo think traffic weather trivia etc
5,30-Jul-18,Charcoal Fabric ,I love it. It does everything,1,love everything
1,21-Jul-18,Black  Plus,received the wrong product...was so excited to install it ...all excitement gone. Thank you Amazon.,0,received wrong productwas excited install excitement gone thank amazon
5,31-Jul-18,Charcoal Fabric ,I think this is the 5th one I've purchased. I'm working on getting one in every room of my house. I really like what features they offer specifily playing music on all Echos and controlling the lights throughout my house.,1,think th one purchased working getting one every room house really like feature offer specifily playing music echo controlling light throughout house
5,30-Jul-18,Black  Dot,Being able to add speakers is a plus. I take it on my deck when I am outside. Just love it. I have my big Alexia in my bedroom,1,able add speaker plus take deck outside love big alexia bedroom
5,30-Jul-18,Black  Dot,Great product at a great price.,1,great product great price
5,14-Jun-18,Black,Absolutely love it!,1,absolutely love
5,30-Jul-18,White  Dot,Perfect for a home office,1,perfect home office
5,30-Jul-18,Black  Show,Love it!,1,love
5,29-Jul-18,White  Show,"""We love having this in our kitchen! Very convenient to look up recipes, listen to the news, or watch prime video while I'm cooking""",1,love kitchen convenient look recipe listen news watch prime video cooking
5,30-Jul-18,Configuration: Fire TV Stick,"""The Fire TV Stick was easy to set up and use. Only downfall is, subscriptions are needed to view premium content.""",1,fire tv stick easy set use downfall subscription needed view premium content
5,29-Jul-18,Black  Plus,As advertised.  Connected my smart bulbs with no problems.,1,advertised connected smart bulb no_problems
5,29-Jul-18,Charcoal Fabric ,"""My mom bought a few Echo Dots and repeated ask me to take one of hers because it was so great. I told her “no” for two days. When she made me take it, 6 hours later I could not live my life without it!  It’s that amazing, so now we have four large speakers and only the small Echo Dot, that I will be returning to her. I say if you’re going to order an Alexa speaker, go big and get the Echo, otherwise tou’ll Be returning the two Echo Dots you couldn’t live without.""",1,mom bought echo dot repeated ask take one great told no_for two day made take hour later could not_live life without amazing four large speaker small echo dot returning say going order alexa speaker go big get echo otherwise toull returning two echo dot could not_live without
4,30-Jul-18,Black  Dot,Small speaker tin sound. Great with good Bluetooth speaker.,1,small speaker tin sound great good bluetooth speaker
5,30-Jul-18,Configuration: Fire TV Stick,I love my fire stick!,1,love fire stick
1,10-Jun-18,Black,"""great product, but useless overall. Too many unnecessary features. Unless you have a smart home you don't need it""",0,great product useless overall many unnecessary feature unless smart home not_need
5,29-Jul-18,Charcoal Fabric ,I love it pretty cool.,1,love pretty cool
5,30-Jul-18,Black  Dot,"""I love my Echo Dot!  The price I paid during Prime Day was comparable to buying a new digital clock with the bells and whistles, but this does so much more.  I can play music, set alarms, call friends, play games, set timers...the list goes on and on.  Definitely worth the money.""",1,love echo dot price paid prime day comparable buying new digital clock bell whistle much play music set alarm call friend play game set timersthe list go definitely worth money
5,30-Jul-18,Charcoal Fabric ,"""Love, Love, Love!!""",1,love love love
5,30-Jul-18,White  Dot,"""I'm obsessed with Alexa. She tells me the weather every morning, she can play games (we love the guess the song one!) and the one we have upstairs can turn off our TV downstairs which is so cool because why walk down the stairs if Alexa will do it for you????""",1,obsessed alexa tell weather every morning play game love guess song one one upstairs turn tv downstairs cool walk stair alexa
5,30-Jul-18,Black  Dot,Totally gets out sense of humour,1,totally get sense humour
5,29-Jul-18,Charcoal Fabric ,"""Very pleased with the Echo 2nd Generation. It is so nice to have Alexa available for music, weather, news, and probably a lot more we haven’t discovered.""",1,pleased echo nd generation nice alexa available music weather news probably lot not_discovered
1,30-Jul-18,Sandstone Fabric ,"""Stopped working after 2 weeks ,didn't follow commands!? Really fun when it was working?""",0,stopped working week not_follow command really fun working
4,29-Jul-18,Black  Plus,"""This is very hard to review because I am part of the  problem.I am 75 and got it so my dog would have distracting noise when I am not home.I am computer literate, iTunes literate, Amazon literate, as well as countless other programs, but am apparently a dunce when it comes to talking to Alexa.  I think I heard her sigh in exasperation.I tried to create a playlist of songs I like only to have it ignored.  I am learning workarounds but they are mediocre, at best...and, as yet do not include a personal playlist.I have scoured the beginners section but the beginners it addresses are far more advanced in basic Alexa than am I.So far, I like what I have been able to use but I'd like it a lot more if I could configure it to my needs, rather than accepting the Amazon/Alexa default.Karen""",1,hard review part problemi got dog would distracting noise not_homei computer literate itunes literate amazon literate well countless program apparently dunce come talking alexa think heard sigh exasperationi tried create playlist song like ignored learning workarounds mediocre bestand yet not_include personal playlisti scoured beginner section beginner address far advanced basic alexa iso far like able use would like lot could configure need rather accepting amazonalexa defaultkaren
5,5-Jul-18,Black  Plus,it does everything that it offers.,1,everything offer
5,30-Jul-18,Configuration: Fire TV Stick,Love it love it love it,1,love love love
5,29-Jul-18,Black  Spot,Love this,1,love
5,30-Jul-18,Black  Dot,I love it. bought one for my daughter and one for myself,1,love bought one daughter one
5,23-Jul-18,White  Spot,Awesome item that I had to buy two!,1,awesome item buy two
5,30-Jul-18,Black  Dot,Fun To interact with,1,fun interact
4,30-Jul-18,Black  Dot,Gave as a gift - they loved it.,1,gave gift loved
4,30-Jul-18,Black  Dot,It's pretty fun and nice to have a speaker that responds to my questions but doesn't understand my commands some of the time.,1,pretty fun nice speaker responds question not_understand command time
5,29-Jul-18,Sandstone Fabric ,easy to use--amazing,1,easy useamazing
5,29-Jul-18,Charcoal Fabric ,Best thing I've invested in in a while thank you so much 😁😁😁😁,1,best thing invested thank much
5,30-Jul-18,Black  Dot,"""Love it!! It is so handy and easy to use. Got it for my classroom, but I many need to just get another one.""",1,love handy easy use got classroom many need get another one
5,30-Jul-18,Black  Show,Great product,1,great product
5,30-Jul-18,Heather Gray Fabric ,Love this just wish it had a built in hub,1,love wish built hub
5,26-Jul-18,White  Plus,"""I love my echo plus. I use it with my Spotify account, to find my phone, make phone calls,  turn our lights off and on, much more. Most importantly it reads story to my children.  They love it and that makes me happy.""",1,love echo plus use spotify account find phone make phone call turn light much importantly read story child love make happy
5,30-Jul-18,Black  Dot,love it...just like the other 4 I own.,1,love itjust like
5,30-Jul-18,Black  Dot,Works better than anticipated. This thing is awesome.,1,work better anticipated thing awesome
4,30-Jul-18,Configuration: Fire TV Stick,New device so still learning about it but works great for us when navigating Hulu.,1,new device still learning work great u navigating hulu
5,29-Jul-18,Charcoal Fabric ,"""Very pleased with the Echo 2nd Generation. It is so nice to have Alexa available for music, weather, news, and probably a lot more we haven’t discovered.""",1,pleased echo nd generation nice alexa available music weather news probably lot not_discovered
5,29-Jul-18,Charcoal Fabric ,Works as advertised,1,work advertised
5,27-Jul-18,Black  Plus,Awesome!! Loving Alexa,1,awesome loving alexa
3,30-Jul-18,Heather Gray Fabric ,"""Doesn't know half the things asked. Can't recognize my sprinkler wifi controller, even though product details says it is compatible. Can't program or change my wifi thermostat settings and its matched up on same wifi router. Just a handy music player. That's if you have Amazon Music.""",2,not_know half thing asked not_recognize sprinkler wifi controller even though product detail say compatible not_program change wifi thermostat setting matched wifi router handy music player amazon music
5,31-Jul-18,Configuration: Fire TV Stick,I put it on a TV that didn’t have a great picture and it now looks like a new TV,1,put tv not_have great picture look like new tv
5,27-May-18,Black,"""The problem I have with this item could just be my inexperience. I ordered the wrong thing, but then decided I’d set it up and use Alexa. I was trying to replace a small Bluetooth speaker in my bedroom. Thought I could learn as I go. I downloaded the app, but never could get the Echo to sync with my iPhone. I’ve decided to give this to one of my kids and they will probably enjoy it and use it as it is intended.""",1,problem item could inexperience ordered wrong thing decided would set use alexa trying replace small bluetooth speaker bedroom thought could learn go downloaded app never_could get echo sync iphone decided give one kid probably enjoy use intended
5,30-Jul-18,Configuration: Fire TV Stick,Easy to use,1,easy use
4,30-Jul-18,White  Dot,My three year old loves it.  Good for doing basic household tasks.  We're going to add a few smart outlets and bulbs.,1,three year old love good basic household task going add smart outlet bulb
2,30-Jul-18,Configuration: Fire TV Stick,I would not recommend this to anyone. It won't load netflix or if it does on rare occasion it won't run the program all the way thru. It tells you the we are unable to process this title at this time. Try again later.  It is not the Netflix site cause I can stream it just fine on my computer.  Its the Firestick. very disappointing.,0,would not_recommend anyone not_load netflix rare occasion not_run program way thru tell unable process title time try later not_the netflix site stream fine computer firestick disappointing
4,16-Jul-18,Black  Plus,It get on sale after 2 days so ... CHECK EVENTS BEFORE U BUY THESE AMAZON PRODUCTS!,1,get sale day check event buy amazon product
5,29-Jul-18,White  Show,This is the best of my echo devices and I own a spot a dot and echo,1,best echo device spot dot echo
5,30-Jul-18,Configuration: Fire TV Stick,"""I like to watch older shows, 70's and 80's, and the firestick gives me the opportunity to find those shows.""",1,like watch older show firestick give opportunity find show
5,30-Jul-18,Configuration: Fire TV Stick,I liked it was linked to prime,1,liked linked prime
5,30-Jul-18,White  Show,"""This product is even better than I imagined. I love the timer setting, it reminds me to put the clothes in the dryer if i ask it to, and i love shopping list feature.  My family enjoys the games too! It’s made my life a little more easy! Alexa is my personal assistant. :)""",1,product even better imagined love timer setting reminds put clothes dryer ask love shopping list feature family enjoys game made life little easy alexa personal assistant
5,28-Jul-18,Black  Show,I am very pleased with the Echo Show! I love that it has so many nice features. I highly recommend it.,1,pleased echo show love many nice feature highly recommend
5,30-Jul-18,Black  Dot,"""Clear sound, great alarm clock, plays my music.  What else can you ask for.  Oh yeah, you can order what you need.""",1,clear sound great alarm clock play music else ask oh yeah order need
4,28-Jul-18,Black  Show,"""It seems a little less intuitive then the regular Echo Plus. It's also a little harder for it to pick up what you're saying.  When combined with the other four we have in the household, having to speak loud enough for it to hear was cross activating other ones, so we had to rename this one.  Overall it works well, but does not seem as adept at doing things as the original Echo Plus.""",1,seems little less intuitive regular echo plus also little harder pick saying combined four household speak loud enough hear cross activating one rename one overall work well not_seem adept thing original echo plus
5,30-Jul-18,Heather Gray Fabric ,The speaker has excellent sound and works perfectly!,1,speaker excellent sound work perfectly
3,29-Jul-18,Sandstone Fabric ,I owned an echo for overa year but the new lacks the easy way to increase or decrease volume without telling it to increase or decrease volume which is hard to do for my wife since English is her second language she was born in korea. But the sound from the echo is superb. So we’ll keep it..,2,owned echo overa year new lack easy way increase decrease volume without telling increase decrease volume hard wife since english second language born korea sound echo superb keep
4,30-Jul-18,Configuration: Fire TV Stick,It was easy to use for our bedroom TV.,1,easy use bedroom tv
5,28-Jul-18,Black  Plus,I bought this specifically for the smart hub capability. So far it has been great. Easy set up instructions for all the various brands compatible with it.,1,bought specifically smart hub capability far great easy set instruction various brand compatible
3,21-Jun-18,Black,"""Started taking on her own! Haven’t used it since I unplugged it that day. No one was talking, my daughter was laying in bed next to be and she just started going on about the movie Moana and completely scared the sh*t out of my daughter now.""",2,started taking not_used since unplugged day no_one talking daughter laying bed next started going movie moana completely scared sht daughter
1,29-Jul-18,Black  Spot, ,0,no_review
5,30-Jul-18,Heather Gray Fabric ,Really happy with this purchase.  Great speaker and easy to set up.,1,really happy purchase great speaker easy set
5,28-Jul-18,Black  Plus,Definitely a really good buy for FIRST time buyers of smart home stuff =]I bought 3 =],1,definitely really good buy first time buyer smart home stuff bought
4,27-May-18,Black,Love my echo dot!!!,1,love echo dot
5,30-Jul-18,Heather Gray Fabric ,"""I purchased an echo dot for my husband for Fathers Day.  He uses it constantly and after hearing the quality of sound of the Echo (2nd Generation), It was a no-brainer.  Best gift ever!""",1,purchased echo dot husband father day us constantly hearing quality sound echo nd generation nobrainer best gift ever
5,24-Jun-18,Black,Thumbs up!,1,thumb
5,30-Jul-18,Configuration: Fire TV Stick,Super easy to set up.  Easy to use. Lots of app options available.,1,super easy set easy use lot app option available
3,30-Jul-18,Black  Dot, ,2,no_review
5,27-May-18,Black,Working good so far.,1,working good far
5,29-Jul-18,Black  Show,The music...the shopping list and the sound....,1,musicthe shopping list sound
5,30-Jul-18,White  Dot,Perfect for a home office,1,perfect home office
5,29-Jul-18,Black  Plus,"""Not perfect but very good! A few times Alexa picked up something from TV, and has a very slight problem with smart home equipment in that she gets confused with what we want to call things. If you call something &#34;light&#34; in the app you need to say light, not &#34;lights.&#34; Echo Plus has no problems as a smart hub but I could use better user directions. Well worth owning and a good step to making my home Smart!""",1,not_perfect good time alexa picked something tv slight problem smart home equipment get confused want call thing call something light app need say light not_lights echo plus no_problems smart hub could use better user direction well worth owning good step making home smart
5,20-Jul-18,Black  Plus,"""Incredible piece of technology.I have this right center of my living room on an island kitchen counter. The mic and speaker goes in every direction and the quality of the sound is quite good. I connected the Echo via Bluetooth to my Sony soundbar on my TV but find the Echo placement and 360 sound more appealing. It's no audiophile equipment but there is good range and decent bass. The sound is more than adequate for any indoor entertaining and loud enough to bother neighbors in my building. The knob on the top works great for adjusting volume. This is my first Echo device and I would imagine having to press volume buttons (on the Echo 2) a large inconvenience and not as precise. For that alone I would recommend this over the regular Echo (2nd generation).The piece looks quality and is quite sturdy with some weight on it. The rubber material on the bottom has a good grip on the granite counter-- my cat can even rub her scent on it without tipping it over.This order came with a free Philips Hue Bulb which I installed along with an extra one I bought. I put the 2 bulbs into my living room floor lamp, turned on the light, and all I had to do was say &#34;Alexa, connect my devices&#34;. The default names for each bulb was assigned as &#34;First light&#34; and &#34;Second light&#34;, so I can have a dimmer floor lamp if I just turned on/off one of the lights by saying &#34;Alexa, turn off the second light&#34;. In the Alexa app, I created a 'Group' with &#34;First light&#34; and &#34;Second light&#34; and named the group &#34;The light&#34;, so to turn on the lamp with both bulbs shining I just say &#34;Alexa, turn on The light&#34;.I was surprised how easily the bulbs connected to the Echo Plus with its built in hub. I thought I would have to buy a hub bridge to connect to my floor lamp power plug. Apparently there is some technology built directly inside the bulb! I was surprised by that. Awesome.You will feel like Tony Stark on this device. I added quite a few &#34;Skills&#34; like 'Thunderstorm sounds' and 'Quote of the day' . Alexa always loads them up quickly. Adding songs that you hear to specific playlists on Amazon Music is also a great feature.I can go on and on and this is only my second day of ownership.I was lucky to buy this for $100 on Prime Day, but I think for $150 is it pretty expensive considering the Echo 2 is only $100. In my opinion, you will be paying a premium for the Echo Plus and you have to decide if the value is there for you:1) Taller and 360 sound unit.2) Volume knob on top that you spin (I think this is a huge benefit over buttons)3) Built in hub for Hue bulbs. After researching more, there are some cons to this setup if you plan on having more advanced light setups. For me and my floor lamp, it's just perfect.I highly recommend it and will buy an Echo dot for my bedroom now.""",1,incredible piece technologyi right center living room island kitchen counter mic speaker go every direction quality sound quite good connected echo via bluetooth sony soundbar tv find echo placement sound appealing no_audiophile equipment good range decent bass sound adequate indoor entertaining loud enough bother neighbor building knob top work great adjusting volume first echo device would imagine press volume button echo large inconvenience not_as precise alone would recommend regular echo nd generationthe piece look quality quite sturdy weight rubber material bottom good grip granite counter cat even rub scent without tipping overthis order came free philip hue bulb installed along extra one bought put bulb living room floor lamp turned light say alexa connect device default name bulb assigned first light second light dimmer floor lamp turned onoff one light saying alexa turn second light alexa app created group first light second light named group light turn lamp bulb shining say alexa turn lighti surprised easily bulb connected echo plus built hub thought would buy hub bridge connect floor lamp power plug apparently technology built directly inside bulb surprised awesomeyou feel like tony stark device added quite skill like thunderstorm sound quote day alexa always load quickly adding song hear specific playlist amazon music also great featurei go second day ownershipi lucky buy prime day think pretty expensive considering echo opinion paying premium echo plus decide value taller sound unit volume knob top spin think huge benefit button built hub hue bulb researching con setup plan advanced light setup floor lamp perfecti highly recommend buy echo dot bedroom
5,28-Jul-18,Black  Spot,Love the alarm feature...just tell what time.,1,love alarm featurejust tell time
5,20-May-18,Black,Works great!,1,work great
5,16-Jun-18,White,Purchased for my 83 year old mother-she loves talking to Alexa! Very responsive-can detect its “name” from all over the room.,1,purchased year old mothershe love talking alexa responsivecan detect name room
5,30-Jul-18,Charcoal Fabric ,Love our echo,1,love echo
4,1-Jul-18,Black,goes great with our echo,1,go great echo
5,30-Jul-18,Configuration: Fire TV Stick,Extremely easy to use! Switched away from directv and use it to stream T.V.,1,extremely easy use switched away directv use stream tv
1,29-Jul-18,Black  Show,"""I bought this product hoping that Alexa would be pretty well developed and far enough along, therefore expecting her to be responsive. This $100 piece of crap doesnt even know how to respond to a question that amazon themselves told me to ask her. (Echo buttons manual, see Step 3.) The device has potential given it has a big screen, decent sound but for 200 bucks, I would never reccomend it. Even for the $100 I spent, I feel like I got shorted. Oh and lastly, the device is pretty useless without a prime membership. I linked my personal account to it and the thing was literally a decorated bluetooth speaker. I went on the family account (this one) and got it to work minimal. Oh, and even with our prime membership, you have to have a music pass or something that's an extra 3.99 a month, leaving this item a subscription nightmare, and a overpriced, decorated bluetooth speaker in my eyes. I would give it zero stars if I could.""",0,bought product hoping alexa would pretty well developed far enough along therefore expecting responsive piece crap not_even know respond question amazon told ask echo button manual see step device potential given big screen decent sound buck would never_reccomend even spent feel like got shorted oh lastly device pretty useless without prime membership linked personal account thing literally decorated bluetooth speaker went family account one got work minimal oh even prime membership music pas something extra month leaving item subscription nightmare overpriced decorated bluetooth speaker eye would give zero star could
5,30-Jul-18,Black  Dot,"""Very intelligent, love the songs ....""",1,intelligent love song
5,28-Jul-18,Black  Show,I like the variety of stuff that the echo show offers.,1,like variety stuff echo show offer
5,30-Jul-18,Black  Show,It’s fun,1,fun
5,30-Jul-18,Black  Dot,Easy to set up and connect with smart devices. Just what I needed!,1,easy set connect smart device needed
5,28-Jul-18,Black  Show,I absolutely love my Show!,1,absolutely love show
5,29-Jul-18,White  Show,I have not had it very long. It's my first Alexa thing. I sure like what I have done with it so far there is a lot to learn and play with,1,not_had long first alexa thing sure like done far lot learn play
5,30-Jul-18,Black  Dot,The Echo Dot was everything that I expected and more.,1,echo dot everything expected
5,17-May-18,Black,Works great,1,work great
5,31-May-18,Black,The voice clarity has made my eavesdropping efforts so much easier - the government. :),1,voice clarity made eavesdropping effort much easier government
5,30-Jul-18,Sandstone Fabric ,I'm really impressed with the sound quality when playing music from this device.  The bass sounds almost like it's coming from a bigger speaker so props to Amazon.,1,really impressed sound quality playing music device bass sound almost like coming bigger speaker prop amazon
4,25-Jul-18,Black,love it,1,love
1,30-Jul-18,White  Show, ,0,no_review
5,28-Jul-18,Black  Plus,Perfect for controlling my tp-link smart devises,1,perfect controlling tplink smart devise
5,25-Jul-18,White  Spot,This echo spot is great I love it,1,echo spot great love
4,30-Jul-18,Black  Plus,"""I am pleasantly surprised at the accuracy of Alexa. The unit is very responsive and can easily respond even with TV or music playing.I did pair two smart  bulbs and they go on, off and dim with ease using voice or app. Fidelity is very good for the size.My only regret is that I would have liked a silver model or a fabric cover but that is an unimportant issue.""",1,pleasantly surprised accuracy alexa unit responsive easily respond even tv music playingi pair two smart bulb go dim ease using voice app fidelity good sizemy regret would liked silver model fabric cover unimportant issue
5,30-Jul-18,White  Dot,Outstanding product - easy to use.  works great,1,outstanding product easy use work great
5,30-Jul-18,Charcoal Fabric ,Great addition to our breakfast room kitchen.  Tunes and information instantly available.  Slowly learning more features.,1,great addition breakfast room kitchen tune information instantly available slowly learning feature
5,30-Jul-18,Configuration: Fire TV Stick,"""Already had a firestick in our livingroom, great entertainment, had to get one for the bedroom.""",1,already firestick livingroom great entertainment get one bedroom
2,30-Jul-18,White  Show,"""Alexa is pretty dumb ,,,""",0,alexa pretty dumb
5,3-Jun-18,Black,This is a fun toy.  My daughter have me it.  It reads to me!,1,fun toy daughter read
5,30-Jul-18,Black  Dot,"""AMAZING. It has helped me become better organized, gives me traffic updates, weather updates, and helps me maintain a good, fast morning routine.""",1,amazing helped become better organized give traffic update weather update help maintain good fast morning routine
5,30-Jul-18,White  Dot,"""I'm finding more and more uses for this all the time. It keeps me informed with news and weather, I can get a daily Bible verse, and have it play music. New skills are added all the time. The future is here!""",1,finding us time keep informed news weather get daily bible verse play music new skill added time future
5,30-Jul-18,Sandstone Fabric ,How did I live this long without the Echo . You get to enjoy any music style  just my asking Alexa . Going to up-greade to the wireless . Love the Echo . Love you too Alexa .,1,live long without echo get enjoy music style asking alexa going upgreade wireless love echo love alexa
5,25-Jul-18,White  Spot,Bought this for our son as his birthday present and he loves it.  Often find him jamming to music in his room now  :)  He loves the options for the alarms and we have his weekday alarms set to repeat and he gets to sleep in on non-school days.,1,bought son birthday present love often find jamming music room love option alarm weekday alarm set repeat get sleep nonschool day
5,30-Jul-18,Black  Dot,"""Great addition to my Alexa base. Using it in my guest bedroom for music, clock and info.Dot speaker is not as strong as the base but it's a great value""",1,great addition alexa base using guest bedroom music clock infodot speaker not_as strong base great value
5,30-Jul-18,Black  Dot,"""I love my new Echo Dot! Right now, I mainly use it to play music at night, but it gets the job done.""",1,love new echo dot right mainly use play music night get job done
5,30-Jul-18,Black  Dot,"""Easy to set up, can control Kasa smart plugs no problem.  Even the kids have figured stuff out that I would not have asked Alexa, like telling jokes and singing. The Alexa app controls my custom spark plug and my cloud cam.""",1,easy set control kasa smart plug no_problem even kid figured stuff would not_have asked alexa like telling joke singing alexa app control custom spark plug cloud cam
5,30-Jul-18,Black  Dot,Excellent. Bought another one yesterday!,1,excellent bought another one yesterday
3,30-Jul-18,Black  Show,"""The Echo Show is ok, however the constant suggestions about what to ask Alexa are sooooo annoying and there is no way to eliminate it. Also, I thought I could have the weather for an area displayed continuously,  but I have to talk to Alexa, which I don't want to do in the middle of the night. Had I payed full price it would have been returned. There are other features that are nice, but I may never use them.""",2,echo show ok however constant suggestion ask alexa sooooo annoying no_way eliminate also thought could weather area displayed continuously talk alexa not_want middle night payed full price would returned feature nice may never_use
5,30-Jul-18,Configuration: Fire TV Stick,Excellent product and service.  Very easy to install and my daughter is very happy.,1,excellent product service easy install daughter happy
4,19-May-18,White,I had a brand new echo Dot and thought that the refurbished would be just as good. It was quite different from my expectations. Refurbished unit did not even turn on and after a while I realized that the power adapter was faulty. There is no way for me to have Amazon send me a power adapter by itself according to the return options. I love Amazon and buy even my toilet paper through them but this was truly a let down.Update: Amazon contacted me and credited me enough to buy a new power adapter. This is why I shop on Amazon. I can always trust them to deliver on their products.,1,brand new echo dot thought refurbished would good quite different expectation refurbished unit not_even turn realized power adapter faulty no_way amazon send power adapter according return option love amazon buy even toilet paper truly let downupdate amazon contacted credited enough buy new power adapter shop amazon always trust deliver product
5,29-Jul-18,Charcoal Fabric ,plays great,1,play great
5,30-Jul-18,White  Dot,I have an echo but wanted a dot for my bedroom. It was even easier to set up than my original echo.,1,echo wanted dot bedroom even easier set original echo
5,28-Jul-18,Black  Plus,Love it!!!,1,love
5,30-Jul-18,Black  Dot,Works great!,1,work great
3,25-Jul-18,Black  Spot,"""I was contacted by people in India. Were they suppose to charge me $79.00? It was very hard to understand their instructions. They did have control of my computer and network. I, also, bought a Cloud Cam but do not know how to make it work with Alexa.""",2,contacted people india suppose charge hard understand instruction control computer network also bought cloud cam not_know make work alexa
5,30-Jul-18,Charcoal Fabric ,"""I like the fact that I can get any kind of music from Prime that I want on request from Alexa. I liked the informative photo little pamphlet but wish it included how to connect your TV etc. to the commands from Alexa. BUT, I really love having the music.""",1,like fact get kind music prime want request alexa liked informative photo little pamphlet wish included connect tv etc command alexa really love music
5,30-Jul-18,Black  Show,"""Love, love, LOVE!!!""",1,love love love
5,30-Jul-18,Black  Dot,Love it,1,love
5,30-Jul-18,White  Dot,"""very handy in the kitchen, sets timer and gives me extra help on setting oven temps.""",1,handy kitchen set timer give extra help setting oven temp
5,13-Jul-18,White,"""It's an echo, and it works.  For the price it's great deal. Have had no issues with it.  As with all dots, the speaker is a bit tinny, but good for a second unit, or if you are like me, you can attach it to an external speaker for more sound.Good buy""",1,echo work price great deal no_issues dot speaker bit tinny good second unit like attach external speaker soundgood buy
5,30-Jul-18,Heather Gray Fabric ,Yet another Exho for our home and love them all!!!,1,yet another exho home love
5,30-Jul-18,Charcoal Fabric ,Having so much fun with Alexa. Love being able to listen to music when I’m across the room or busy doing something else.,1,much fun alexa love able listen music across room busy something else
5,30-Jul-18,Black  Dot,"""I love this product so far only because of the few things I can do with it...such as set a timer, a reminder, play music and games. I don't like that to get the full enjoyment from it that you have to purchase so many things. It was also very difficult to set up. The directions made it sound as simple as one, two, three but they forgot about step four, five and six. I was almost ready to send to back.The app is extremely slow and it took hours to get this thing set up. However depending on what you are going to be using it for I think it's an ok item.""",1,love product far thing itsuch set timer reminder play music game not_like get full enjoyment purchase many thing also difficult set direction made sound simple one two three forgot step four five six almost ready send backthe app extremely slow took hour get thing set however depending going using think ok item
1,30-Jul-18,Black  Show,Fire HD does so much more.  Over priced pair of speakers.,0,fire hd much priced pair speaker
5,30-Jul-18,Black  Dot,Love it!! Don’t know what took me so long to get one — and don’t know why I didn’t get two on Amazon Prime Day!,1,love not_know took long get one not_know not_get two amazon prime day
3,28-Jul-18,Black  Show,It doesn’t play you tube videos,2,not_play tube video
5,30-Jul-18,Charcoal Fabric ,I love it! Learning knew things with it eveyday! Still figuring out how everything works but so far it's been easy to use and understand. She does make me laugh at times,1,love learning knew thing eveyday still figuring everything work far easy use understand make laugh time
5,30-Jul-18,Black  Dot, ,1,no_review
5,16-Jul-18,Black  Spot,"""I love this thing! It plays my books from audible or prime music and sets my alarms! If you’re considering purchasing one, get it. It’s worth it.""",1,love thing play book audible prime music set alarm considering purchasing one get worth
5,3-Jul-18,Black  Plus,It's louder than the dot and it's got a built in hub for all the other wireless controls in the house.,1,louder dot got built hub wireless control house
4,30-Jul-18,Black  Dot,"""The Alexa program is great, but the quality is not the best. It could definitely be louder.""",1,alexa program great quality not_the best could definitely louder
5,30-Jul-18,Sandstone Fabric ,"""I love my Echo!  Works just like they said it would. I don't have a &#34;smart&#34; home, so I cannot speak about that function, but everything else about it is good.""",1,love echo work like said would not_have smart home not_speak function everything else good
5,31-Jul-18,Charcoal Fabric ,Love my Echo!,1,love echo
3,20-Jul-18,Black  Spot,I like it as an Alexa device but its small.,2,like alexa device small
5,30-Jul-18,White  Dot,We have so much fun with this!  So easy to use that even my four year old loves talking to Alexa!!,1,much fun easy use even four year old love talking alexa
5,30-Jul-18,Black  Dot,Love it... can't stop using it..,1,love not_stop using
5,29-Jul-18,Black  Plus,"""For now, I love everything. So cool with my music and flash briefings, 5 star Echo""",1,love everything cool music flash briefing star echo
5,30-Jul-18,Heather Gray Fabric ,I love you so much,1,love much
5,30-Jul-18,White  Dot,Fun and  information.  No dislikes  so far !! Like the convenience!!,1,fun information no_dislikes far like convenience
5,29-Jul-18,Charcoal Fabric ,"""Bought this a few weeks ago -  everything about this product is excellent !!!!! Don't forget to buy a charger when ordering, it's a must have to take outside by the pool and not have to worry about hiring an electrician to put in outlets all over the yard.""",1,bought week ago everything product excellent not_forget buy charger ordering must take outside pool not_have worry hiring electrician put outlet yard
3,12-Jun-18,Black,Not substitute for the original.  The echo dot performs well but sound quality is poor.  To listen it has to be at the highest level 10.,2,not_substitute original echo dot performs well sound quality poor listen highest level
5,29-Jul-18,Heather Gray Fabric ,Works great!,1,work great
5,30-Jul-18,White  Dot,Outstanding product - easy to use.  works great,1,outstanding product easy use work great
5,30-Jul-18,Charcoal Fabric ,"""Love it! I was thinking about getting one and when the prime day discount was offered, I could not pass it up! It's fun to ask Alexa to play any song or group and she comes up with a playlist from Amazon Prime Music. You can also connect your iPhone with bluetooth and play music with Pandora or YouTube videos using Alexa as a speaker. I've been having fun asking Alexa different types of questions or for information like weather, news or even the time in other countries. The only downside is if you have limited data on your wifi plan, because Alexa uses burns it up when playing music.""",1,love thinking getting one prime day discount offered could not_pass fun ask alexa play song group come playlist amazon prime music also connect iphone bluetooth play music pandora youtube video using alexa speaker fun asking alexa different type question information like weather news even time country downside limited data wifi plan alexa us burn playing music
5,1-Jun-18,White,I loved it it works great,1,loved work great
5,17-Jul-18,White  Plus,Exchange new color,1,exchange new color
5,29-Jul-18,Heather Gray Fabric ,"""I have the original Alexa and the Tap and so far the 2nd generation is the best. I'm happy to see they are making improvements with each new one.It would be great to have updates to our little A.I.'s, I think it would help out a lot with the bugs in it. All in all I am very happy with her and I can now play music throughout the whole house and adjust the bass and treble. Thank you""",1,original alexa tap far nd generation best happy see making improvement new oneit would great update little ai think would help lot bug happy play music throughout whole house adjust bass treble thank
4,30-Jul-18,Black  Dot,"""I had some trouble with my echo dot when I first got it because of internet connection issues. After doing research online I saw from some other people that they had trouble with the 2nd generation Echo Dot. However, the same weekend I took a trip and brought my Echo Dot along to the hotel where it seemed to work just fine. Now back home, the internet connection has seemed to have gotten through it's little rough patch and I haven't had any problems since. So, if you are having connection issues with an Echo Dot then it is probably the internet and not the device.""",1,trouble echo dot first got internet connection issue research online saw people trouble nd generation echo dot however weekend took trip brought echo dot along hotel seemed work fine back home internet connection seemed gotten little rough patch not_had problem since connection issue echo dot probably internet not_the device
5,19-Jul-18,Black  Plus,"""Love, Love, Love""",1,love love love
5,30-Jul-18,Black  Dot,"""What can I say. Well, I’m a  paranoid IT person of 30 years but got hooked on the idea of cloud based home control. So yes I love my echo stuff but, I did create a isolated VLAN on my home network to run the devices including the cheap ones that require you to sign up on some questionable website and download their app. Be carful with these people!  Entering your Wi-Fi password on a site that’s not vetted and your location when the app askes is not a good thing. Try to stay with devices that  work directly with the Alexa hub with no third-party app, Amazon has more control of these types of devices and how the  sensitive information is handled.""",1,say well paranoid person year got hooked idea cloud based home control yes love echo stuff create isolated vlan home network run device including cheap one require sign questionable website download app carful people entering wifi password site not_vetted location app askes not_a good thing try stay device work directly alexa hub no_thirdparty app amazon control type device sensitive information handled
5,8-Jul-18,White  Plus,The sound of the speaker is better than the other Echo I own!,1,sound speaker better echo
4,30-Jul-18,Black  Plus,Not that much different than the one we had.  Alexa is still stubborn. LOL.  We ordered it on the Prime day to get the light bulbs with it i the deal but did not get the light bulbs.  When we called she said they were sold out.  Felt bad about that.  Now we have to buy light bulbs.,1,not_that much different one alexa still stubborn lol ordered prime day get light bulb deal not_get light bulb called said sold felt bad buy light bulb
3,30-Jul-18,Black  Dot,The commands Alexa requires are too specific.  I find Google home to be much more flexible in figuring out what I'm asking for.,2,command alexa requires specific find google home much flexible figuring asking
5,30-Jul-18,Black  Show,Very cool!,1,cool
5,9-Jul-18,White  Plus,Easy setup very fun to use. Connects with all my smart home appliances,1,easy setup fun use connects smart home appliance
4,30-Jul-18,Charcoal Fabric ,I like it,1,like
2,26-Jul-18,Black  Plus,"""It was harder to setup then I thought it should be, for some reason I had to default  it twice. Had to go thru too many steps to setup and find my devices. Would be nice if it could interact with my Xfinity cable tv cable box and it also does not work with my Xfinity alarm for my house or my cameras, be nice set and disarm the alarm with Alexa. Had to install a skill app to setup bulb ??? whats that about, you ship it with your product ??? should have said (Alexa setup bulb) or (Alexa find new bulb) ??? and (Alexa setup Nest)??? it's fine that you use third party apps but Alexa should do the work for you.""",0,harder setup thought reason default twice go thru many step setup find device would nice could interact xfinity cable tv cable box also not_work xfinity alarm house camera nice set disarm alarm alexa install skill app setup bulb ship product said alexa setup bulb alexa find new bulb alexa setup nest fine use third party apps alexa work
4,28-Jul-18,Black  Plus,Music mainly but still checking other features,1,music mainly still checking feature
3,30-Jul-18,White  Dot, ,2,no_review
2,29-Jul-18,Charcoal Fabric ,Too difficult to set up.  It keeps timing out before you can enter the password,0,difficult set keep timing enter password
5,29-Jul-18,Charcoal Fabric ,A great device,1,great device
5,25-Jul-18,Black  Plus,Love it. I play music everyday and voice  activated makes it so easy,1,love play music everyday voice activated make easy
5,29-Jul-18,Charcoal Fabric ,Fun just got it today now my I pod will go in my car and I will use this is the house.,1,fun got today pod go car use house
3,31-Jul-18,Sandstone Fabric ,"""Without having a cellphone, I cannot use many of her features. I have an iPad but do not see that of any use.  It IS a great alarm.  If u r almost deaf, you can hear her alarm in the bedroom from out in the living room, so that is reason enough to keep her.It is fun to ask random questions to hear her response.  She does not seem to be very smartbon politics yet.""",2,without cellphone not_use many feature ipad not_see use great alarm r almost deaf hear alarm bedroom living room reason enough keep herit fun ask random question hear response not_seem smartbon politics yet
5,29-Jul-18,Sandstone Fabric ,Sound quality is great. Still learning about all the different things I can do with it. FUN!!!,1,sound quality great still learning different thing fun
5,31-Jul-18,Configuration: Fire TV Stick,I don't know why I held out on getting this for so long.,1,not_know held getting long
5,30-Jul-18,Heather Gray Fabric ,Met and exceeded my expectations. Easy set up and is really quick in responses.,1,met exceeded expectation easy set really quick response
5,30-Jul-18,Black  Dot,It works great!!,1,work great
5,29-Jul-18,Charcoal Fabric ,Got a good deal and works great with Prime.  Setup was a bit of a pain but more the fault of crappy internet service.  Has worked great with nice sound from small speaker.,1,got good deal work great prime setup bit pain fault crappy internet service worked great nice sound small speaker
5,29-Jul-18,Charcoal Fabric ,Home entertainment,1,home entertainment
5,30-Jul-18,Configuration: Fire TV Stick,Works well I have several of these recommend to anyone,1,work well several recommend anyone
5,29-Jul-18,Charcoal Fabric ,We got this as a wedding gift and haven’t discovered all of its features yet. Will update. Playing music is great though!,1,got wedding gift not_discovered feature yet update playing music great though
5,31-Jul-18,Configuration: Fire TV Stick,Very easy to use.,1,easy use
5,29-Jul-18,Charcoal Fabric ,Our family really loves this new Echo,1,family really love new echo
1,27-Jul-18,Black  Plus,no it is broke and I can't get help fixing or replacing it,0,no_it broke not_get help fixing replacing
5,30-Jul-18,White  Dot,We have so much fun with this!  So easy to use that even my four year old loves talking to Alexa!!,1,much fun easy use even four year old love talking alexa
5,30-Jul-18,Black  Plus,Omg we love it!,1,omg love
5,30-Jul-18,Charcoal Fabric ,Has great sound and is very responsive my voice and commands.,1,great sound responsive voice command
5,29-Jul-18,Charcoal Fabric ,"""Doesn't work with my fairly new smart TV, but that's mainly the TV manufacturers(LG) fault due to not supporting anything older than TVs from this year. My smart locks also need an additional piece of equipment in order to connect as well. Speakers sound great and works very well.""",1,not_work fairly new smart tv mainly tv manufacturerslg fault due not_supporting anything older tv year smart lock also need additional piece equipment order connect well speaker sound great work well
5,28-Jul-18,Charcoal Fabric ,Glad I bought this.,1,glad bought
5,24-May-18,Black,Have had no issues with this refurbished unit. It performed expected. I would buy another one if needed.,1,no_issues refurbished unit performed expected would buy another one needed
4,26-Jul-18,Black  Plus,"""Nice add on to a home.What I don't like are the limitations, for example world soccer. It won't give you much info of sport teams other than American.""",1,nice add homewhat not_like limitation example world soccer not_give much info sport team american
4,29-Jul-18,Charcoal Fabric ,Terrific,1,terrific
1,30-Jul-18,White  Show,"""Don't waste your money.  I own an echo gen 1, and echo gen 2 and a dot. They all do a far better job of voice recognition that the Echo Show.  In fact, it is so bad that it is virtually useless.  Also, the speaker is incredibly bass heavy....so much so that it is hard to understand voices.  I've worked to adjust the bass and punch the mids and treble, but it still sounds awful.  Finally, the screen just doesn't add much.  I can't see if from across the room, it rarely activates in any meaningful way, and when it doesn't, it is more of a distraction than a help.(Using FaceTime is so much more practicalthan using the Show.) I'm surprised Amazon didn't make this a little more useful than it is.  Perhaps in the future, but for now, it is a waste of time and money.""",0,not_waste money echo gen echo gen dot far better job voice recognition echo show fact bad virtually useless also speaker incredibly bass heavyso much hard understand voice worked adjust bass punch mids treble still sound awful finally screen not_add much not_see across room rarely activates meaningful way not_it distraction helpusing facetime much practicalthan using show surprised amazon not_make little useful perhaps future waste time money
5,30-Jul-18,Black  Dot,I LOVE ALEXA!! SHE ROCKS!!!,1,love alexa rock
5,29-Jul-18,Charcoal Fabric ,This unit add much pleasure to our Echo Plus.  We now can have music and information through our home. (or just in one room),1,unit add much pleasure echo plus music information home one room
2,11-Jun-18,Black,The second one which was a refurbished model did work-at least not in my home.,0,second one refurbished model workat least not_in home
4,30-Jul-18,Black  Dot, ,1,no_review
5,24-Jul-18,Black  Plus,"""Great product, easy to install and use! Not a necessity but a commodity!""",1,great product easy install use not_a necessity commodity
5,30-Jul-18,Heather Gray Fabric ,I've had the first gen Echo since it first came out and it has worked well for me. I purchased the 2nd gen during Prime Day and so far I'm happy. It seems to have an improved speaker which provides enhanced sound for music and such.,1,first gen echo since first came worked well purchased nd gen prime day far happy seems improved speaker provides enhanced sound music
3,30-Jul-18,White  Dot,Love the product but dislike that I can’t sync up my Apple Music for Alexa to play,2,love product dislike not_sync apple music alexa play
5,30-Jul-18,Heather Gray Fabric ,so far love it working on getting more things set up love the grocery list app,1,far love working getting thing set love grocery list app
5,30-Jul-18,Charcoal Fabric ,The sound from this Echo 2nd Generation is phenomenal!  Not to mention that I just love Alexa!  She is very helpful.,1,sound echo nd generation phenomenal not_to mention love alexa helpful
5,30-Jul-18,White  Dot,"""I am spoiled by one downstairs...so got this one for upstairs to listen to music , etc. while I walked on the treadmill.""",1,spoiled one downstairsso got one upstairs listen music etc walked treadmill
4,29-Jul-18,Black  Dot,Good,1,good
5,31-Jul-18,Black  Dot,Family loved it!,1,family loved
5,30-Jul-18,White  Show,Bluetooth sound is great. Videos are crazy. It’s an amazing device.,1,bluetooth sound great video crazy amazing device
5,30-Jul-18,Configuration: Fire TV Stick,"""Just as advertised, bought as a gift, great price, fast shipping!!""",1,advertised bought gift great price fast shipping
2,20-Jul-18,White  Plus,"""Why do we need to buy a $100 hub to get it to work with Samsung TV's and many other devices?  I want my money back!  This thing won't even turn on my TV unless I buy another hub.  What's the point of having a hub that doesn't support half the devices out there?  DON'T buy this thing unless you want to spend another $100 on another hub.  It won't work with many of your devices.  Just by the Echo or Dot if you must but not this.  Better yet, get a Google device.  They actually understand you when you talk.""",0,need buy hub get work samsung tv many device want money back thing not_even turn tv unless buy another hub point hub not_support half device not_buy thing unless want spend another another hub not_work many device echo dot must not_this better yet get google device actually understand talk
5,25-Jul-18,White  Plus,"""I have been hesitant to purchase anything smart home because I am just not good with electronics.  However this surprised me how easy it is to set up and it links to the Bluetooth in my sound bar for my TV which provides extra sound for music, I can make calls and finally hear people when home. I do not have cable, only the paid apps like Netflix and Hulu so when Alexa provided me news stations, weather and other updates it was really great to hear! I have linked all of my accounts to her, she turns on my lights before I walk through the door. She purchases re-orders off of Amazon for my pets and I heard if something bad happened at your home she would place a call to 911 regardless if she was unplugged or not.  This is important as an extra layer of protection for someone living alone.  My tech savvy bf went out and bought her after a week of me having her. Must buy!!!""",1,hesitant purchase anything smart home not_good electronics however surprised easy set link bluetooth sound bar tv provides extra sound music make call finally hear people home not_have cable paid apps like netflix hulu alexa provided news station weather update really great hear linked account turn light walk door purchase reorder amazon pet heard something bad happened home would place call regardless unplugged not_this important extra layer protection someone living alone tech savvy bf went bought week must buy
5,30-Jul-18,Configuration: Fire TV Stick,"""Once connected it brought so many options to view. We connected with quite a few of the channels.Must have,""",1,connected brought many option view connected quite channelsmust
5,30-Jul-18,Black  Show,"""Great addition to the Alexa family.  Nice having the &#34;visual&#34; part of pics, recipes, etc.""",1,great addition alexa family nice visual part pic recipe etc
5,30-Jul-18,Charcoal Fabric ,Still love it,1,still love
3,30-Jul-18,Black  Dot,"""I bought this for my healing room.  I play continuous spa like music. Although Alexa knows the type of music needed, the device does not deliver quality sound it sounds muffled.  I didn't know I had to buy speakers too.""",2,bought healing room play continuous spa like music although alexa know type music needed device not_deliver quality sound sound muffled not_know buy speaker
5,30-Jul-18,White  Spot,"""Simply amazing what a awsome device. It never ceases to amaze me, wake up to big bang music, go to sleep softly falling rain. Drop in on the kids and keep in touch. I have just scratched the surface as to what this devise can do.""",1,simply amazing awsome device never_ceases amaze wake big bang music go sleep softly falling rain drop kid keep touch scratched surface devise
5,28-Jul-18,White  Show,We like the video calling feature. We got this so we can be in contact with our elderly parents and it works well,1,like video calling feature got contact elderly parent work well
5,30-Jul-18,Black  Dot,I love it. bought one for my daughter and one for myself,1,love bought one daughter one
5,16-Jun-18,Black,Works like a new one.  Can tell the difference from the new one I bough and the refurbished one.,1,work like new one tell difference new one bough refurbished one
5,30-Jul-18,Configuration: Fire TV Stick,Very easy to use! Makes finding shows and movies a snap.,1,easy use make finding show movie snap
5,25-May-18,Black,Great product,1,great product
5,28-Jul-18,Charcoal Fabric ,Love it,1,love
4,30-Jul-18,Black  Dot,"""I like to use it for listening to podcasts.  I like to set up the greeting in the morning to tell me what's new.  The one thing I don't like was getting it to recognize the radio station I wanted to listen to.  I finally got it working, but had to work through the bugs.""",1,like use listening podcasts like set greeting morning tell new one thing not_like getting recognize radio station wanted listen finally got working work bug
5,30-Jul-18,Configuration: Fire TV Stick,Amazing device,1,amazing device
5,20-Jun-18,Black,"""Worked as it should, still need to figure out how to link to other devices though, only set up Sonos which was pretty easy. Not the products fault, just have not had time to figure it out.""",1,worked still need figure link device though set sonos pretty easy not_the product fault not_had time figure
4,30-Jul-18,Black  Dot,Second dot.,1,second dot
5,28-Jul-18,Black  Show,This is my second Show.  I like them very much.  I use mine for music and my Arlo security cameras.  I can connect and display my outdoor cameras by voice. They are exceptionally capable devices.  I highly recommend them.,1,second show like much use mine music arlo security camera connect display outdoor camera voice exceptionally capable device highly recommend
5,30-Jul-18,Black  Dot,I enjoy it. Still discovering new uses.,1,enjoy still discovering new us
5,30-Jul-18,Oak Finish ,"""Love Alexa, bought others for friends""",1,love alexa bought others friend
5,27-Jun-18,Black,of course!,1,course
5,9-Jul-18,White  Plus,Very good quality and you don’t have to yell or be close for it to work and understand you properly,1,good quality not_have yell close work understand properly
5,30-Jul-18,Heather Gray Fabric ,so far love it working on getting more things set up love the grocery list app,1,far love working getting thing set love grocery list app
5,30-Jul-18,Configuration: Fire TV Stick,Love this!,1,love
5,28-Jul-18,Black  Spot,We bot 2 on Prime day one for use as a clock/radio in the bedroom and one in the family room to control lights and watch the front door when the doorbell rings.  Music sound is very good not as good as the Echo but way better than our Dots.  If we could only buy 1 Amazon device it would be the Spot.,1,bot prime day one use clockradio bedroom one family room control light watch front door doorbell ring music sound good not_as good echo way better dot could buy amazon device would spot
3,28-Jul-18,Black  Show,"""If you belong to amazon prime, I would think that you could watch any video on it that was in the library.  You can with prime music""",2,belong amazon prime would think could watch video library prime music
5,30-Jul-18,Black  Dot,"""Great product, fun to use!!""",1,great product fun use
5,28-Jul-18,White  Spot,Awesome. I love that it shows the lyrics of songs!,1,awesome love show lyric song
3,29-Jul-18,Black  Show,"""I love Alexa and when I had the chance to add Show to my home... I jumped at it.  But... I'm a member and my Show doesn't know I paid for the extras with my Echo (now in the upstairs bedroom.  If I am supposed to pay more for having Show added to my home, then I'm afraid to ask &#34;What's the point?&#34;""",2,love alexa chance add show home jumped member show not_know paid extra echo upstairs bedroom supposed pay show added home afraid ask point
5,29-Jul-18,Charcoal Fabric ,Love it!  So do the grandkids!!,1,love grandkids
5,29-Jul-18,Charcoal Fabric ,I having it in my living room. Music sounds really good in my living room . I can hear it upstairs.,1,living room music sound really good living room hear upstairs
5,4-Jul-18,Black  Plus,Alexa us funny and enjoyable. Nice sound,1,alexa u funny enjoyable nice sound
5,30-Jul-18,White  Show,"""I’m just learning about this product, but what I know I love !""",1,learning product know love
3,30-Jul-18,White  Dot,Alexa seems to get dumber and less useful all the time,2,alexa seems get dumber less useful time
4,30-Jul-18,White  Dot,I like having more Alexa devices in my house and the sales price on amazon prime day was too tempting.,1,like alexa device house sale price amazon prime day tempting
4,30-Jul-18,Charcoal Fabric ,"""i have not found a way to access my echo thorough my prime account.  I think it should be part of the top line with video, music, etc.  I also think the setup app where i define, for example music i like, is not well integrated into echo.  I have tried to ask for my playlist and echo is not sure even though i set up play list in my settings.  I also do not like the fact that my words have to be exact match of my playlist names, which i can never remember.I like the ready nature of echo to respond to most any queries.""",1,not_found way access echo thorough prime account think part top line video music etc also think setup app define example music like not_well integrated echo tried ask playlist echo not_sure even though set play list setting also not_like fact word exact match playlist name never_rememberi like ready nature echo respond query
5,30-Jul-18,Black  Dot,Love it. Added it to an upstairs bedroom,1,love added upstairs bedroom
5,30-Jul-18,Black  Dot,"""these are additional alexa based devices to make access better from other parts  of our homes rather than trying to shout questions or instructions through out the house, lol. we wouldn't be without alexa for the variety of functions that she performs.""",1,additional alexa based device make access better part home rather trying shout question instruction house lol would not_be without alexa variety function performs
5,19-Jul-18,Black  Plus,"""Pretty cool device. Still have a lot to learn, but I'm changing channels on my Fios, and getting info needed. the speaker is great for what I needed it for, which mainly is music.""",1,pretty cool device still lot learn changing channel fios getting info needed speaker great needed mainly music
5,30-Jul-18,Black  Dot,"""excellent device , works great, having no problems or concerns""",1,excellent device work great no_problems concern
4,19-Jun-18,Black,"""Works very well, but the microphone don&#34;t pick up as well as the full size echo.  Audio quality is okay for the size.""",1,work well microphone dont pick well full size echo audio quality okay size
4,30-Jul-18,Black  Show,"""It,is,what it is and than some. Sounds great too. On,y thing I dont like the camera being seen by anyone working for amazon  I asked echo show to show me camera and didn’t know what I was saying but knows how to turn camera on and off but can’t dhiw u what’s recording hmm""",1,itiswhat sound great ony thing not_like camera seen anyone working amazon asked echo show show camera not_know saying know turn camera not_dhiw recording hmm
5,11-Jun-18,Black,"""Love my Alexa Echo Dot - I have two of them now - one new, one refurbished.  Both work great and it has become my go to for sooo many things.  I love it as an alarm every morning or whenever.  I love it to play music or sounds of the ocean, or nature sounds when I am trying to sleep.  Just love it for so many things.""",1,love alexa echo dot two one new one refurbished work great become go sooo many thing love alarm every morning whenever love play music sound ocean nature sound trying sleep love many thing
5,28-Jul-18,Black  Spot,Easy to use easy to set up,1,easy use easy set
5,29-Jul-18,Charcoal Fabric ,We are so glad that we got the Echo over a Bluetooth speaker. Alexa does so much more stuff than other non smart speakers out there. I personally love the timer feature. It has helped me with cooking multiple things simultaneously. Pandora integration is another feature that I use daily. So happy with out Prime Day purchase. I will get the Echo hub and a few more Echo dots in the future.,1,glad got echo bluetooth speaker alexa much stuff non smart speaker personally love timer feature helped cooking multiple thing simultaneously pandora integration another feature use daily happy prime day purchase get echo hub echo dot future
4,31-Jul-18,Configuration: Fire TV Stick,One problem you need to buy an app from amazon to mirroring your iphone .. app price 2.99$ .. other than that the device is perfect,1,one problem need buy app amazon mirroring iphone app price device perfect
5,28-Jul-18,Charcoal Fabric ,"""Easy setup using the app, which was also easy to install on my phone.  The sound quality while for listening to music on Pandora is wonderful!!""",1,easy setup using app also easy install phone sound quality listening music pandora wonderful
4,30-Jul-18,White  Show,"""We like it a lot, sound is better than the original echo, the bass feels deeper.  The screen is cool, though, havent got a lot of use out of it though.""",1,like lot sound better original echo bass feel deeper screen cool though not_got lot use though
5,30-Jul-18,Black  Dot,I got this for dad on father's Day!  He was tickled with it!,1,got dad father day tickled
5,1-Jul-18,Black,Looks and performs as new.  No complaints!,1,look performs new no_complaints
5,30-Jul-18,White  Dot,Really like it,1,really like
4,30-Jul-18,Oak Finish ,"""4.5 out of 5 Stars. I generally like this product. Its great at doing what you ask of it like playing music, setting timers, and making calls. Reason why I didn't rate it 5 out of 5 is that sometimes the connection dies and my Echo stops playing music and shows a red ring. Seems to be a connection issue. Overall, great product.""",1,star generally like product great ask like playing music setting timer making call reason not_rate sometimes connection dy echo stop playing music show red ring seems connection issue overall great product
5,30-Jul-18,Black  Dot,Love it.. makes the simple things in life simpler,1,love make simple thing life simpler
5,30-Jul-18,Black  Show,I love the echo show awesome speakers I love the fact when you listen to music the words come up all around liking it so far. Also being able to read what's on your shopping list to do list and notifications,1,love echo show awesome speaker love fact listen music word come around liking far also able read shopping list list notification
5,30-Jul-18,Configuration: Fire TV Stick,ok,1,ok
2,30-Jul-18,White  Show,"""Do not understand all the excitement over these alexa devices or the google ones either.  It rarely gets what I say correct, does not control the Dish receiver.  Yes I set it up correctly, using the alexa app on my phone.  We got this for 129,  which is a good deal, ti is definately not worth the 229 price though.  Maybe in another month it will get better, or either I have one that is just deaf and dumb.  Really can not recommend this item at the current time""",0,not_understand excitement alexa device google one either rarely get say correct not_control dish receiver yes set correctly using alexa app phone got good deal ti definately not_worth price though maybe another month get better either one deaf dumb really not_recommend item current time
5,30-Jul-18,Configuration: Fire TV Stick,"""Easy to set up, lots of things to watch and program in.  Have not even gotten that far into it yet.  Easy to use. Highly recommended.  Leaning more and more closer to cutting the cable cord for good.""",1,easy set lot thing watch program not_even gotten far yet easy use highly recommended leaning closer cutting cable cord good
5,29-Jul-18,Charcoal Fabric ,Fun just got it today now my I pod will go in my car and I will use this is the house.,1,fun got today pod go car use house
5,30-Jul-18,Configuration: Fire TV Stick,I love it,1,love
5,13-Jun-18,Black,I purchased this refurbished.  Works just like brand new.  3 minute set up. Very easy.  Now I have echo dot that I can command to start playing music for my backyard deck sound system.,1,purchased refurbished work like brand new minute set easy echo dot command start playing music backyard deck sound system
5,17-Jun-18,Black,Amazing,1,amazing
5,30-Jul-18,Charcoal Fabric ,"""Fun to use, good sound quality""",1,fun use good sound quality
2,30-Jul-18,Black  Dot,Ask it to play Motown radio on Pandora and it keeps asking if I want to add a salsa station. Motown isn’t close to salsa phonetically.,0,ask play motown radio pandora keep asking want add salsa station motown not_close salsa phonetically
4,30-Jul-18,Black  Show,Video calls to Mom,1,video call mom
4,29-Jul-18,Black  Show,"""All the music I can listen too, Also the movie I can watch I can see my ring doorbell .""",1,music listen also movie watch see ring doorbell
5,31-Jul-18,Configuration: Fire TV Stick,Totally clear picture with numerous channels available. Used for my kitchen tv,1,totally clear picture numerous channel available used kitchen tv
5,17-Jun-18,Black,"""Working great this far.  Can't tell it's not new.  Will edit for longevity in a year, that's the real test.""",1,working great far not_tell not_new edit longevity year real test
5,30-Jul-18,Black  Show,Love it!,1,love
5,26-Jul-18,Black  Plus,Like it. Still working discovery. Really too soon to fully evaluate. But looking forward to learning and using it.,1,like still working discovery really soon fully evaluate looking forward learning using
2,30-Jul-18,Black  Dot,Weak sound. Compared to the Google Home Mini the sound is bad. Also you need Prime to have a small selection of music and need prime music to play everything. Also if you get two you need prime family music to play music on both. I think it's lame that you need a family plan to use multiple devices.,0,weak sound compared google home mini sound bad also need prime small selection music need prime music play everything also get two need prime family music play music think lame need family plan use multiple device
4,29-Jul-18,Black  Show,"""It’s my second one, so I put this one in the kitchen for recipes.""",1,second one put one kitchen recipe
5,30-Jul-18,Black  Dot,Really like it,1,really like
4,30-Jul-18,Black  Dot,I bought the echo dot while it was on sale for prime day and I was excited when it came in the next day. I set it up immediately and everything worked perfectly fine. The set up was easy and straight forward which I really appreciated because I am terrible with technology. The only reason why I am not satisfied with my purchase is because of the fact that I can't use the Echo Dot for more than 15 minutes without it disconnecting from the internet. I am connected to both 2.4GHZ and 5GHZ wifi links and neither works. It's very frustrating because I am not getting my use out of the Echo Dot and I really wish I could. If any one has had the same problems or has any solution please let me know!,1,bought echo dot sale prime day excited came next day set immediately everything worked perfectly fine set easy straight forward really appreciated terrible technology reason not_satisfied purchase fact not_use echo dot minute without disconnecting internet connected ghz ghz wifi link neither_works frustrating not_getting use echo dot really wish could one problem solution please let know
5,29-Jul-18,Charcoal Fabric ,Everything,1,everything
5,30-Jul-18,Configuration: Fire TV Stick,My Father liked the added programing in which he is interested.,1,father liked added programing interested
5,29-Jul-18,Black  Plus,great sound easy set up looks cool,1,great sound easy set look cool
4,14-Jul-18,Black  Plus,Alexa was able to call my phone when I couldn’t find it and also turned on and off the light when commanded.  Then I came home a day later and it wouldn’t turn on the light but would shut it off.  Then she said I had no devices; couldn’t find my phone.  Now working again.  We will see.  Love the selection of music!,1,alexa able call phone could not_find also turned light commanded came home day later would not_turn light would shut said no_devices could not_find phone working see love selection music
5,30-Jul-18,Black  Dot,"""Works beautifully, excellent sound.""",1,work beautifully excellent sound
5,26-Jul-18,Black  Spot,"""I have two. One in my computer room and the other that I move around out on the deck. Not great for watching video, but it can be done. With the added sound you don't get from the Echo Dot, it is perfect for the location I have it in. Add whole house music, and you have just arrived in Nervana.""",1,two one computer room move around deck not_great watching video done added sound not_get echo dot perfect location add whole house music arrived nervana
5,25-Jul-18,White,We have five of them. Need I say more?,1,five need say
5,30-Jul-18,Charcoal Fabric ,Still learning all the ways to use it.  It is a real hit with my grandkids who ask it to play music and then dance to it.  (5 and 7 yrs).  Very cute.,1,still learning way use real hit grandkids ask play music dance yr cute
5,30-Jul-18,Charcoal Fabric ,It worked exactly as expected and the speaker has great sound. It is perfect for my classroom!,1,worked exactly expected speaker great sound perfect classroom
5,12-Jun-18,Black,Love the Echo Dot. Helps husband get Netflix and other apps on our Amazon Fire TV.  No problems with it being refurbished. Planning on getting another one for the Amazon Fire Stick in bedroom.,1,love echo dot help husband get netflix apps amazon fire tv no_problems refurbished planning getting another one amazon fire stick bedroom
5,26-Jul-18,Black  Plus,"""Great , love it.""",1,great love
4,30-Jul-18,White  Show,Very excited to see what it can do,1,excited see
5,26-Jul-18,White  Plus,A+,1,no_review
5,30-May-18,White,Great little thing. Works better than siri.,1,great little thing work better siri
5,25-Jul-18,Black  Plus,"""How can you not like the Echo Plus.  It has the built in Hub and works seamlessly with all my compatible devices.  Amazon makes a great product and I haven't had a single issue with this one or any of the other devices (echo dots, etc.).""",1,not_like echo plus built hub work seamlessly compatible device amazon make great product not_had single issue one device echo dot etc
5,29-Jul-18,Heather Gray Fabric ,Very easy setup.,1,easy setup
5,30-Jul-18,Black  Dot,Easy installation and set up. Better sound from the Echo Dot Smart speaker. Very satisified with purchase.,1,easy installation set better sound echo dot smart speaker satisified purchase
5,30-Jul-18,Charcoal Fabric ,Great technology!! Can't believe the speaker volume and quality is so wonderful. Wish I had bought another one!,1,great technology not_believe speaker volume quality wonderful wish bought another one
5,19-Jul-18,Black  Spot,"""Come on - it's amaonmazing!  It's way more than a smart speaker.  It's my wake-up alarm, my security blanket, and infotainment center all-in-one.  It's my connection to the world during night hours when I'm mostly sleepy or zonked-out Zzzzzzz...  I can still access the world without my reading-glasses late at night.  It sounds amazing for its size.  It can hear me when I'm far from awake (mostly).  As they say, &#34;this is a must-have device&#34;.  Yep, that is a true statement.""",1,come amaonmazing way smart speaker wakeup alarm security blanket infotainment center allinone connection world night hour mostly sleepy zonkedout zzzzzzz still access world without readingglasses late night sound amazing size hear far awake mostly say musthave device yep true statement
5,30-Jul-18,Charcoal Fabric ,"""Works great, but I don't think Amazon should charge another cent for unlimited music when you 1) Have Prime AND 2) Buy an Echo.""",1,work great not_think amazon charge another cent unlimited music prime buy echo
5,28-Jul-18,Black  Show,Love it. It is in my kitchen so I can watch Prime Video while cooking.,1,love kitchen watch prime video cooking
3,29-Jul-18,Charcoal Fabric ,"""I bought this to replace a &#34;Dot&#34; in my living room. Speaker is slightly better. It hears me better over the TV. Unfortunately, it doesn't understand or respond to my requests as well as the Dot. I frequently have to request 2 or 3 times to get it to do what I want. The Dot usually does exactly what I want on the first request. I don't consider it an upgrade.""",2,bought replace dot living room speaker slightly better hears better tv unfortunately not_understand respond request well dot frequently request time get want dot usually exactly want first request not_consider upgrade
5,30-Jul-18,White  Dot,I love that I can shut the microphone off at night so my children can’t talk to it at bed time and she has an automatic sleep timer for their lullaby music. Not sure how I survived with out this for so long.,1,love shut microphone night child not_talk bed time automatic sleep timer lullaby music not_sure survived long
2,28-Jul-18,Black  Show,"""This was my 4th echo device, 1st echo show  it seemed to have huge potential, and I really wanted to like it, but soon found out it is quite limited. A bit disappointing, but not the end of the world, I used it like I use my other, screenless echos.... For a little under 2 month, when the screen started flickering, mostly on the bottom of the screen but not just. A quick look in some forums made me understand it is pointless asking for a replacement, as some people had 2-3 devices replaced, only to start flickering again shortly after. Amazon are not providing any serious answers, and this has been going on for quite some time apparently.Long story short, I moved it to the hallway, and been using it as a very expensive... and bulky voice activated light switch for my hue lights. So like the headline suggests... Meh.""",0,th echo device st echo show seemed huge potential really wanted like soon found quite limited bit disappointing not_the end world used like use screenless echo little month screen started flickering mostly bottom screen not_just quick look forum made understand pointless asking replacement people device replaced start flickering shortly amazon not_providing serious answer going quite time apparentlylong story short moved hallway using expensive bulky voice activated light switch hue light like headline suggests meh
5,30-Jul-18,Black  Dot,I got this for dad on father's Day!  He was tickled with it!,1,got dad father day tickled
1,26-Jul-18,Black  Plus,"""I am so disappointed in this product.  I tried to install two different units and neither one of them were successfully completed.  Hours with Amazon technicians.. resetting each of them.  The app didn't connect the Echo Plus to the internet connection.  Tried using the application on a phone, a tablet and on a Chromebook... No luck.  There are no clean directions on the application.  Probably sending this back to Amazon..mark this as Not ready for prime time.""",0,disappointed product tried install two different unit neither_one successfully completed hour amazon technician resetting app not_connect echo plus internet connection tried using application phone tablet chromebook no_luck no_clean direction application probably sending back amazonmark not_ready prime time
5,29-Jul-18,Black  Plus,I love it.  You own personal secretary.,1,love personal secretary
5,29-Jun-18,Black,"""I have 2 Echos, one I bought brand new and the other is a refurbished one.Honestly, I can't tell the difference in performance and looks.""",1,echo one bought brand new refurbished onehonestly not_tell difference performance look
5,28-Jul-18,White  Spot,Easy set up and to use. I bought two one for my house and one for my 75 year old grandfather. I set it up for him a gave him a 15 minute lesson and he calls me at least once a day it’s is great to be able to see him in between visits.,1,easy set use bought two one house one year old grandfather set gave minute lesson call least day great able see visit
5,19-May-18,White,Love it!  Works perfectly!,1,love work perfectly
4,5-Jun-18,Black,"""This is a great device. We mainly use it to verbally add things to the shopping list, but occasionally use any number of the &#34;fun&#34; things you can program it to do, like go to Red Alert or make the TARDIS land (yes, we're a house of geeks... we even chose the wake-word to be &#34;Computer&#34; instead of &#34;Alexa&#34;. Now we just need Majel Barret's voice and I will be in geek heaven.) ;)It's not as easy to get my Premium Spotify to work properly with it, and still not sure how we can get multiple music accounts attached so we can listen to different music in different rooms, but so far it's still been worth it. I am often asking it the time, the weather, it even gives us a news briefing. We also use it as an intercom system which has been really awesome. Plus it's fun knowing the NSA is listening to everything.""",1,great device mainly use verbally add thing shopping list occasionally use number fun thing program like go red alert make tardis land yes house geek even chose wakeword computer instead alexa need majel barrets voice geek heaven not_as easy get premium spotify work properly still not_sure get multiple music account attached listen different music different room far still worth often asking time weather even give u news briefing also use intercom system really awesome plus fun knowing nsa listening everything
3,28-Jul-18,Black  Spot,I think the dot listens better than spot.,2,think dot listens better spot
5,29-Jul-18,Sandstone Fabric ,"""Very impressed with look, clarity of sound and color.""",1,impressed look clarity sound color
5,29-Jul-18,Charcoal Fabric ,Alexa is amazing! Great speaker.,1,alexa amazing great speaker
4,30-Jul-18,Charcoal Fabric ,I like it,1,like
5,30-Jul-18,Black  Dot,I love this item and being able to hear any kind of music.  I enjoyed it so much that I ordered another.,1,love item able hear kind music enjoyed much ordered another
4,30-Jul-18,Configuration: Fire TV Stick,"""I love this, it's quick and easy to use. I love that there are so many apps you can access but disappointed some of them cost extra money to use. I also love the music app on here. I didn't think I would use it because I have Alexa echo and listen to music all the time on there. But I tried it on the fire tv and it gives you the lyric as the songs play! Love it!!""",1,love quick easy use love many apps access disappointed cost extra money use also love music app not_think would use alexa echo listen music time tried fire tv give lyric song play love
5,30-Jul-18,Black  Dot,I love the option where u can play music everywhere in the house when you have multiple devices,1,love option play music everywhere house multiple device
4,3-Jun-18,Black,Worked as advertised. Thanks,1,worked advertised thanks
5,30-Jul-18,Black  Dot, ,1,no_review
5,30-Jul-18,Configuration: Fire TV Stick,"""The current demand for this stick, was too high for the power coming out of my USB port on the TV. Had to run the power cable to the supplied USB adapter. Not a big deal but added another cable showing on my wall mounted TV.""",1,current demand stick high power coming usb port tv run power cable supplied usb adapter not_a big deal added another cable showing wall mounted tv
5,30-Jul-18,Heather Gray Fabric ,I like the looks better than the original echo.  I moved my old echo to the basement family room. Nice sound.,1,like look better original echo moved old echo basement family room nice sound
5,30-Jul-18,Black  Dot,Works like a champ.,1,work like champ
5,18-Jul-18,Black,"""We just got this within the last couple of weeks, from what we can tell no issues! My son wanted and &#34;alexa&#34; for his 6th birthday so she could tell him jokes, he could ask her questions and to listen to music she does all of that and more. We all enjoy this one so much that I just bought a second one this week during Prime Deals Day!""",1,got within last couple week tell no_issues son wanted alexa th birthday could tell joke could ask question listen music enjoy one much bought second one week prime deal day
5,30-Jul-18,Configuration: Fire TV Stick,"""Love the Firestick! My kids love that they can talk to Alexa and get the weather, local news, etc.""",1,love firestick kid love talk alexa get weather local news etc
5,30-Jul-18,Black  Show,"""love it! so glad we got it on Prime Day, although now having it, I would totally pay full price for it!""",1,love glad got prime day although would totally pay full price
5,13-Jul-18,Black,Good price. Prompt shipping. Has been working flawlessly.,1,good price prompt shipping working flawlessly
5,30-Jul-18,Configuration: Fire TV Stick,Being able to use it with my Alexa Echo was great!,1,able use alexa echo great
5,30-Jul-18,Charcoal Fabric ,"""We love Alexa! We use her to play music, play radio through iTunes, play podcasts through Anypod, and set reminders. We listen to our flash briefing of news and weather every morning. We rely on our custom lists. We like being able to voice control the volume. We're sure we'll continue to find new uses.Sometimes it's a bit frustrating when Alexa doesn't understand what we're saying.""",1,love alexa use play music play radio itunes play podcasts anypod set reminder listen flash briefing news weather every morning rely custom list like able voice control volume sure continue find new usessometimes bit frustrating alexa not_understand saying
5,30-Jul-18,Charcoal Fabric ,Great addition to our breakfast room kitchen.  Tunes and information instantly available.  Slowly learning more features.,1,great addition breakfast room kitchen tune information instantly available slowly learning feature
1,30-Jul-18,Configuration: Fire TV Stick,"""My old amazon fire stick kept crashing when using Sling TV.I bought this one thinking the old one was defective.This one is doing the same thing. When going back into Sling, it starts up where I left off in the program.""",0,old amazon fire stick kept crashing using sling tvi bought one thinking old one defectivethis one thing going back sling start left program
5,30-Jul-18,Configuration: Fire TV Stick,This firestick is everything!,1,firestick everything
5,30-Jul-18,Black  Dot,Love it,1,love
5,28-Jul-18,Charcoal Fabric ,Glad I bought this.,1,glad bought
5,30-Jul-18,Configuration: Fire TV Stick,Excellent,1,excellent
5,28-Jul-18,Black  Plus,First time using Alexa and so far I love it.,1,first time using alexa far love
5,30-Jul-18,Black  Dot,Love our little dot. I don’t know what the original larger Alexa can do that the dot cannot do but we are pleased with our dots capabilities.,1,love little dot not_know original larger alexa dot not_do pleased dot capability
5,18-Jul-18,Black  Plus,Just got mine last night. Played around with it for a while. Should have bought it a long time ago.,1,got mine last night played around bought long time ago
5,30-Jul-18,Black  Dot, ,1,no_review
5,30-Jul-18,Oak Finish ,Entertainment,1,entertainment
1,30-Jul-18,White  Dot,Used twice not working!!!!!!!,0,used twice not_working
3,28-Jul-18,White  Plus,"""Although this is my second echo device, I am still very disappointed that there is almost no documentation/instructions as to the many functions of the device.  I purchased becausse of the sound quality, but only found out it has bluetooth capabilities last night by accident.  There needs to be a manual that details all of the functionality of the device.  Or at least point out where it can be found...""",2,although second echo device still disappointed almost no_documentationinstructions many function device purchased becausse sound quality found bluetooth capability last night accident need manual detail functionality device least point found
4,30-Jul-18,Black  Dot,It isn’t bad for what it is. Have issues with it actually playing what I want. Getting it use iHeartRadio properly by playing the station I want is a challenge but it’s not bad for the sale price I paid.,1,not_bad issue actually playing want getting use iheartradio properly playing station want challenge not_bad sale price paid
5,29-Jul-18,Charcoal Fabric ,more compact and a bit better than the original,1,compact bit better original
5,29-Jul-18,Sandstone Fabric ,"""Like everything about it. The music, the trivia games, the weather.""",1,like everything music trivia game weather
5,30-Jul-18,Black  Show,The fact that she can help me find my phone when I am at home alone is worth the price of this device,1,fact help find phone home alone worth price device
4,30-Jul-18,White  Spot,"""I like echo spot. I bought it to use as an alarm clock. One negative that i didnt really think about, when you wake up in the morning and are somewhat groggy, its hard to tell alexa to turn off the alarm, or hard to remember commands to snooze for a few minutes. In this case a clock with buttons seems to work better""",1,like echo spot bought use alarm clock one negative not_really think wake morning somewhat groggy hard tell alexa turn alarm hard remember command snooze minute case clock button seems work better
5,30-Jul-18,White  Dot,HANDY AS HELL 10/10 RECOMMEND,1,handy hell recommend
5,19-Jul-18,Black  Spot,Love it,1,love
4,30-Jul-18,Black  Plus,"""Tons of features and skills, and a very good speaker with plenty of bass for music. You still need some work on the AI, in responding to random questions though. My Android phone is far better at those... with the Echo I still get a lot of &#34;hmm, I'm not sure&#34; or &#34;I don't have an opinion on that.&#34;""",1,ton feature skill good speaker plenty bass music still need work ai responding random question though android phone far better echo still get lot hmm not_sure not_have opinion
2,21-Jul-18,Black  Plus,"""I have been thinking about getting this for a long time and was excited when it arrived bundled with a Philip Hue bulb.  The excited ended quickly.  I spend about a total of 4 hours attempting to add this bulb to my Alexa Echo Plus.  Everything I tried, ended in a Discovery Failed message.  I tried to set this up over and over and over again.  I watched YouTube videos.  I read set up websites.  I was the poster child of insanity (doing the same thing over and over again and expecting different results).The next day I went onto Amazon to get the tech support.  I was hoping something would be done to make this thing work, but also the problem not being operator error.  Well after 3 tech support staff and 1 hr. and 19 mins. of being on the phone, it still didn't work.  This product has tested my patience.  So far this experience is shifting my mindset from going to a smart home to just kicking it old school.The only reason I gave this two stars is because Amazon will be sending me a different Echo Plus and light bulb.  The problem wasn't the bulb, because before packing up the items, I purchased another bulb and still Alexa couldn't locate this device.I pray the next attempt is successful and then I will revise this rating, but what are the odds that I was shipped a defective Echo?  The support person had the same thought.  Maybe I should be exploring the Google device but I can't get over the look of that hub.  It looks like a defuser.I can't believe I didn't find YouTube videos that show the problems I did.  Everything looked simple and seamless...NOT the experience I had.  OK, I'm done with this review because I spend enough wasted time this weekend already.""",0,thinking getting long time excited arrived bundled philip hue bulb excited ended quickly spend total hour attempting add bulb alexa echo plus everything tried ended discovery failed message tried set watched youtube video read set website poster child insanity thing expecting different resultsthe next day went onto amazon get tech support hoping something would done make thing work also problem not_being operator error well tech support staff hr min phone still not_work product tested patience far experience shifting mindset going smart home kicking old schoolthe reason gave two star amazon sending different echo plus light bulb problem not_the bulb packing item purchased another bulb still alexa could not_locate devicei pray next attempt successful revise rating odds shipped defective echo support person thought maybe exploring google device not_get look hub look like defuseri not_believe not_find youtube video show problem everything looked simple seamlessnot experience ok done review spend enough wasted time weekend already
4,28-Jul-18,Black  Spot,I’m a fan of echo devices. I think it’s a great alternative to a clean clock. I like using it to adjust the lightning in the room and listening to sounds to help sleep. My two year old sleeps so much better with it on. We also use it to tell my two year old stories. Only issue is the volume of alexa speaking when you tell her to turn off the lights is loud when the volume is set to what you want to listen to the music at night,1,fan echo device think great alternative clean clock like using adjust lightning room listening sound help sleep two year old sleep much better also use tell two year old story issue volume alexa speaking tell turn light loud volume set want listen music night
5,30-Jul-18,Black  Dot,Being able to add speakers is a plus. I take it on my deck when I am outside. Just love it. I have my big Alexia in my bedroom,1,able add speaker plus take deck outside love big alexia bedroom
2,30-Jul-18,Heather Gray Fabric ,Sad joke. Worthless.,0,sad joke worthless
5,30-Jul-18,Walnut Finish ,"""Great fun getting to know all the functions of this product.  WOW -- family fun and homework help.  Talking with other grandchildren,who also have an Echo, is a HUGE bonus.  Can't wait to learn more and more and more""",1,great fun getting know function product wow family fun homework help talking grandchildrenwho also echo huge bonus not_wait learn
5,30-Jul-18,Configuration: Fire TV Stick,Purchased this for the Man cave and loving it.,1,purchased man cave loving
4,30-Jul-18,Configuration: Fire TV Stick,I expected to have access to more current movie instead of having to pay. The easy setup was helpful and I love the speedy delivery.,1,expected access current movie instead pay easy setup helpful love speedy delivery
1,21-Jun-18,White,"""Two weeks after setting it up it no longer works.  No connection, no light, no sound.  I guess I shouldn't have purchased a refurbished Dot.""",0,two week setting no_longer work no_connection no_light no_sound guess not_have purchased refurbished dot
4,18-Jul-18,Black,Divertido,1,divertido
4,29-Jul-18,Charcoal Fabric ,"""The Echo is an amazing device.  Many times it seems very intuitive.  But at other times I ask for something that seems clear and simple and get no result.  Installation was fairly straightforward, but I messed up several times simply because I thought a step was complete when it wasn't.  This actually made me lose ground until I figured that out.  My advice is to be patient; the app will let you know when you can move on to the next step.My biggest issue of the moment is that we have several Echo devices in our home and I would like to use them as intercoms (which I am told can be done).  However, I can't make any of the Echos aware of the others existence.  When I ask Alexa how to do this she answers about instructions how to change her name.  I know this is likely my fault, but I would think the designers would anticipate this and make it easier to find the needed instructions.  A small deal for many device savvy people, but a challenge for me.""",1,echo amazing device many time seems intuitive time ask something seems clear simple get no_result installation fairly straightforward messed several time simply thought step complete not_this actually made lose ground figured advice patient app let know move next stepmy biggest issue moment several echo device home would like use intercom told done however not_make echo aware others existence ask alexa answer instruction change name know likely fault would think designer would anticipate make easier find needed instruction small deal many device savvy people challenge
5,30-Jul-18,Walnut Finish ,Very satisfied with the Echo. Alexa now controls the lights in my family room and my wife can listen to Jimmy Buffet by just asking Alexa.,1,satisfied echo alexa control light family room wife listen jimmy buffet asking alexa
2,26-Jul-18,Black  Plus,wish it had a battery or was described better as a plug in only item.,0,wish battery described better plug item
3,30-Jul-18,Sandstone Fabric ,"""I got a second unit for the bedroom, I was expecting the sounds to be improved but I didnt really see a difference at all.  Overall, not a big improvement over the 1st generation.""",2,got second unit bedroom expecting sound improved not_really see difference overall not_a big improvement st generation
2,19-Jul-18,Black  Spot,The echo works fine but then you get indundated with &#34;Things to try&#34;. I am not a 10 year old that needs stimulus to tell me to do things. I found there is no way to turn this off except for .... turning off the screen. If I cannot find a suitable fix for this it goes back.,0,echo work fine get indundated thing try not_a year old need stimulus tell thing found no_way turn except turning screen not_find suitable fix go back
5,30-Jul-18,Charcoal Fabric ,Works and sounds great.,1,work sound great
5,30-Jul-18,Configuration: Fire TV Stick,Satisfied with the purchase,1,satisfied purchase
5,25-Jul-18,Black  Plus,I love my echo plus!!!,1,love echo plus
5,28-Jul-18,Charcoal Fabric ,Love it.,1,love
5,23-Jul-18,Black,Awesome. I love Alexa.,1,awesome love alexa
5,30-Jul-18,Charcoal Fabric ,Love the Echo and how good the music sounds playing off it. Alexa understands most commands but it is difficult at times for her to find specific playlists or songs on Spotify. She is good with Amazon Music but is lacking in other major programs.,1,love echo good music sound playing alexa understands command difficult time find specific playlist song spotify good amazon music lacking major program
5,28-Jul-18,Black  Show,Bought this on Prime day,1,bought prime day
5,30-Jul-18,Black  Show,Oh I love my Echo Show and the video news spots,1,oh love echo show video news spot
4,19-Jul-18,Black  Spot,"""I love my little Echo Spot, I have replaced my older full size echo with this little guy. The round screen is an interesting choice and I'm not sure I like the look but it is growing on me. The speakers could be slightly louder but all in all it is a solid echo product.""",1,love little echo spot replaced older full size echo little guy round screen interesting choice not_sure like look growing speaker could slightly louder solid echo product
1,24-Jul-18,Black,"""Never could get it to work. A techie friend looked at it for me and said the adapter wasn't strong enough to power it and that it looked like it had been bought at a dollar store. So, I am going to replace the adapter and hope it works then.""",0,never_could get work techie friend looked said adapter not_strong enough power looked like bought dollar store going replace adapter hope work
5,29-Jul-18,Charcoal Fabric ,Very nice!  I'm impressed - wish she had more to say though.,1,nice impressed wish say though
5,28-Jul-18,Black,Worked as promised.,1,worked promised
5,29-Jul-18,Charcoal Fabric ,"""My husband and I are what I would call &#34;late adopters&#34; when it come to technology, but we decide we would try and Echo to serve primarily as a music source.  Wow, were we amazed and the great sound!  We've also been having a great time listening to all of our favorite songs buy just asking Alexa.  I may even buy one for my elderly Dad - I think he will enjoy having one to listen to music or even place his calls to us!""",1,husband would call late adopter come technology decide would try echo serve primarily music source wow amazed great sound also great time listening favorite song buy asking alexa may even buy one elderly dad think enjoy one listen music even place call u
5,30-Jul-18,Configuration: Fire TV Stick,The firestick is easy to use and was super easy to set up.  I like the platform and feel it is better than I expected.  I was worried about it lagging but it has not at all.  I’m hoping to utilize the firestick to eventually break away from cable and now I’m more confident that it can happen.,1,firestick easy use super easy set like platform feel better expected worried lagging not_at hoping utilize firestick eventually break away cable confident happen
5,30-Jul-18,Configuration: Fire TV Stick,Great product. So many features.,1,great product many feature
3,19-Jul-18,Black  Spot, ,2,no_review
5,22-Jun-18,White,Like new,1,like new
3,30-Jul-18,White  Dot,Love the product but dislike that I can’t sync up my Apple Music for Alexa to play,2,love product dislike not_sync apple music alexa play
1,11-Jul-18,Black,Great product but returning for new Alexa Dot.  Refurbished is already giving me problems with connection.,0,great product returning new alexa dot refurbished already giving problem connection
5,30-Jul-18,Black  Dot,"""Great, love it!""",1,great love
1,30-Jul-18,Black  Dot,"""I was really happy with my original echo so i thought I'd get an echo dot to use in my bedroom. I was really disappointed in the audio quality so I connected an external speaker via bluetooth. The audio was much better but I started having problems with it loosing connection with the wifi, presumably due to interference from the bluetooth. Then  I connected a speaker via the auxiliary jack. when i did that, the auxiliary jack picked up interference from the wifi and I was woken up in the middle of the night by a horrible buzzing sound. im hoping Amazon will take this thing back and give me a good deal on an echo spot which I hope will be a better nightstand device.""",0,really happy original echo thought would get echo dot use bedroom really disappointed audio quality connected external speaker via bluetooth audio much better started problem loosing connection wifi presumably due interference bluetooth connected speaker via auxiliary jack auxiliary jack picked interference wifi woken middle night horrible buzzing sound hoping amazon take thing back give good deal echo spot hope better nightstand device
5,30-Jul-18,Black  Dot,Works great... bought it for my shop so that it is like an intercom to the house.,1,work great bought shop like intercom house
5,29-Jul-18,White  Show,Love being able to read the lyrics of my favorite songs.,1,love able read lyric favorite song
5,30-Jul-18,White  Show,Works on great i  use it with my Arlo security system,1,work great use arlo security system
3,30-Jul-18,Black  Dot,"""I jumped on the bandwagon by purchasing an Echo.  I feel like there was a struggle getting connected and then three days later, the device is sharing news and weather.  Now we use it some, but have not tapped in to all options.  Still testing it out.""",2,jumped bandwagon purchasing echo feel like struggle getting connected three day later device sharing news weather use not_tapped option still testing
5,29-Jul-18,Black  Show,Love it,1,love
5,30-Jul-18,Black  Dot,"""Alarm, calendar, reminders""",1,alarm calendar reminder
2,28-Jul-18,Black  Spot,Meh,0,meh
4,30-Jul-18,Black  Dot,Alexa is perfect for people like me living alone. At least I have someone to talk to.. to keep my sanity. 😂 Though I wish it has a powerful speaker and no need to connect it to bluetooth speakers.,1,alexa perfect people like living alone least someone talk keep sanity though wish powerful speaker no_need connect bluetooth speaker
5,27-Jun-18,Black,I got this for my mom . She loves it !,1,got mom love
3,30-Jul-18,Black  Dot,Not impressed,2,not_impressed
5,27-Jun-18,Black,Same as new,1,new
5,30-Jul-18,Black  Dot,I had an Alexia built into my thermostat that just didn't work very well. I had to be standing right next to it for it to hear me and music played very choppy on it. I decided to try the Echo Dot since it was on Prime Day. I have not been disappointed! It hears me just fine and music plays with out any problem. I really like that I can Bluetooth connect to my Bose Speaker for quality sound.,1,alexia built thermostat not_work well standing right next hear music played choppy decided try echo dot since prime day not_been disappointed hears fine music play problem really like bluetooth connect bose speaker quality sound
5,30-Jul-18,Configuration: Fire TV Stick,"""Superb is all we can say.  Plugged the unit in, set up the HDMI and boom, we were watching better TV.  Thank you.""",1,superb say plugged unit set hdmi boom watching better tv thank
5,31-Jul-18,Configuration: Fire TV Stick,Works great. Bought as a gift for my boyfriend. Easy & fun to use.,1,work great bought gift boyfriend easy fun use
5,20-Jul-18,Black  Spot,What a wonderful little Alexa enabled gadget at like the analog clock face the best,1,wonderful little alexa enabled gadget like analog clock face best
5,30-Jul-18,Configuration: Fire TV Stick,"""Easy setup, works flawlessly!""",1,easy setup work flawlessly
5,30-Jul-18,Black  Dot,"""A great product for the price, works well!!""",1,great product price work well
5,30-Jul-18,Charcoal Fabric ,Upgraded from my lilttle echo dot. Happy with sound,1,upgraded lilttle echo dot happy sound
4,26-Jul-18,White  Plus,"""Connecting and sound are perfect! I only give 4 because the is no internal battery, if I disconnect to the power source, it will be off.""",1,connecting sound perfect give no_internal battery disconnect power source
5,30-Jul-18,White  Spot,"""I love this thing. I talk to it through walls and in other rooms. I have been an amazon lover for a while so I have amazon music unlimited, kindle unlimited, prime video, etc., so I was ready for this when it came out. The screen is just so nice to have.The only thing resembling a down side is that it doesn't always perfectly understand which song I want to hear, but I do have a deep southern accent, lower Alabama, so I don't speak English anyways.""",1,love thing talk wall room amazon lover amazon music unlimited kindle unlimited prime video etc ready came screen nice havethe thing resembling side not_always perfectly understand song want hear deep southern accent lower alabama not_speak english anyways
5,30-Jul-18,Black  Dot,"""excellent device , works great, having no problems or concerns""",1,excellent device work great no_problems concern
5,22-Jul-18,White,"""I wasn't sure I really wanted one of these, but now that I have it, it is extremely useful.  Get one, you'll love it!""",1,not_sure really wanted one extremely useful get one love
4,30-Jul-18,White  Show,"""I love the idea is the star trek computer at home. The skills are great, but the natural language work is mediocre.""",1,love idea star trek computer home skill great natural language work mediocre
5,25-May-18,White,WORKS GREAT,1,work great
5,30-Jul-18,Configuration: Fire TV Stick,Love all the options with the fire tv stick!Works great!,1,love option fire tv stickworks great
5,21-Jul-18,Black  Spot,After purchasing my Echo Spot to add to our other 4 Amazon Echoes...I am very pleased with the Echo Spot...I use  it with our Arlo Security cameras and Ring video doorbell and works without any problems...,1,purchasing echo spot add amazon echoesi pleased echo spoti use arlo security camera ring video doorbell work without problem
5,30-Jul-18,Heather Gray Fabric ,It was very easy to set up and my family love it’s!,1,easy set family love
5,22-Jul-18,Black  Spot,"""I never thought I was going to be THAT person that is completely connected. I purchased this and another Echo product on Prime Day and fell in love.  I have one in my office and one in our kitchen.  I have already used this for morning briefings from the News while I am getting ready for the day as well as look up recipes.  The screen is big enough for me to easily read writing (this was a concern for me).  I loved this so much I purchased it for my grandparents and parents so they can easily video call me as they tend to have issues with their computer and other video conferencing tools.  Note: I did purchase camera covers (even though there is a button to &#34;turn off the camera and microphone&#34; and it doesn't impede the operations and camera so if that is what you are worried about, there are work around!""",1,never_thought going person completely connected purchased another echo product prime day fell love one office one kitchen already used morning briefing news getting ready day well look recipe screen big enough easily read writing concern loved much purchased grandparent parent easily video call tend issue computer video conferencing tool note purchase camera cover even though button turn camera microphone not_impede operation camera worried work around
5,30-Jul-18,Black  Dot,Small size works great in our sunroom.,1,small size work great sunroom
5,29-Jul-18,Black  Spot,"""Didnt think id get an Alexa device, but this is perfect for my home office.  the screen adds just that little piece that makes it worth the extra cost of the other Alexa devices.  It can show lyrics of songs, play my xm radio, can show videos of movie trailers and news.  Its great!""",1,not_think id get alexa device perfect home office screen add little piece make worth extra cost alexa device show lyric song play xm radio show video movie trailer news great
5,30-Jul-18,Charcoal Fabric ,"""Excelente, lo unico es que no esta en español.""",1,excelente lo unico e que no_esta en espaold
4,30-Jul-18,Black  Show,So far so good.  Neat to have a visual version of alexa's responses. Nice to see the lyrics of music you are listening to.  Flash briefings have good videos.  Speaker is much better than a dot but not the highest quality,1,far good neat visual version alexas response nice see lyric music listening flash briefing good video speaker much better dot not_the highest quality
5,29-Jul-18,White  Show,Really easy to use,1,really easy use
5,31-Jul-18,Black  Dot,"""I set her up to play through our home theater system. So fat we are just using her for weather forecasts, cooking timers, and we really enjoy the music!""",1,set play home theater system fat using weather forecast cooking timer really enjoy music
5,28-Jul-18,Black  Show,"""We now have a dot, spot, echo and show and love the show and spot best. The show has great sound and my wife loves the display for weather, recipes and sing alongside. Super deal.""",1,dot spot echo show love show spot best show great sound wife love display weather recipe sing alongside super deal
3,20-Jul-18,Black  Plus,"""I was suppose to get the “free” lightbulb with purchase. It did not come with Echo. Upon reading more carefully, it says to click a box to receive free bulb. 😳 of course I want the free bulb, who wouldn’t? Just a sneaky way for them to get out of having to give so many “ free”  bulbs away. Disappointed!  I have yet to set up my echo, our first purchase on any alexia device. Debating if we want to keep it. It did come quickly with my prime membership.""",2,suppose get free lightbulb purchase not_come echo upon reading carefully say click box receive free bulb course want free bulb would not_just sneaky way get give many free bulb away disappointed yet set echo first purchase alexia device debating want keep come quickly prime membership
5,30-Jul-18,Black  Dot,"""Great product, fun to use!!""",1,great product fun use
5,30-Jul-18,Charcoal Fabric ,Does everything as expected and more.,1,everything expected
4,30-Jul-18,Black  Dot,love it,1,love
5,31-Jul-18,Configuration: Fire TV Stick,Love the fire stick. I can download watch great movies. Instead of searching I use Alexa voice.  Prime doesn't offer very many newer movies is the only negative.I also wished there was a way you could set it up to post newest movies first.,1,love fire stick download watch great movie instead searching use alexa voice prime not_offer many newer movie negativei also wished way could set post newest movie first
5,26-Jul-18,White,LOVE LOVE LOVE my new and free assistant!  :),1,love love love new free assistant
5,30-Jul-18,Black  Show,This is my second one. I have one in the kitchen and wanted another in my home office.It is amazing for a quick look up while I am working. I live a very busy life and it helps keep me on track with work and personal appointments.I will buy for holiday gifts for my whole family. The gift of organization and information at a voice command away.,1,second one one kitchen wanted another home officeit amazing quick look working live busy life help keep track work personal appointmentsi buy holiday gift whole family gift organization information voice command away
5,30-Jul-18,White  Show,"""Upgraded from an original Echo on Prime Day and so far I love it. I'm sure I have a long way to go to maximize its utility,  but for now I owe my marked increase in lyrical knowledge to this thing. Who knew Post Malone actually used words?!""",1,upgraded original echo prime day far love sure long way go maximize utility owe marked increase lyrical knowledge thing knew post malone actually used word
4,30-Jul-18,Charcoal Fabric ,"""Great device, responsive and helpful""",1,great device responsive helpful
1,14-Jun-18,Black,product stopped working after return time ran out,0,product stopped working return time ran
5,30-Jul-18,Oak Finish ,"""I purchased this for my mother who is having knee problems now, to give her something to do while trying to over come not getting around so fast like she did.She enjoys all the little and big things it can do...Alexa play this song, What time is it and where, and how to cook this and that!""",1,purchased mother knee problem give something trying come not_getting around fast like didshe enjoys little big thing doalexa play song time cook
5,30-Jul-18,Configuration: Fire TV Stick,"""I used to use my laptop for anything show watching, including Netflix, but I am glad I bought this. This is super easy to set up and has everything you need with quick and easy access. Definitely worth the buy.""",1,used use laptop anything show watching including netflix glad bought super easy set everything need quick easy access definitely worth buy
5,30-Jul-18,Black  Dot,small footprint.  nice clarity.,1,small footprint nice clarity
5,30-Jul-18,Charcoal Fabric ,"""My Android would not allow Alexa to connect. Fortunately, my sister was here with her Apple cell. After an hour+ tech support fixed the glitches. We are up and running.""",1,android would not_allow alexa connect fortunately sister apple cell hour tech support fixed glitch running
5,30-Jul-18,Black  Dot,"""I love searching the Alexa skill shop on the app. Useful things like having Alexa turn my lights on and off, listening to news updates every morning. And fun stuff like telling Alexa to make the Star Trek red alert nois. Or playing song quiz with friends.""",1,love searching alexa skill shop app useful thing like alexa turn light listening news update every morning fun stuff like telling alexa make star trek red alert nois playing song quiz friend
5,29-Jul-18,Charcoal Fabric ,A great device,1,great device
5,28-Jul-18,Heather Gray Fabric ,"""I love my new echo.  It gives me hours of music and help with other things.It was difficult for me to set it up,  I had to have help from a Tekkie""",1,love new echo give hour music help thingsit difficult set help tekkie
5,29-Jul-18,Black  Spot,Love this for bedside clock/alarm/radio.  Face can dimat night so it’s not bright for sleeping.,1,love bedside clockalarmradio face dimat night not_bright sleeping
5,30-Jul-18,Configuration: Fire TV Stick,"""Great device, I'm cutting my cable and watching the channels I want. If I want to add an app like CBS I can just pay a little extra and get it.""",1,great device cutting cable watching channel want want add app like cbs pay little extra get
5,29-Jul-18,Charcoal Fabric ,The best part of this product is you can control the thermostat and lights for your house.  There isn’t anything I dislike.,1,best part product control thermostat light house not_anything dislike
4,28-Jul-18,Black  Spot,"""I love it and it works great, the only issue is the “drop in” FaceTime like feature sometimes lags, but that could possibly be an issue with my WiFi for where we have it located in the house.""",1,love work great issue drop facetime like feature sometimes lag could possibly issue wifi located house
5,28-Jul-18,Black  Show,"""Easy to use. Great for recipes, listen to music, see movies, movie trailers, so much to do....""",1,easy use great recipe listen music see movie movie trailer much
5,26-Jul-18,Black  Spot,Fun so far...still learning how it all works,1,fun farstill learning work
1,9-Jul-18,Black,"""&#34;NEVER BUY CERTIFIED AND REFURBISHED ECHO DOT &#34; I bought a &#34;Certified and Refurbished &#34; Echo Dot. This unit is very poor in receiving command and sometimes it does not even acknowledge the command. Never buy a refurbished Echo dot. The unit I received was probably never was certified and refurbished as indicated. I also bought a new ECHO dot, it works perfectly.Very disappointed !!!!""",0,never_buy certified refurbished echo dot bought certified refurbished echo dot unit poor receiving command sometimes not_even acknowledge command never_buy refurbished echo dot unit received probably never_was certified refurbished indicated also bought new echo dot work perfectlyvery disappointed
4,30-Jul-18,Black  Dot,"""As Always, easy to set up""",1,always easy set
5,30-Jul-18,Configuration: Fire TV Stick,Best streaming device I've used in 5 years just wish the remote had a headphone jack like the Roku remote does.,1,best streaming device used year wish remote headphone jack like roku remote
5,27-Jul-18,Black  Plus,"""Still haven’t learn all the Echo can do, but so far, quite pleased!""",1,still not_learn echo far quite pleased
4,28-Jul-18,Black  Plus,"""Very capable.  Language recognition is the best I've experienced.  Great sound, too!""",1,capable language recognition best experienced great sound
3,30-Jul-18,Black  Dot,its okay but keeps dropping wifi!,2,okay keep dropping wifi
5,29-Jul-18,Charcoal Fabric ,"""I have had all good experience, so far with the second generation Echo. There are so many more things to learn, but I have not had the time yet. Right now, I am mostly enjoying the music, weather updates, using the alarm feature, and her personality. I have also purchased some mini smart socket yes. I am very excited to begin using them""",1,good experience far second generation echo many thing learn not_had time yet right mostly enjoying music weather update using alarm feature personality also purchased mini smart socket yes excited begin using
4,30-Jul-18,Black  Show,I agree ...YouTube should be on there.,1,agree youtube
5,30-Jul-18,Black  Dot,I love it...... I want to get another one very  very  soon,1,love want get another one soon
5,26-Jul-18,Black  Plus,"""I was a little apprehensive about buying this because I saw reviews saying it sounds like crap. I'm no audiophile by any means so maybe it's that, but I think it sounds great considering the size. It fills my living room with sound and gets pretty loud while remaining clear. I haven't had any issues pairing with my devices or utilizing any of the voice commands. I have it paired to an EcoBee3, my Firestick, and a Phillip's Hue light bulb. I plan on adding devices as I go. I love this thing and I'm glad I scooped it up! I have only had it around 2 weeks. Will update if I run into issues.""",1,little apprehensive buying saw review saying sound like crap no_audiophile mean maybe think sound great considering size fill living room sound get pretty loud remaining clear not_had issue pairing device utilizing voice command paired ecobee firestick phillips hue light bulb plan adding device go love thing glad scooped around week update run issue
5,30-Jul-18,Configuration: Fire TV Stick,I love that you can watch Bob Dylan’s movies,1,love watch bob dylan movie
5,30-Jul-18,Black  Dot,Nice,1,nice
4,30-Jul-18,White  Dot,"""Handy if you don't expect much out of it much """"dumber"""" than the assistant in my phone.""",1,handy not_expect much much dumber assistant phone
5,30-Jul-18,White  Dot,Set up is so easy.,1,set easy
5,30-Jul-18,Sandstone Fabric ,"""Love my Echo. Still learning all the things it will do. Wasn’t able to follow instructions included in the package, but found a great one on U-Tube.""",1,love echo still learning thing not_able follow instruction included package found great one youtube
2,29-Jun-18,Black  Plus,"""As an echo its great, Good sound quality and functionality. As a smart home hub, it sucks. No automation, no geo-fencing, no music syncing for hue, no z-wave. All it does is turn things on with your voice. Ended up buying a smartthing hub and transferring everything over.""",0,echo great good sound quality functionality smart home hub suck no_automation no_geofencing no_music syncing hue no_zwave turn thing voice ended buying smartthing hub transferring everything
5,29-Jul-18,Charcoal Fabric ,Great addition to my Echo Plus!,1,great addition echo plus
5,30-Jul-18,Configuration: Fire TV Stick,Love the Firestick thinking about canceling the satellite,1,love firestick thinking canceling satellite
5,30-Jul-18,Sandstone Fabric ,Great,1,great
5,29-Jul-18,Heather Gray Fabric ,"""Once set up very user friendly. Set-up wasn't as user friendly as I'd hoped.. The alexa app should be able to download to a pc without installing [invasive ] drivers. My wife and I are both retired and she wouldn't have been able to install Alexa, but if my son wasn't supplying her with a smart phone we wouldn't be using Alexa yet.""",1,set user friendly setup not_as user friendly would hoped alexa app able download pc without installing invasive driver wife retired would not_have able install alexa son not_supplying smart phone would not_be using alexa yet
2,29-Jul-18,Black  Show,"""It's like having another kid in the house; I have to constantly repeat myself.I can tell Alexa to do something clear as day, and according to the history, she hears something comeletely different.The device is really cool, and I like the concept, which is why it gets two stars. However, it just doesn't work as intended.I find myself irritated more often than not when I use this device.""",0,like another kid house constantly repeat myselfi tell alexa something clear day according history hears something comeletely differentthe device really cool like concept get two star however not_work intendedi find irritated often not_when use device
1,16-Jul-18,Black  Spot, ,0,no_review
5,30-Jul-18,Charcoal Fabric ,"""Love, Love, Love!!""",1,love love love
5,19-Jul-18,Black  Spot,Love everything about this product I bought two one for my household and one for my mother in law just so we can video chat with her and for emergency and it’s easy to use for older folks.,1,love everything product bought two one household one mother law video chat emergency easy use older folk
5,30-Jul-18,Configuration: Fire TV Stick,Fun to play with,1,fun play
5,30-Jul-18,Configuration: Fire TV Stick, ,1,no_review
4,28-Jul-18,White  Show,Good smart home gadget.,1,good smart home gadget
1,29-Jul-18,White  Spot, ,0,no_review
5,29-Jul-18,Charcoal Fabric ,"""I replaced my 1st gen, was concerned about a smaller unit not having the same sound...I was wrong.  If anything it's the same volume, and more clear.  Good product.""",1,replaced st gen concerned smaller unit not_having soundi wrong anything volume clear good product
3,30-Jul-18,White  Plus,I don'r know how to use it yet.  Need more explicit directions for the electeonically challenged.  I did not get the feee lifht bulb that was part of the package.,2,donr know use yet need explicit direction electeonically challenged not_get feee lifht bulb part package
5,30-Jul-18,Heather Gray Fabric ,I was a little nervous when I received my new Echo as I'm not really Tech savvy. I found it a bit intimidating at first but it didn't take me to long to figure it out!! I'm very happy with my purchase and now thinking of adding an echo spot!!!,1,little nervous received new echo not_really tech savvy found bit intimidating first not_take long figure happy purchase thinking adding echo spot
5,30-Jul-18,White  Dot,Use as my 3rd dot. Bought so my husband would be able to contact someone if he falls and doesn't have access to phone.,1,use rd dot bought husband would able contact someone fall not_have access phone
5,30-Jul-18,Black  Dot,"""Easy to set up, can control Kasa smart plugs no problem.  Even the kids have figured stuff out that I would not have asked Alexa, like telling jokes and singing. The Alexa app controls my custom spark plug and my cloud cam.""",1,easy set control kasa smart plug no_problem even kid figured stuff would not_have asked alexa like telling joke singing alexa app control custom spark plug cloud cam
5,30-Jul-18,Black  Plus,Love my new Echo Plus,1,love new echo plus
5,30-Jul-18,White  Dot,"""very handy in the kitchen, sets timer and gives me extra help on setting oven temps.""",1,handy kitchen set timer give extra help setting oven temp
4,29-Jul-18,Black  Show,The ase of participating with Echo,1,ase participating echo
5,30-Jul-18,Charcoal Fabric ,Love it,1,love
5,30-Jul-18,White  Dot,"""We really love our Echo Dot, we can get questions answered right away and play any music we can think of.""",1,really love echo dot get question answered right away play music think
5,30-Jul-18,Black  Dot,"""Un excelente equipo inteligente al estar conectado al internet nos provee de múltiples funciones tales como, el tiempo,hora,información de cualquier estudio que estés realizando atrás vez del internet.""",1,un excelente equipo inteligente al estar conectado al internet no provee de mltiples funciones tale como el tiempohorainformacin de cualquier estudio que est realizando atrs vez del internet
5,29-Jul-18,Charcoal Fabric ,"""Works and sounds great! My house is barely 1100sf, and I have this sitting on my kitchen counter. I can hear it, and speak to it from any room. Lots of functionality still to discover.""",1,work sound great house barely sf sitting kitchen counter hear speak room lot functionality still discover
5,28-Jul-18,Heather Gray Fabric ,Great speaker with a lot of capabilities. Very fun to learn how to use it.,1,great speaker lot capability fun learn use
5,7-Jul-18,White  Plus,This is our first Alexa.... we love it!!,1,first alexa love
5,30-Jul-18,Charcoal Fabric ,Already had an Echo Dot. The Echo is even better with fuller sound. Also during setup it now lets phone calls to be made to my contact list which is great!,1,already echo dot echo even better fuller sound also setup let u phone call made contact list great
5,26-Jul-18,White  Spot,I used it as an alarm clock  i lov it,1,used alarm clock lov
5,30-Jul-18,Charcoal Fabric ,"""I love my Echo. It's easy to operate, loads of fun.It is everything as advertised. I use it mainly to play my favorite tunes and test Alexa's knowledge.""",1,love echo easy operate load funit everything advertised use mainly play favorite tune test alexas knowledge
5,7-Jul-18,Black,Love it just as good as a new one,1,love good new one
5,31-Jul-18,Configuration: Fire TV Stick, ,1,no_review
5,30-Jul-18,Configuration: Fire TV Stick,"""so far, so good, works great.""",1,far good work great
5,30-Jul-18,Charcoal Fabric ,"""We like it all so far, but have a lot to try out yet.""",1,like far lot try yet
5,30-Jul-18,Charcoal Fabric ,"""Great sound quality, great features, great product. Multi room music is very cool.""",1,great sound quality great feature great product multi room music cool
4,30-Jul-18,White  Dot,Love Alexa. Love the Echo Dot but we have trouble with the speakers when using the intercom.,1,love alexa love echo dot trouble speaker using intercom
4,29-Jul-18,Charcoal Fabric ,Easy to set up.,1,easy set
5,30-Jul-18,White  Dot,Best purchase this year.,1,best purchase year
5,29-Jul-18,Sandstone Fabric ,"""This echo is just as great as my others, even though it is smaller.""",1,echo great others even though smaller
5,30-Jul-18,Black  Show,Wish I bought one for work too,1,wish bought one work
5,30-Jul-18,Configuration: Fire TV Stick,Plenty of options to choose from!,1,plenty option choose
5,30-Jul-18,Configuration: Fire TV Stick,Works like a charm...,1,work like charm
3,30-Jul-18,Black  Dot,"""I like the Echo, but not sure about the Dot.  I use it a lot for music and Audio books.The sound quality of this smaller Echo is nowhere near the quality of the full sized model.  I haven't decided if I'll keep it or not!""",2,like echo not_sure dot use lot music audio booksthe sound quality smaller echo nowhere_near quality full sized model not_decided keep
1,22-Jul-18,Black  Spot,"""Can’t be used as a baby monitor which is why I had purchased it.  I didn’t realize this until I read the reviews on the Alexa skill for syncing the Nest Cam.  Considering all of the poor reviews and the fact that it should be simple to fix, surprised Amazon hasn’t upgraded the software to allow more than 39 minutes of viewing or alerts like you get on the Nest app.""",0,not_be used baby monitor purchased not_realize read review alexa skill syncing nest cam considering poor review fact simple fix surprised amazon not_upgraded software allow minute viewing alert like get nest app
5,30-Jul-18,Configuration: Fire TV Stick,Good product,1,good product
5,29-Jul-18,Charcoal Fabric ,I use this product for enjoyment and I just love it,1,use product enjoyment love
5,30-Jul-18,Black  Dot,The ease in installing,1,ease installing
5,30-Jul-18,Heather Gray Fabric ,"""I love the sound quality of this unit, it is a very clear sound.""",1,love sound quality unit clear sound
5,29-Jul-18,Charcoal Fabric ,Nice product A+,1,nice product
5,28-Jul-18,Black  Spot,I bought two one for my office and one for my bedside table. They are fantastic the screen is just big enough when using the drop in feature to communicate with my mom. I can’t wait for prime day again to get one for my moms bedside table.,1,bought two one office one bedside table fantastic screen big enough using drop feature communicate mom not_wait prime day get one mom bedside table
4,30-Jul-18,Black  Plus,"""Same specs as regular echo, but easier to use than getting a separate hub for smart lights, etc.""",1,spec regular echo easier use getting separate hub smart light etc
5,30-Jul-18,Black  Dot,"""Very helpful for playing music, setting alarms, and talking to you when you are lonely.""",1,helpful playing music setting alarm talking lonely
2,30-Jul-18,White  Dot,Not all that happy. The speaker isn’t great and for some reason a lot of times when I play music it will start to make some weird noise and just stop. My son has a google home and it is much better,0,not_all happy speaker not_great reason lot time play music start make weird noise stop son google home much better
5,30-Jun-18,Black,"""Very fast service,  got what I ordered. Thank you""",1,fast service got ordered thank
5,24-Jul-18,White  Spot,very nice gadget. love it's look.,1,nice gadget love look
5,30-Jul-18,Black  Plus,"""Was surprised to learn this can be used as a Bluetooth speaker for phones and tablets... it probably lists it in the description, but I missed that part!  It not quite the surround-like quality of a Bluetooth speaker in the $100+ range, but its very good none the less.  And with even basic access to Amazon Music there is a lot to listen to.  There's a huge number of things Alexa can do, learning more every day.""",1,surprised learn used bluetooth speaker phone tablet probably list description missed part not_quite surroundlike quality bluetooth speaker range good none_the less even basic access amazon music lot listen huge number thing alexa learning every day
5,31-Jul-18,Configuration: Fire TV Stick,Great!!,1,great
5,30-Jul-18,Charcoal Fabric ,Upgraded from my lilttle echo dot. Happy with sound,1,upgraded lilttle echo dot happy sound
5,29-Jul-18,Charcoal Fabric ,"""I’m having trouble connecting my tv to it, but I’m not exactly tech smart. I’m sure one of my grandsons will figure it out for me. So far I’ve been using it mostly for music.""",1,trouble connecting tv not_exactly tech smart sure one grandson figure far using mostly music
5,30-Jul-18,Black  Show,LOVE MY ECHO SHOW.  Everything about this device is wonderful,1,love echo show everything device wonderful
5,18-Jul-18,Black  Spot,"""Thank God, and alarm clock with an lcd that gets dim enough for me to sleep. I'm a very light sensitive sleeper and wind up taping black tape over all my other stuff in my bed room. Not this guy. The Alexa features are nice and listening to music at night is great. We enjoy falling asleep to meditation podcasts though we have to use the skill anypod to get the podcasts we like. Video is kinda tiny and useless at this size but that's to be expected. Audio quality is much better than echo dot.""",1,thank god alarm clock lcd get dim enough sleep light sensitive sleeper wind taping black tape stuff bed room not_this guy alexa feature nice listening music night great enjoy falling asleep meditation podcasts though use skill anypod get podcasts like video kind tiny useless size expected audio quality much better echo dot
5,30-Jul-18,Black  Dot,"""Perfect for kids, adults and everyone in between!!""",1,perfect kid adult everyone
5,30-Jul-18,White  Dot,Love the dot,1,love dot
4,30-Jul-18,White  Dot,Love Alexa. Love the Echo Dot but we have trouble with the speakers when using the intercom.,1,love alexa love echo dot trouble speaker using intercom
5,30-Jul-18,White  Dot,"""I like that she has the ability to do multiple different things like create a to do list, set and alarm, play any song I can think of and much more. I wish the sound could be a tad louder.""",1,like ability multiple different thing like create list set alarm play song think much wish sound could tad louder
5,30-Jul-18,Black  Spot,"""Great deal, great product!""",1,great deal great product
5,29-Jul-18,Charcoal Fabric ,Love the product. Nice to have easy access to so much info!!!,1,love product nice easy access much info
4,30-Jul-18,White  Dot,Review,1,review
5,30-Jul-18,White  Show,"""I love this product.  I'm not very computer literate but everything is voice controlled.  I use this to keep in touch with my daughter, she lives out of town.  Now we just drop in on each other. It's like we are living net door to each other.""",1,love product not_very computer literate everything voice controlled use keep touch daughter life town drop like living net door
5,30-Jul-18,Charcoal Fabric ,Easy to set up and use. Too bad it has to be plugged in. Would be nice to take it outside and operate on battery and recharged.,1,easy set use bad plugged would nice take outside operate battery recharged
4,28-Jul-18,Black  Spot,"""Big step up from the Dot! Dropped one star due to consistent delay in bringing up Ring Pro video, though looks great once the feed is displayed.""",1,big step dot dropped one star due consistent delay bringing ring pro video though look great feed displayed
3,30-Jul-18,Sandstone Fabric ,like google better,2,like google better
5,30-Jul-18,Black  Dot,Set up was simple. It recognizes my voice well. It seams very intuitive. I am enjoying its ease of use.,1,set simple recognizes voice well seam intuitive enjoying ease use
4,30-Jul-18,Black  Spot,"""It's not perfect, but I really like this little gizmo. i bought it primarily for 2 purposes. First, so I could set wake-up alarms by individual days, and set the wake-up music individually by the day. Second, I wanted to control a bedroom light by voice, so I could shut it off as I was falling asleep, without having to get out of bed to turn a switch. The Echo Spot, together with a smart plug,has been able to accomplish that. A bonus has been getting Alexa to play music from my Amazon Prime playlists.What's not so great is that sometimes Alexa has a really hard time understanding instructions, and repeating and altering the way you say things can get pretty frustrating. Hopefully the AI gets better in the future, along with added functions.""",1,not_perfect really like little gizmo bought primarily purpose first could set wakeup alarm individual day set wakeup music individually day second wanted control bedroom light voice could shut falling asleep without get bed turn switch echo spot together smart plughas able accomplish bonus getting alexa play music amazon prime playlistswhat not_so great sometimes alexa really hard time understanding instruction repeating altering way say thing get pretty frustrating hopefully ai get better future along added function
5,30-Jul-18,Charcoal Fabric ,"""I like being able to tell Alexia the music I want to hear, but sometimes she has trouble finding the song if I am not very specific about the title.""",1,like able tell alexia music want hear sometimes trouble finding song not_very specific title
5,21-Jun-18,White,Love the echo dot,1,love echo dot
5,30-Jul-18,Configuration: Fire TV Stick,"""This was purchased for our toy hauler, but it came the day before we left for a trip by plane.  It was wonderful to plug into our hotel TV and watch our normal tv shows rather than whatever was showing at the time and sit through commercials.""",1,purchased toy hauler came day left trip plane wonderful plug hotel tv watch normal tv show rather whatever showing time sit commercial
5,17-Jul-18,Black  Plus,Great product and Prime Day price! Took a while to figure out how to connect to my wireless network and the other Echo devices in my home. This came with a Philips smart bulb. It's better than having a clapper! I found instructions online to 'wake to music & philips light'. Very easy to set it up with the instructions. You even have an option of what song you want to wake up to!,1,great product prime day price took figure connect wireless network echo device home came philip smart bulb better clapper found instruction online wake music philip light easy set instruction even option song want wake
5,30-Jul-18,Black  Dot,neat tool we enjoy it with the family,1,neat tool enjoy family
5,3-Jul-18,Black,Love it was worried about the refurbished part at first but this being my first echo. It is awesome have used it for everything my lights since I work nights and shopping as well as for my spotify. And planning on getting it for my parents to help them out for everyday things we take for granted when we are young... I would recommend this to everyone!!!!,1,love worried refurbished part first first echo awesome used everything light since work night shopping well spotify planning getting parent help everyday thing take granted young would recommend everyone
2,30-Jul-18,Black  Dot,"""For the price, the product is nice quality and has a few nice features. So definitely no complaints there. The reason why I only gave it 3 stars is because the echo dot is not what I thought it was going to be so that may just be buyer error. First, I didn’t know that the product has to be plugged in at all times to work. So I really don’t like that it’s not a stand alone device. Also, the speaker is not very loud so if you are buying it as a Bluetooth speaker, don’t. Lastly, I’m sure the echo dot can do a lot but I haven’t quite figured out how to use it fully but it just kind of seems like an unnecessary device to own, plus setting it up was awful. I would definitely save the money and buy the nicer one that is actually “Alexa”.""",0,price product nice quality nice feature definitely no_complaints reason gave star echo dot not_what thought going may buyer error first not_know product plugged time work really not_like not_a stand alone device also speaker not_very loud buying bluetooth speaker not_lastly sure echo dot lot not_quite figured use fully kind seems like unnecessary device plus setting awful would definitely save money buy nicer one actually alexa
5,30-Jul-18,Black  Dot,I love this its super convenient and makes my life a little easier,1,love super convenient make life little easier
5,30-Jul-18,Black  Dot,"""Love it, we are still learning the capabilities, having a lot of fun.""",1,love still learning capability lot fun
4,30-Jul-18,Black  Dot,Still learning it,1,still learning
5,30-Jul-18,Black  Dot,"""This was an impulse buy but turns out I really enjoy my new dot. My grands love requesting songs and playing games. I like listening to my audible selection, keeping up with my to do lists and discovering new Alexa skills. Fun and practical, my echo dot has been a surprisingly welcome addition to my home.""",1,impulse buy turn really enjoy new dot grand love requesting song playing game like listening audible selection keeping list discovering new alexa skill fun practical echo dot surprisingly welcome addition home
5,30-Jul-18,Black  Dot,Great product - understands my accent!,1,great product understands accent
5,30-Jul-18,Black  Show,"""Works great , seems to be a delay bringing up ring cameras but sound and video quality are good""",1,work great seems delay bringing ring camera sound video quality good
5,30-Jul-18,Charcoal Fabric ,"""Excelente, lo unico es que no esta en español.""",1,excelente lo unico e que no_esta en espaold
5,30-Jul-18,Black  Show,I love it.,1,love
5,28-Jul-18,Black  Plus,Wonderful product.  Love alexia,1,wonderful product love alexia
5,29-Jul-18,Charcoal Fabric ,We're thoroughly enjoying our Amazon Echo. Installation was easy using the Alexa app. I purchased 2 Kasa smart plugs to control our living room lights. Installation again was easy using the Kasa app. They sinqued right up with the Echo. We're enjoying playing music with the Echo and the sound quality is awesome. We've added a Kasa smart bulb for our kitchen. Setup was seamless. We're looking forward to adding more automation to our home.,1,thoroughly enjoying amazon echo installation easy using alexa app purchased kasa smart plug control living room light installation easy using kasa app sinqued right echo enjoying playing music echo sound quality awesome added kasa smart bulb kitchen setup seamless looking forward adding automation home
5,29-Jul-18,Black  Show,"""Works great, video call function nice when communicating through drop-in""",1,work great video call function nice communicating dropin
5,11-Jul-18,Black,Simple set up.  Music everywhere.,1,simple set music everywhere
5,30-Jul-18,Black  Dot,"""So far so good.  Not to tech savvy so, I'm still trying to figure out what I can do with it but, it was easy to set up and so far easy to use.  Lots of apps that it can use.  I will have to play with it some more but its fun to have.""",1,far good not_to tech savvy still trying figure easy set far easy use lot apps use play fun
5,30-Jul-18,Black  Spot,"""I am just entering the &#34;smart&#34; technology world. I haven't figured it all out yet, but so far it's pretty cool!""",1,entering smart technology world not_figured yet far pretty cool
5,29-Jul-18,Black  Spot,So far so good. Just got it and I am trying to figure out all the things it can do. The product itself is very well made.. And easy to set up.,1,far good got trying figure thing product well made easy set
5,30-Jul-18,White  Dot,I really like the echo dot. It’s amazing to be able to set an alarm or timer just by talking to the echo dot.,1,really like echo dot amazing able set alarm timer talking echo dot
5,28-Jul-18,Black  Plus,Ease of set up. I’ll have fun sitting up other features as well as making my house a smart home.,1,ease set fun sitting feature well making house smart home
5,23-May-18,Black,I love it!,1,love
5,30-Jul-18,White  Dot,Love this!!! My daughter enjoys telling Alexa what to do. Haha,1,love daughter enjoys telling alexa haha
5,28-Jul-18,Black  Plus,Fun,1,fun
5,29-Jul-18,Charcoal Fabric ,Very easy set up. Really enjoying it,1,easy set really enjoying
5,30-Jul-18,White  Dot,Love the dot,1,love dot
4,17-Jun-18,White,"""This used “dot” works fine, it compliments my Echo.""",1,used dot work fine compliment echo
5,29-Jul-18,Charcoal Fabric ,We love our Echo! We were totally amazed at the speaker quality. Only bummed we didn’t buy two since we got it on Prime day!,1,love echo totally amazed speaker quality bummed not_buy two since got prime day
1,30-Jul-18,Black  Spot,It is very slow compared to the echo,0,slow compared echo
1,31-May-18,White,"""Brought to replace one that I moved and doesn't have the same range as my previous (non refurbished) unit. It would seldom be able to find the Wi-Fi and couldn't connect. Got tired of hearing the message (&#34;trouble connecting...check the Alexa app...&#34;) and just unplugged it. I went through the troubleshooting and reconnected it several times, it's just not as strong.""",0,brought replace one moved not_have range previous non refurbished unit would seldom able find wifi could not_connect got tired hearing message trouble connectingcheck alexa app unplugged went troubleshooting reconnected several time not_as strong
5,30-Jul-18,Configuration: Fire TV Stick,I love my fire stick. It is so easy to use.,1,love fire stick easy use
4,18-May-18,Black,"""Not very loud but quality and ease of use is great. Sound is perfect for background music, would suggest 2-or more connected together if you’re trying to use for hosting a louder party""",1,not_very loud quality ease use great sound perfect background music would suggest connected together trying use hosting louder party
4,30-Jul-18,Black  Dot,"""The Alexa program is great, but the quality is not the best. It could definitely be louder.""",1,alexa program great quality not_the best could definitely louder
5,25-Jul-18,White  Plus,Love this product!!,1,love product
5,30-Jul-18,Configuration: Fire TV Stick,Perfect for streaming our shows. Ditched cable and we are in love!,1,perfect streaming show ditched cable love
5,28-Jul-18,Black  Plus,"""It is a great bundle of fun. Music ,games, questions etc. I luv it turns off my smart lights. I purchase 4 more smart light for my lamps in the living room and my room!""",1,great bundle fun music game question etc love turn smart light purchase smart light lamp living room room
5,26-Jul-18,Black  Plus,"""Works great! Exactly as described. Only complaint I have is sometimes Alexa gets confused with smart home product names and i had to go back and change some stuff around, but i chalk that up to my inexperience with smart home stuff.""",1,work great exactly described complaint sometimes alexa get confused smart home product name go back change stuff around chalk inexperience smart home stuff
5,21-Jul-18,Black  Plus,very nice and its does not take up space,1,nice not_take space
5,19-Jul-18,Black  Spot,In one word: Amazing! Best tech purchase I have ever made as it controls all devices in my house and even my pool!,1,one word amazing best tech purchase ever made control device house even pool
5,30-Jul-18,Black  Dot,I like the compact structure of the Dot. The sound is a little too low.,1,like compact structure dot sound little low
5,30-Jul-18,Black  Dot,Its was easy to set up,1,easy set
5,16-May-18,White,It works just as well as the new version I got as a discount with my Echo speaker. I decided to purchase this version because Amazon states it has the same warranty.,1,work well new version got discount echo speaker decided purchase version amazon state warranty
5,30-Jul-18,Configuration: Fire TV Stick,Best streaming device on the market. I now own 3.,1,best streaming device market
3,30-Jul-18,Black  Dot,It works OK. This speaker quality is not much better than my iPhone X. I would spend the extra money to get the full-size echo which has great sound quality.,2,work ok speaker quality not_much better iphone x would spend extra money get fullsize echo great sound quality
4,5-Jul-18,White,"""Very puny sound, but works great.""",1,puny sound work great
5,24-Jul-18,Black,Almost like having Star Trek in your home!  Fun to try and outsmart !,1,almost like star trek home fun try outsmart
5,28-Jul-18,Charcoal Fabric ,Works great.,1,work great
1,30-Jul-18,Sandstone Fabric ,"""Stopped working after 2 weeks ,didn't follow commands!? Really fun when it was working?""",0,stopped working week not_follow command really fun working
5,10-Jul-18,Black  Plus,Personal,1,personal
5,29-Jul-18,Black  Plus,Its work perfect an I must introduce the rest of the device to complete the functions.,1,work perfect must introduce rest device complete function
5,30-Jul-18,Configuration: Fire TV Stick,Good shape,1,good shape
5,29-Jul-18,Heather Gray Fabric ,Cool,1,cool
4,29-Jul-18,Black  Show,Fairly easy to use,1,fairly easy use
4,27-Jul-18,Black  Spot,"""A great replacement for the bedside alarm clock, which had a funny habit of going off at 12am every time the cleaning ladies came through. We mostly use it to turn the ceiling fan lights on and off, while leaving the fan running. Only gripe would be the mic sensitivity, which doesn't appear be as good as the View or Gen2. It can get a little frustrating having to repeat yourself.""",1,great replacement bedside alarm clock funny habit going every time cleaning lady came mostly use turn ceiling fan light leaving fan running gripe would mic sensitivity not_appear good view gen get little frustrating repeat
5,30-Jul-18,Black,This one's going in the kitchen for timer/music duty.,1,one going kitchen timermusic duty
5,5-Jul-18,Black,Works good,1,work good
5,29-Jul-18,Heather Gray Fabric ,bought for my wife she loves it,1,bought wife love
2,23-Jul-18,White  Spot,"""All is fine with the Spot exact for one massive failing.  In order to turn off a repeating alarm in the morning you pretty much have to talk - which is not a thing you usually want to do when first woken up and your bed partner will definitely not like.  YES, you can manually swipe up on the alarm face to dismiss but i) swiping up rather than touching screen when you are half asleep is very difficult and results in setting snooze more than half the time even if you really try to swipe to dismiss and ii) if you do manage to swipe up to dismiss, then you completely delete your recurring alarm.This is especially annoying as Amazon could so easily fix this by simply making touching the screen turn off the alarm but NOT delete it or at least make it a setting to decide whether touching the screen for a recurring alarm snoozes or turns it off.  But as the clock has been out for a year now and they still haven't adding this setting, clearly not going to happen.  This may be the biggest product design screw up Amazon has ever made.""",0,fine spot exact one massive failing order turn repeating alarm morning pretty much talk not_a thing usually want first woken bed partner definitely not_like yes manually swipe alarm face dismiss swiping rather touching screen half asleep difficult result setting snooze half time even really try swipe dismiss ii manage swipe dismiss completely delete recurring alarmthis especially annoying amazon could easily fix simply making touching screen turn alarm not_delete least make setting decide whether touching screen recurring alarm snooze turn clock year still not_adding setting clearly not_going happen may biggest product design screw amazon ever made
1,30-Jul-18,White  Dot,NOT CONNECTED TO MY PHONE PLAYLIST :(,0,not_connected phone playlist
4,20-Jul-18,Black  Plus,Easy to Install. Very clear speaker. I took one star off because it was delivered late by OnTrac-like usual.,1,easy install clear speaker took one star delivered late ontraclike usual
5,30-Jul-18,Sandstone Fabric ,Amazing product,1,amazing product
5,30-Jul-18,Configuration: Fire TV Stick,Works great,1,work great
4,30-Jul-18,Black  Dot,Small convenient and dependable. This dot is a cutie and Alexa does the job you ask.My only issue is the fidelity which is to be expected in a such a small speaker,1,small convenient dependable dot cutie alexa job askmy issue fidelity expected small speaker
5,28-Jul-18,Charcoal Fabric ,Great sound for the size and the prize!! And of course....Alexa!,1,great sound size prize coursealexa
5,29-Jul-18,Heather Gray Fabric ,Sure did !! Love it !!,1,sure love
5,30-Jul-18,White  Dot,"""Love it , Now if I can only find the correct smart (links)Plug to connect this too""",1,love find correct smart linksplug connect
1,29-Jul-18,White  Spot,After only a couple of days Alexa did not answer. I have disconnected and will see if it does any better after reconnecting.,0,couple day alexa not_answer disconnected see better reconnecting
5,30-Jul-18,White  Dot,Easy set up,1,easy set
5,22-Jul-18,Black  Spot,"""This is my first Alexa device and it is so fun to discover all of the ways to use it. The biggest con with me is the """"drop-in"""" feature, it's pretty creepy""",1,first alexa device fun discover way use biggest con dropin feature pretty creepy
4,28-Jul-18,Charcoal Fabric ,"""So far I like it.  I bought it just for some music though, and it sounds pretty good.""",1,far like bought music though sound pretty good
5,30-Jul-18,Configuration: Fire TV Stick,"""It is very easy to use,I can now watch my favorite movies""",1,easy usei watch favorite movie
5,28-Jul-18,Black  Plus,"""Easy setup with great sound, I would rate this unit a 10 +++++, and a must have for the office and home. l am looking add other devices (locks, and lights) for my home.""",1,easy setup great sound would rate unit must office home l looking add device lock light home
4,27-Jul-18,White  Spot,Works well and was easy to set up.,1,work well easy set
5,30-Jul-18,Charcoal Fabric ,Everyone should have an Echo or two or three or more. I bought my Echo through QVC.,1,everyone echo two three bought echo qvc
5,30-Jul-18,Configuration: Fire TV Stick,I love it,1,love
3,30-Jul-18,Black  Dot,its okay but keeps dropping wifi!,2,okay keep dropping wifi
4,30-Jul-18,Black  Spot,The ease to use product,1,ease use product
5,28-Jul-18,Black  Plus,Hands free voice commands and interactions with smart devices around the house makes having an Echo Plus one of the best purchases I’ve made!,1,hand free voice command interaction smart device around house make echo plus one best purchase made
5,28-Jul-18,Black  Spot,no problem,1,no_problem
5,19-May-18,Black,I bought this for a family member as a gift. I called her to see how she likes it & she said she loves it‼️,1,bought family member gift called see like said love
5,30-Jul-18,Configuration: Fire TV Stick,Works wonderfully.,1,work wonderfully
5,28-Jul-18,Black  Plus,"""I purchased the Echo Plus with the Build-in Hub, so I could have the convenience of asking Alexa to turn my lights and lamps on and off.  Philips Hue Light Bulbs were placed in the fixtures that I wanted Alexa to control and they all work great!  I already had an Echo Dot in my Kitchen/Den area, so I placed the Echo Plus with Hub in my bedroom. My radio and lamps in my Kitchen and Den are controlled with TP-Link plugs.  But, the ceiling light fixtures and lamp in my Den and Bedroom have special Philips Hue Light Bulbs that are controlled by the Hub inside the Echo Plus.  I am able to play music, set my alarm, get weather reports and numerous other things on both devices.  The Echo Dot requires a TP-Link plug to be plugged into it and the Echo Plus requires a special Philips Light Bulbs installed in each light fixture to work..  The only thing I dislike is the high price of the light bulbs required to make the lights work. Regular light bulbs placed in the ceiling light fixtures will not work with Alexa and  the Echo Plus with Hub.  Other than the high price of the bulbs, I love my Echo Plus with built in hub!""",1,purchased echo plus buildin hub could convenience asking alexa turn light lamp philip hue light bulb placed fixture wanted alexa control work great already echo dot kitchenden area placed echo plus hub bedroom radio lamp kitchen den controlled tplink plug ceiling light fixture lamp den bedroom special philip hue light bulb controlled hub inside echo plus able play music set alarm get weather report numerous thing device echo dot requires tplink plug plugged echo plus requires special philip light bulb installed light fixture work thing dislike high price light bulb required make light work regular light bulb placed ceiling light fixture not_work alexa echo plus hub high price bulb love echo plus built hub
5,30-Jul-18,Charcoal Fabric ,Cool,1,cool
5,30-Jul-18,Black  Dot,Love my echo dot easy to use and set up,1,love echo dot easy use set
5,30-Jul-18,Black  Dot,"""Just like it's big sister, the Echo, only smaller, with slightly less audio fidelity, but much lower price (on amazon prime day:-)Used in another room to add Alexa to an additional room.""",1,like big sister echo smaller slightly less audio fidelity much lower price amazon prime dayused another room add alexa additional room
5,29-Jul-18,Heather Gray Fabric ,Love it--- have one inside house and one by our pool now . Just as good as Bose speakers around house -,1,love one inside house one pool good bose speaker around house
5,3-Jul-18,Black  Plus,Easy set up,1,easy set
5,30-Jul-18,White  Show,Upgraded from echo to echo show.,1,upgraded echo echo show
4,30-Jul-18,Configuration: Fire TV Stick,Easy to setup.  Sometimes Alexis does not work the greatest. The connection fire stick and WiFi is way bettter than Netflix .,1,easy setup sometimes alexis not_work greatest connection fire stick wifi way bettter netflix
5,28-Jul-18,Black  Plus,Easily configured hub capabilities.  Excellent sound quality for the size of the unit.,1,easily configured hub capability excellent sound quality size unit
5,29-Jul-18,Black  Show,Absolutely LOVE my Echo Show!  It is awesome and works great with my Ring Video Spotlight Cams!  Music on demand and so many more features that I have yet to explore!!!,1,absolutely love echo show awesome work great ring video spotlight cam music demand many feature yet explore
5,30-Jul-18,Black  Dot,It does everything  the big guy does,1,everything big guy
5,30-Jul-18,Black  Dot,Son loves it.,1,son love
5,30-Jul-18,White  Spot,"""We like that we are able to get weather and other information quickly.  You can even hear music played. The speaker is clear.  We are enjoying it.  What we did not like because it was creepy was that the day before my husband played a particular song on our stereo for me.  The next day, I asked the Echo to play music from the same artist not specifying any particular song.  The Echo played the exact song by that same artist that my husband played on our stereo the day before.  It was a little disconcerting.""",1,like able get weather information quickly even hear music played speaker clear enjoying not_like creepy day husband played particular song stereo next day asked echo play music artist not_specifying particular song echo played exact song artist husband played stereo day little disconcerting
5,30-Jul-18,Charcoal Fabric ,Still learning all the ways to use it.  It is a real hit with my grandkids who ask it to play music and then dance to it.  (5 and 7 yrs).  Very cute.,1,still learning way use real hit grandkids ask play music dance yr cute
5,6-Jul-18,Black  Plus,I like that it’s voice activated but it don’t link with any other Bluetooth devices only Alexa devices,1,like voice activated not_link bluetooth device alexa device
5,22-May-18,White,Bought this to go in my niece's room. You can't tell it's refurbished. It looks good and works like new.,1,bought go niece room not_tell refurbished look good work like new
5,19-Jul-18,Black  Spot,https://www.amazon.com/dp/B073SQYXTW/ref=cm_cr_ryp_prd_ttl_sol_18,1,no_review
1,30-Jul-18,Black  Show,I have been through 4 Shows now.  And ALL OF THEM HAVE BEEN BROKEN.  It has been anything from screens that lose lines of resolution to timers and reminders going off an hour late or reminders that trigger when trying to set other reminders.  I don't have these issues on my Dot or my Echo.  Just on the Show.  It would be nice if Amazon could get there act together and actually fix this thing.,0,show broken anything screen lose line resolution timer reminder going hour late reminder trigger trying set reminder not_have issue dot echo show would nice amazon could get act together actually fix thing
4,30-Jul-18,White  Dot,It's alright....,1,alright
4,28-Jul-18,White  Spot,I really like it works well trivia games and shopping on it is fun.Sometimes it misunderstands what I say but other then that the speaker is decent video chat is good but you do need to be in a well lit room so the other end can see you lol.,1,really like work well trivia game shopping funsometimes misunderstands say speaker decent video chat good need well lit room end see lol
4,30-Jul-18,Charcoal Fabric ,So far so good,1,far good
5,30-Jul-18,White  Dot,I love all of the things that it can do. I can play with it and learn from it.,1,love thing play learn
5,28-Jul-18,Black  Show,The ease of set up and overall functionality makes this Echo show worth every penny.  I especially like setting my background screen and being able to set affirmations that I use as personalized reminders.,1,ease set overall functionality make echo show worth every penny especially like setting background screen able set affirmation use personalized reminder
5,27-Jul-18,White  Plus,Love it!,1,love
5,19-Jul-18,Black  Spot, ,1,no_review
5,29-Jul-18,Charcoal Fabric ,Works as advertised,1,work advertised
5,30-Jul-18,Charcoal Fabric ,BEST father's day gift. Dad joked to my mom that Alexa will be the one listening to all of his (repeated) stories going forward.,1,best father day gift dad joked mom alexa one listening repeated story going forward
5,30-Jul-18,Oak Finish ,"""Love Alexa, bought others for friends""",1,love alexa bought others friend
4,30-Jul-18,Black  Dot,My son loves his Echo Dot.,1,son love echo dot
